nohup: ignoring input
[2026-10-09 17:55:03] stage 0: preflight
...........                                                              [100%]
=============================== warnings summary ===============================
tests/test_kernels.py: 18 warnings
  /opt/anaconda3/lib/python3.13/site-packages/torch/jit/_script.py:1488: DeprecationWarning: `torch.jit.script` is deprecated. Please switch to `torch.compile` or `torch.export`.
    warnings.warn(

-- Docs: https://docs.pytest.org/en/stable/how-to/capture-warnings.html
11 passed, 18 warnings in 0.77s
[2026-10-09 17:55:10] stage 1: physical sensitivity-kernel labels -> data/kernels
[2026-10-09 17:55:11] stage 2: Sobolev fine-tuning on cuda -> runs/kernel-wide-exact
{"epoch": -1, "score": 2.0}
{"epoch": 0, "value_loss": 46609.46502592126, "kernel_loss": 4646.71928748306, "seconds": 31.222445487976074, "score": 1.8466102029431783, "samples_all_within_1pct": 0.0, "kernel_rows_within_5pct": 0.15338979705682163, "kernel_median": 0.0950688049197197}
{"epoch": 1, "value_loss": 1027.6186803700973, "kernel_loss": 830.2871476776746, "seconds": 30.731096982955933, "score": 1.635361414543464, "samples_all_within_1pct": 0.0, "kernel_rows_within_5pct": 0.364638585456536, "kernel_median": 0.06293998658657074}
{"epoch": 2, "value_loss": 929.9080184625119, "kernel_loss": 615.6716827081174, "seconds": 30.595486879348755, "score": 1.4661569573999147, "samples_all_within_1pct": 0.0, "kernel_rows_within_5pct": 0.5338430426000853, "kernel_median": 0.04684257134795189}
{"epoch": 3, "value_loss": 875.9555735685387, "kernel_loss": 488.90622135084504, "seconds": 30.914860248565674, "score": 1.6994755110024062, "samples_all_within_1pct": 0.0, "kernel_rows_within_5pct": 0.3005244889975938, "kernel_median": 0.06638045608997345}
{"epoch": 4, "value_loss": 828.747914995466, "kernel_loss": 485.40714575319873, "seconds": 31.086769580841064, "score": 1.8963922767517478, "samples_all_within_1pct": 0.0, "kernel_rows_within_5pct": 0.10360772324825207, "kernel_median": 0.13334809243679047}
{"epoch": 5, "value_loss": 753.9204769523776, "kernel_loss": 481.6886342885543, "seconds": 30.830954790115356, "score": 1.4371581230006376, "samples_all_within_1pct": 0.0, "kernel_rows_within_5pct": 0.5628418769993624, "kernel_median": 0.04480405151844025}
{"epoch": 6, "value_loss": 615.7056363164162, "kernel_loss": 417.60072856046713, "seconds": 31.240131616592407, "score": 1.673336730186093, "samples_all_within_1pct": 0.0001, "kernel_rows_within_5pct": 0.326563269813907, "kernel_median": 0.07283412665128708}
{"epoch": 7, "value_loss": 649.1229889538823, "kernel_loss": 438.14479438626034, "seconds": 30.915247678756714, "score": 1.7050959161368973, "samples_all_within_1pct": 0.0, "kernel_rows_within_5pct": 0.2949040838631028, "kernel_median": 0.0739113837480545}
{"epoch": 8, "value_loss": 641.2608387226961, "kernel_loss": 401.0243278036312, "seconds": 30.845094442367554, "score": 1.4392865295528132, "samples_all_within_1pct": 0.0, "kernel_rows_within_5pct": 0.5607134704471868, "kernel_median": 0.04522969573736191}
{"epoch": 9, "value_loss": 523.7024197481117, "kernel_loss": 379.0483983876754, "seconds": 30.84143352508545, "score": 1.3437609451286305, "samples_all_within_1pct": 0.0, "kernel_rows_within_5pct": 0.6562390548713694, "kernel_median": 0.036606673151254654}
{"epoch": 10, "value_loss": 480.68052167308576, "kernel_loss": 363.5895222255162, "seconds": 30.87648057937622, "score": 1.4706013192319525, "samples_all_within_1pct": 0.0, "kernel_rows_within_5pct": 0.5293986807680475, "kernel_median": 0.04709775000810623}
{"epoch": 11, "value_loss": 399.48131569064395, "kernel_loss": 330.92463271471917, "seconds": 30.821261882781982, "score": 1.4763693824404684, "samples_all_within_1pct": 0.0, "kernel_rows_within_5pct": 0.5236306175595316, "kernel_median": 0.047895632684230804}
{"epoch": 12, "value_loss": 295.7375142622967, "kernel_loss": 325.0783235199597, "seconds": 30.903997659683228, "score": 1.4131048876911017, "samples_all_within_1pct": 0.0026, "kernel_rows_within_5pct": 0.5842951123088982, "kernel_median": 0.04507865756750107}
{"epoch": 13, "value_loss": 258.56740597316195, "kernel_loss": 302.2461919200664, "seconds": 30.853930711746216, "score": 1.2844569894586337, "samples_all_within_1pct": 0.0002, "kernel_rows_within_5pct": 0.7153430105413663, "kernel_median": 0.034624140709638596}
{"epoch": 14, "value_loss": 235.46579176065873, "kernel_loss": 276.55928825845524, "seconds": 31.01628589630127, "score": 1.4393284146973877, "samples_all_within_1pct": 0.0118, "kernel_rows_within_5pct": 0.5488715853026124, "kernel_median": 0.046674881130456924}
{"epoch": 15, "value_loss": 200.69695118495397, "kernel_loss": 276.1390395651058, "seconds": 30.77461862564087, "score": 1.4298232179894734, "samples_all_within_1pct": 0.002, "kernel_rows_within_5pct": 0.5681767820105266, "kernel_median": 0.04575767368078232}
{"epoch": 16, "value_loss": 154.91432709596594, "kernel_loss": 259.1525249870456, "seconds": 30.823370695114136, "score": 1.2755343520139246, "samples_all_within_1pct": 0.0, "kernel_rows_within_5pct": 0.7244656479860755, "kernel_median": 0.03340836986899376}
{"epoch": 17, "value_loss": 147.0380253499868, "kernel_loss": 254.98795194041972, "seconds": 30.800705194473267, "score": 1.1555113869854967, "samples_all_within_1pct": 0.0274, "kernel_rows_within_5pct": 0.8170886130145033, "kernel_median": 0.024940229952335358}
{"epoch": 18, "value_loss": 132.2614381945863, "kernel_loss": 243.90033239247848, "seconds": 30.977386474609375, "score": 1.1486423861377681, "samples_all_within_1pct": 0.034, "kernel_rows_within_5pct": 0.8173576138622319, "kernel_median": 0.02272634394466877}
{"epoch": 19, "value_loss": 125.05265673812555, "kernel_loss": 245.0571278163365, "seconds": 31.07766890525818, "score": 1.1073235916667379, "samples_all_within_1pct": 0.0617, "kernel_rows_within_5pct": 0.830976408333262, "kernel_median": 0.021943986415863037}
{"epoch": 20, "value_loss": 135.18618947632459, "kernel_loss": 235.9246672026965, "seconds": 31.060495615005493, "score": 1.2814949763882835, "samples_all_within_1pct": 0.0, "kernel_rows_within_5pct": 0.7185050236117165, "kernel_median": 0.031748220324516296}
{"epoch": 21, "value_loss": 128.82360789240624, "kernel_loss": 219.97082200342294, "seconds": 30.990065574645996, "score": 1.1283401308538752, "samples_all_within_1pct": 0.0408, "kernel_rows_within_5pct": 0.8308598691461249, "kernel_median": 0.023239243775606155}
{"epoch": 22, "value_loss": 100.69602248133445, "kernel_loss": 237.3109443041743, "seconds": 30.91745924949646, "score": 1.175794295594756, "samples_all_within_1pct": 0.003, "kernel_rows_within_5pct": 0.8212057044052439, "kernel_median": 0.021211296319961548}
{"epoch": 23, "value_loss": 94.46123202966184, "kernel_loss": 220.1763031628667, "seconds": 30.90330719947815, "score": 1.147665105013712, "samples_all_within_1pct": 0.015, "kernel_rows_within_5pct": 0.8373348949862879, "kernel_median": 0.021225742995738983}
{"epoch": 24, "value_loss": 95.7346749013784, "kernel_loss": 225.2119589046556, "seconds": 30.676287412643433, "score": 1.0479111994158838, "samples_all_within_1pct": 0.0979, "kernel_rows_within_5pct": 0.8541888005841162, "kernel_median": 0.01870179921388626}
{"epoch": 25, "value_loss": 101.43345141897396, "kernel_loss": 217.79650590857682, "seconds": 30.70107913017273, "score": 1.0433653133014027, "samples_all_within_1pct": 0.1036, "kernel_rows_within_5pct": 0.8530346866985973, "kernel_median": 0.018421098589897156}
{"epoch": 26, "value_loss": 106.7720744561176, "kernel_loss": 207.13190467990174, "seconds": 30.87506651878357, "score": 1.1636562803448307, "samples_all_within_1pct": 0.1187, "kernel_rows_within_5pct": 0.7176437196551693, "kernel_median": 0.036945272237062454}
{"epoch": 27, "value_loss": 86.67771447434717, "kernel_loss": 205.94330005256498, "seconds": 30.877068758010864, "score": 0.8963571888910169, "samples_all_within_1pct": 0.2742, "kernel_rows_within_5pct": 0.8294428111089831, "kernel_median": 0.027292266488075256}
{"epoch": 28, "value_loss": 96.56562950173203, "kernel_loss": 198.43677590817822, "seconds": 30.767961025238037, "score": 0.8598436337753955, "samples_all_within_1pct": 0.3186, "kernel_rows_within_5pct": 0.8215563662246045, "kernel_median": 0.026219066232442856}
{"epoch": 29, "value_loss": 64.70678414130697, "kernel_loss": 202.14518574305944, "seconds": 30.75682234764099, "score": 1.0929414736025165, "samples_all_within_1pct": 0.0534, "kernel_rows_within_5pct": 0.8536585263974834, "kernel_median": 0.02044823206961155}
{"epoch": 30, "value_loss": 99.972231203196, "kernel_loss": 200.75270594382772, "seconds": 30.937229871749878, "score": 0.6895103011243109, "samples_all_within_1pct": 0.4462, "kernel_rows_within_5pct": 0.8642896988756892, "kernel_median": 0.020766738802194595}
{"epoch": 31, "value_loss": 72.5893537852229, "kernel_loss": 192.02543274237186, "seconds": 31.125332832336426, "score": 1.1179978597515627, "samples_all_within_1pct": 0.0713, "kernel_rows_within_5pct": 0.8107021402484373, "kernel_median": 0.028938034549355507}
{"epoch": 32, "value_loss": 84.28175782184212, "kernel_loss": 190.33003048020967, "seconds": 30.849658727645874, "score": 0.8609575136134687, "samples_all_within_1pct": 0.2764, "kernel_rows_within_5pct": 0.8626424863865313, "kernel_median": 0.02445429190993309}
{"epoch": 33, "value_loss": 68.99771213531494, "kernel_loss": 197.9490860919563, "seconds": 31.017436742782593, "score": 0.9242924169747053, "samples_all_within_1pct": 0.2095, "kernel_rows_within_5pct": 0.8662075830252947, "kernel_median": 0.016512209549546242}
{"epoch": 34, "value_loss": 79.4735402768972, "kernel_loss": 193.13271277291435, "seconds": 30.960586309432983, "score": 1.151504935518116, "samples_all_within_1pct": 0.0032, "kernel_rows_within_5pct": 0.8452950644818841, "kernel_median": 0.023025784641504288}
{"epoch": 35, "value_loss": 60.60637154871104, "kernel_loss": 190.2505837265326, "seconds": 30.978107213974, "score": 0.8348150620633827, "samples_all_within_1pct": 0.2987, "kernel_rows_within_5pct": 0.8664849379366173, "kernel_median": 0.01827342063188553}
{"epoch": 36, "value_loss": 70.02036097584939, "kernel_loss": 189.85958118827975, "seconds": 30.81103253364563, "score": 0.7964200865313907, "samples_all_within_1pct": 0.3387, "kernel_rows_within_5pct": 0.8648799134686093, "kernel_median": 0.01863507740199566}
{"epoch": 37, "value_loss": 93.5962532199159, "kernel_loss": 182.14421762738908, "seconds": 30.833593130111694, "score": 1.1648052449944015, "samples_all_within_1pct": 0.0137, "kernel_rows_within_5pct": 0.8214947550055983, "kernel_median": 0.024801108986139297}
{"epoch": 38, "value_loss": 79.92264693123954, "kernel_loss": 183.18667906157825, "seconds": 30.880763292312622, "score": 0.9351173425347775, "samples_all_within_1pct": 0.2465, "kernel_rows_within_5pct": 0.8183826574652225, "kernel_median": 0.029294293373823166}
{"epoch": 39, "value_loss": 52.11317583006255, "kernel_loss": 189.92682935753646, "seconds": 30.77654004096985, "score": 1.0052596393049502, "samples_all_within_1pct": 0.1301, "kernel_rows_within_5pct": 0.8646403606950498, "kernel_median": 0.02067178674042225}
{"epoch": 40, "value_loss": 72.869858761223, "kernel_loss": 186.87814377765267, "seconds": 30.804746866226196, "score": 0.9835246654145318, "samples_all_within_1pct": 0.1547, "kernel_rows_within_5pct": 0.8617753345854682, "kernel_median": 0.01785591058433056}
{"epoch": 41, "value_loss": 58.68257652983374, "kernel_loss": 174.38342869038485, "seconds": 30.953577518463135, "score": 1.099506679032073, "samples_all_within_1pct": 0.0423, "kernel_rows_within_5pct": 0.8581933209679269, "kernel_median": 0.01673673652112484}
{"epoch": 42, "value_loss": 69.46717316763741, "kernel_loss": 175.5248926902304, "seconds": 30.667778253555298, "score": 1.0181215884458288, "samples_all_within_1pct": 0.1553, "kernel_rows_within_5pct": 0.8265784115541712, "kernel_median": 0.023073170334100723}
{"epoch": 43, "value_loss": 78.47347239085606, "kernel_loss": 176.0981834567323, "seconds": 30.75704574584961, "score": 0.8144927318811326, "samples_all_within_1pct": 0.3091, "kernel_rows_within_5pct": 0.8764072681188675, "kernel_median": 0.020648565143346786}
{"epoch": 44, "value_loss": 67.64694491211249, "kernel_loss": 177.90246597601444, "seconds": 30.986631631851196, "score": 1.1175286051909228, "samples_all_within_1pct": 0.0447, "kernel_rows_within_5pct": 0.8377713948090773, "kernel_median": 0.01949622854590416}
{"epoch": 45, "value_loss": 68.45657047933462, "kernel_loss": 174.41388445484395, "seconds": 30.974255323410034, "score": 1.2291260017305443, "samples_all_within_1pct": 0.0035, "kernel_rows_within_5pct": 0.7673739982694557, "kernel_median": 0.031626392155885696}
{"epoch": 46, "value_loss": 41.40614217641402, "kernel_loss": 178.7129575379041, "seconds": 30.898324489593506, "score": 0.5936006999452181, "samples_all_within_1pct": 0.5238, "kernel_rows_within_5pct": 0.8825993000547818, "kernel_median": 0.018755994737148285}
{"epoch": 47, "value_loss": 41.4065194421885, "kernel_loss": 173.8725368733309, "seconds": 30.620794773101807, "score": 1.0063633007865977, "samples_all_within_1pct": 0.1455, "kernel_rows_within_5pct": 0.8481366992134023, "kernel_median": 0.02158353663980961}
{"epoch": 48, "value_loss": 71.84677504520027, "kernel_loss": 168.93251450207768, "seconds": 30.50580382347107, "score": 1.0956172059040674, "samples_all_within_1pct": 0.1338, "kernel_rows_within_5pct": 0.7705827940959327, "kernel_median": 0.035111088305711746}
{"epoch": 49, "value_loss": 57.355098461618226, "kernel_loss": 171.9564321089764, "seconds": 30.690866231918335, "score": 0.8634070710256221, "samples_all_within_1pct": 0.2663, "kernel_rows_within_5pct": 0.8702929289743779, "kernel_median": 0.019715987145900726}
{"epoch": 50, "value_loss": 72.12804885786407, "kernel_loss": 159.8228293438347, "seconds": 30.5697603225708, "score": 0.900167950240691, "samples_all_within_1pct": 0.2937, "kernel_rows_within_5pct": 0.806132049759309, "kernel_median": 0.026922279968857765}
{"epoch": 51, "value_loss": 58.05352477638089, "kernel_loss": 168.363282378839, "seconds": 30.758752822875977, "score": 1.1611373064285146, "samples_all_within_1pct": 0.0004, "kernel_rows_within_5pct": 0.8384626935714854, "kernel_median": 0.01765325851738453}
{"epoch": 52, "value_loss": 45.55381154040901, "kernel_loss": 178.08889852251326, "seconds": 30.69089937210083, "score": 0.9583722738027635, "samples_all_within_1pct": 0.2411, "kernel_rows_within_5pct": 0.8005277261972366, "kernel_median": 0.029543081298470497}
{"epoch": 53, "value_loss": 43.85647804883062, "kernel_loss": 165.73427235350317, "seconds": 30.55475878715515, "score": 0.9358695340667227, "samples_all_within_1pct": 0.2065, "kernel_rows_within_5pct": 0.8576304659332773, "kernel_median": 0.01741059683263302}
{"epoch": 54, "value_loss": 57.456976987877674, "kernel_loss": 164.05543887858488, "seconds": 30.591290950775146, "score": 1.0255691119776595, "samples_all_within_1pct": 0.1058, "kernel_rows_within_5pct": 0.8686308880223405, "kernel_median": 0.020038971677422523}
{"epoch": 55, "value_loss": 66.93938048031865, "kernel_loss": 154.7468441943733, "seconds": 30.896880626678467, "score": 1.1153096151512638, "samples_all_within_1pct": 0.1809, "kernel_rows_within_5pct": 0.7037903848487361, "kernel_median": 0.03351018577814102}
{"epoch": 56, "value_loss": 44.119906620103485, "kernel_loss": 161.6118108788315, "seconds": 30.571340084075928, "score": 0.5172132053309787, "samples_all_within_1pct": 0.5881, "kernel_rows_within_5pct": 0.8946867946690213, "kernel_median": 0.017390338703989983}
{"epoch": 57, "value_loss": 69.27274504972964, "kernel_loss": 158.30633883573572, "seconds": 30.548120260238647, "score": 0.6471189230609539, "samples_all_within_1pct": 0.4652, "kernel_rows_within_5pct": 0.8876810769390461, "kernel_median": 0.01750713214278221}
{"epoch": 58, "value_loss": 42.21555960908228, "kernel_loss": 159.29668994825713, "seconds": 30.808106899261475, "score": 0.6776908888285076, "samples_all_within_1pct": 0.4282, "kernel_rows_within_5pct": 0.8941091111714924, "kernel_median": 0.018043290823698044}
{"epoch": 59, "value_loss": 30.39485502243042, "kernel_loss": 159.16729853104573, "seconds": 30.752933025360107, "score": 0.6102348996645635, "samples_all_within_1pct": 0.5055, "kernel_rows_within_5pct": 0.8842651003354366, "kernel_median": 0.015156528912484646}
{"epoch": 60, "value_loss": 46.62892721137222, "kernel_loss": 162.34384151380888, "seconds": 30.7906174659729, "score": 0.546784562045526, "samples_all_within_1pct": 0.5579, "kernel_rows_within_5pct": 0.8953154379544741, "kernel_median": 0.015452686697244644}
{"epoch": 61, "value_loss": 48.87063421521868, "kernel_loss": 151.95476037628796, "seconds": 30.67974090576172, "score": 0.5799924913258714, "samples_all_within_1pct": 0.5498, "kernel_rows_within_5pct": 0.8702075086741287, "kernel_median": 0.021725770086050034}
{"epoch": 62, "value_loss": 40.14204334726139, "kernel_loss": 158.7021770477295, "seconds": 30.7407386302948, "score": 0.4021197070480519, "samples_all_within_1pct": 0.686, "kernel_rows_within_5pct": 0.9118802929519481, "kernel_median": 0.015166401863098145}
{"epoch": 63, "value_loss": 66.49102856188404, "kernel_loss": 140.35678011057328, "seconds": 30.770768642425537, "score": 0.560938322199107, "samples_all_within_1pct": 0.5482, "kernel_rows_within_5pct": 0.890861677800893, "kernel_median": 0.015206948854029179}
{"epoch": 64, "value_loss": 45.9551985750393, "kernel_loss": 145.5631607600621, "seconds": 30.6290180683136, "score": 0.7459515219746333, "samples_all_within_1pct": 0.3879, "kernel_rows_within_5pct": 0.8661484780253667, "kernel_median": 0.02120407670736313}
{"epoch": 65, "value_loss": 47.57604220448708, "kernel_loss": 153.68015760304976, "seconds": 30.78538751602173, "score": 0.6953769111016943, "samples_all_within_1pct": 0.4299, "kernel_rows_within_5pct": 0.8747230888983057, "kernel_median": 0.027441835030913353}
{"epoch": 66, "value_loss": 39.70445339047179, "kernel_loss": 147.8857976563123, "seconds": 30.63566303253174, "score": 0.586346004324481, "samples_all_within_1pct": 0.5185, "kernel_rows_within_5pct": 0.895153995675519, "kernel_median": 0.020899077877402306}
{"epoch": 67, "value_loss": 52.65709316487215, "kernel_loss": 140.96498049521932, "seconds": 31.02795648574829, "score": 0.4980074280156447, "samples_all_within_1pct": 0.608, "kernel_rows_within_5pct": 0.8939925719843553, "kernel_median": 0.01653437688946724}
{"epoch": 68, "value_loss": 34.81766503197806, "kernel_loss": 137.00350247597208, "seconds": 30.52145791053772, "score": 1.0300554756396552, "samples_all_within_1pct": 0.3293, "kernel_rows_within_5pct": 0.640644524360345, "kernel_median": 0.04177232086658478}
{"epoch": 69, "value_loss": 46.097811893540985, "kernel_loss": 141.42441270789323, "seconds": 30.763872146606445, "score": 0.4914682437398302, "samples_all_within_1pct": 0.6147, "kernel_rows_within_5pct": 0.8938317562601698, "kernel_median": 0.019452502951025963}
{"epoch": 70, "value_loss": 52.66604403087071, "kernel_loss": 150.9491255234699, "seconds": 30.759852647781372, "score": 0.7603171598731769, "samples_all_within_1pct": 0.3727, "kernel_rows_within_5pct": 0.866982840126823, "kernel_median": 0.022241218015551567}
{"epoch": 71, "value_loss": 37.275273760970755, "kernel_loss": 143.78413309369768, "seconds": 30.753953218460083, "score": 0.6926910955080409, "samples_all_within_1pct": 0.4268, "kernel_rows_within_5pct": 0.8805089044919591, "kernel_median": 0.016508901491761208}
{"epoch": 72, "value_loss": 55.20913733754839, "kernel_loss": 136.6898600130665, "seconds": 30.51533603668213, "score": 0.8945184725680746, "samples_all_within_1pct": 0.2308, "kernel_rows_within_5pct": 0.8746815274319254, "kernel_median": 0.019076891243457794}
{"epoch": 73, "value_loss": 38.592287623152444, "kernel_loss": 137.6952687477579, "seconds": 30.36668610572815, "score": 0.9872503410442036, "samples_all_within_1pct": 0.1562, "kernel_rows_within_5pct": 0.8565496589557964, "kernel_median": 0.024474265053868294}
{"epoch": 74, "value_loss": 36.918654154758066, "kernel_loss": 144.497230841189, "seconds": 30.551635265350342, "score": 0.6998735776841241, "samples_all_within_1pct": 0.4317, "kernel_rows_within_5pct": 0.868426422315876, "kernel_median": 0.023422032594680786}
{"epoch": 75, "value_loss": 41.37127207250011, "kernel_loss": 132.5972079841458, "seconds": 30.60050344467163, "score": 0.5095068878418927, "samples_all_within_1pct": 0.5941, "kernel_rows_within_5pct": 0.8963931121581074, "kernel_median": 0.017391541972756386}
{"epoch": 76, "value_loss": 32.599019537166676, "kernel_loss": 131.9654121009671, "seconds": 30.696728467941284, "score": 0.6624547908570623, "samples_all_within_1pct": 0.4461, "kernel_rows_within_5pct": 0.8914452091429378, "kernel_median": 0.015277355909347534}
{"epoch": 77, "value_loss": 34.26915921970289, "kernel_loss": 127.52197281195193, "seconds": 30.650657653808594, "score": 0.8557420120845707, "samples_all_within_1pct": 0.2459, "kernel_rows_within_5pct": 0.8983579879154293, "kernel_median": 0.016588037833571434}
{"epoch": 78, "value_loss": 28.785164176201334, "kernel_loss": 129.82742173331124, "seconds": 30.6470890045166, "score": 0.4185558148772923, "samples_all_within_1pct": 0.6821, "kernel_rows_within_5pct": 0.8993441851227076, "kernel_median": 0.015116297639906406}
{"epoch": 79, "value_loss": 29.04793635679751, "kernel_loss": 134.4911321912493, "seconds": 30.559093475341797, "score": 0.7478782664858569, "samples_all_within_1pct": 0.4101, "kernel_rows_within_5pct": 0.8420217335141431, "kernel_median": 0.02479001320898533}
{"epoch": 80, "value_loss": 55.11640709760238, "kernel_loss": 117.5793760650012, "seconds": 30.65568232536316, "score": 0.5325881518701929, "samples_all_within_1pct": 0.5565, "kernel_rows_within_5pct": 0.9109118481298071, "kernel_median": 0.015548442490398884}
{"epoch": 81, "value_loss": 24.311453269452464, "kernel_loss": 135.41360275112854, "seconds": 30.726378679275513, "score": 0.8989094738840485, "samples_all_within_1pct": 0.2049, "kernel_rows_within_5pct": 0.8961905261159515, "kernel_median": 0.017933933064341545}
{"epoch": 82, "value_loss": 35.57207968770241, "kernel_loss": 131.43083969427616, "seconds": 30.621880292892456, "score": 0.46340060097044977, "samples_all_within_1pct": 0.6391, "kernel_rows_within_5pct": 0.8974993990295502, "kernel_median": 0.017825981602072716}
{"epoch": 83, "value_loss": 61.61411590965427, "kernel_loss": 124.99517693811534, "seconds": 30.605215787887573, "score": 0.49603066083358094, "samples_all_within_1pct": 0.6028, "kernel_rows_within_5pct": 0.9011693391664191, "kernel_median": 0.01611865684390068}
{"epoch": 84, "value_loss": 30.16823109315366, "kernel_loss": 130.07132144850127, "seconds": 30.640225172042847, "score": 0.720823724997593, "samples_all_within_1pct": 0.3826, "kernel_rows_within_5pct": 0.896576275002407, "kernel_median": 0.01486783754080534}
{"epoch": 85, "value_loss": 31.930660204011566, "kernel_loss": 126.5742136896873, "seconds": 30.627468824386597, "score": 0.39448781016810675, "samples_all_within_1pct": 0.6995, "kernel_rows_within_5pct": 0.9060121898318932, "kernel_median": 0.013936830684542656}
{"epoch": 86, "value_loss": 33.17917310948275, "kernel_loss": 121.32642870533223, "seconds": 30.615050554275513, "score": 0.4987699730518793, "samples_all_within_1pct": 0.6065, "kernel_rows_within_5pct": 0.8947300269481206, "kernel_median": 0.01747492514550686}
{"epoch": 87, "value_loss": 31.829475616922185, "kernel_loss": 124.60643974615603, "seconds": 30.99982476234436, "score": 0.5066513010514215, "samples_all_within_1pct": 0.5874, "kernel_rows_within_5pct": 0.9059486989485784, "kernel_median": 0.015337691642343998}
{"epoch": 88, "value_loss": 46.42806108630433, "kernel_loss": 121.75648942285655, "seconds": 30.52925968170166, "score": 0.49381719974294547, "samples_all_within_1pct": 0.6011, "kernel_rows_within_5pct": 0.9050828002570546, "kernel_median": 0.01584613136947155}
{"epoch": 89, "value_loss": 36.51465882573809, "kernel_loss": 120.41639806786362, "seconds": 30.749244213104248, "score": 0.3972692770539562, "samples_all_within_1pct": 0.7005, "kernel_rows_within_5pct": 0.9022307229460438, "kernel_median": 0.014314238913357258}
{"epoch": 90, "value_loss": 40.78594666111226, "kernel_loss": 116.57406172460439, "seconds": 30.75077724456787, "score": 0.8531808453644032, "samples_all_within_1pct": 0.2537, "kernel_rows_within_5pct": 0.8931191546355968, "kernel_median": 0.018932251259684563}
{"epoch": 91, "value_loss": 37.78004490112772, "kernel_loss": 114.8066784605688, "seconds": 30.714503288269043, "score": 0.4706003986767999, "samples_all_within_1pct": 0.6293, "kernel_rows_within_5pct": 0.9000996013232001, "kernel_median": 0.013956480659544468}
{"epoch": 92, "value_loss": 25.988899556957946, "kernel_loss": 116.14907373700824, "seconds": 30.82482099533081, "score": 0.381289192306158, "samples_all_within_1pct": 0.7125, "kernel_rows_within_5pct": 0.906210807693842, "kernel_median": 0.013332139700651169}
{"epoch": 93, "value_loss": 66.28852218024585, "kernel_loss": 106.6354283313362, "seconds": 30.7953462600708, "score": 0.5934073257827914, "samples_all_within_1pct": 0.5181, "kernel_rows_within_5pct": 0.8884926742172086, "kernel_median": 0.015248093754053116}
{"epoch": 94, "value_loss": 32.850494769154764, "kernel_loss": 113.04055334597217, "seconds": 30.747633695602417, "score": 0.5731031842766499, "samples_all_within_1pct": 0.5275, "kernel_rows_within_5pct": 0.8993968157233502, "kernel_median": 0.016876759007573128}
{"epoch": 95, "value_loss": 24.33805435044425, "kernel_loss": 119.40513610839844, "seconds": 30.87517499923706, "score": 0.6251253668425963, "samples_all_within_1pct": 0.4866, "kernel_rows_within_5pct": 0.8882746331574037, "kernel_median": 0.016828199848532677}
{"epoch": 96, "value_loss": 29.142988934808848, "kernel_loss": 153.17590316461056, "seconds": 30.78865671157837, "score": 0.4158802647152131, "samples_all_within_1pct": 0.6728, "kernel_rows_within_5pct": 0.9113197352847869, "kernel_median": 0.01413244754076004}
{"epoch": 97, "value_loss": 32.88692256869102, "kernel_loss": 111.60054708986866, "seconds": 30.801629543304443, "score": 0.3398874509642573, "samples_all_within_1pct": 0.7532, "kernel_rows_within_5pct": 0.9069125490357427, "kernel_median": 0.013859796337783337}
{"epoch": 98, "value_loss": 22.657812502919413, "kernel_loss": 112.66305086564044, "seconds": 30.793418407440186, "score": 0.4414160904277259, "samples_all_within_1pct": 0.657, "kernel_rows_within_5pct": 0.9015839095722741, "kernel_median": 0.01584617607295513}
{"epoch": 99, "value_loss": 28.55988574028015, "kernel_loss": 122.71386356743015, "seconds": 30.68919849395752, "score": 0.5706844106072381, "samples_all_within_1pct": 0.5399, "kernel_rows_within_5pct": 0.8894155893927619, "kernel_median": 0.015810370445251465}
{"epoch": 100, "value_loss": 27.928548467402557, "kernel_loss": 106.99457125761072, "seconds": 30.648179531097412, "score": 0.5358720702977743, "samples_all_within_1pct": 0.5532, "kernel_rows_within_5pct": 0.9109279297022257, "kernel_median": 0.013241353444755077}
{"epoch": 101, "value_loss": 33.91194037028721, "kernel_loss": 104.88169584468919, "seconds": 30.79369592666626, "score": 0.6815645511184107, "samples_all_within_1pct": 0.43, "kernel_rows_within_5pct": 0.8884354488815893, "kernel_median": 0.015822503715753555}
{"epoch": 102, "value_loss": 33.091151578085764, "kernel_loss": 104.96949725248376, "seconds": 30.75294828414917, "score": 0.2986692912558643, "samples_all_within_1pct": 0.7871, "kernel_rows_within_5pct": 0.9142307087441357, "kernel_median": 0.015366384759545326}
{"epoch": 103, "value_loss": 27.296682367519455, "kernel_loss": 98.29598111522441, "seconds": 30.65399718284607, "score": 0.3777781444956433, "samples_all_within_1pct": 0.7171, "kernel_rows_within_5pct": 0.9051218555043568, "kernel_median": 0.013613932766020298}
{"epoch": 104, "value_loss": 25.475677874623514, "kernel_loss": 101.13475363595145, "seconds": 30.551140546798706, "score": 0.47550067367168825, "samples_all_within_1pct": 0.6141, "kernel_rows_within_5pct": 0.9103993263283118, "kernel_median": 0.015732958912849426}
{"epoch": 105, "value_loss": 26.563107096419042, "kernel_loss": 94.9995570280114, "seconds": 30.775495052337646, "score": 0.27588774346090894, "samples_all_within_1pct": 0.8127, "kernel_rows_within_5pct": 0.9114122565390911, "kernel_median": 0.014031934551894665}
{"epoch": 106, "value_loss": 28.208546580100545, "kernel_loss": 100.5624811795293, "seconds": 30.75201725959778, "score": 0.4199158334567298, "samples_all_within_1pct": 0.6721, "kernel_rows_within_5pct": 0.9079841665432702, "kernel_median": 0.012932958081364632}
{"epoch": 107, "value_loss": 24.03289560395844, "kernel_loss": 99.49055138412787, "seconds": 30.771634817123413, "score": 0.3833244466633765, "samples_all_within_1pct": 0.7015, "kernel_rows_within_5pct": 0.9151755533366235, "kernel_median": 0.014022432267665863}
{"epoch": 108, "value_loss": 26.23672306294344, "kernel_loss": 99.85034195257693, "seconds": 30.821144104003906, "score": 0.34885873823565106, "samples_all_within_1pct": 0.7361, "kernel_rows_within_5pct": 0.915041261764349, "kernel_median": 0.01336661446839571}
{"epoch": 109, "value_loss": 23.734257746715937, "kernel_loss": 95.46645374687351, "seconds": 30.655783891677856, "score": 0.3582536098848622, "samples_all_within_1pct": 0.7217, "kernel_rows_within_5pct": 0.9200463901151378, "kernel_median": 0.012464412488043308}
{"epoch": 110, "value_loss": 18.602473983959275, "kernel_loss": 96.9708332334246, "seconds": 30.856628894805908, "score": 0.546760848639196, "samples_all_within_1pct": 0.555, "kernel_rows_within_5pct": 0.8982391513608039, "kernel_median": 0.02037784643471241}
{"epoch": 111, "value_loss": 29.685252321009735, "kernel_loss": 88.40751924320143, "seconds": 30.990257740020752, "score": 0.2609049977558897, "samples_all_within_1pct": 0.8118, "kernel_rows_within_5pct": 0.9272950022441103, "kernel_median": 0.012353026308119297}
{"epoch": 112, "value_loss": 23.191227426334304, "kernel_loss": 93.69705873606156, "seconds": 30.86845636367798, "score": 0.35574049870418034, "samples_all_within_1pct": 0.7217, "kernel_rows_within_5pct": 0.9225595012958197, "kernel_median": 0.012703253887593746}
{"epoch": 113, "value_loss": 28.800151863876653, "kernel_loss": 89.48817111034782, "seconds": 30.81573486328125, "score": 0.3378351631517291, "samples_all_within_1pct": 0.7435, "kernel_rows_within_5pct": 0.9186648368482708, "kernel_median": 0.014630209654569626}
{"epoch": 114, "value_loss": 35.29289498134535, "kernel_loss": 84.7146124742469, "seconds": 30.70205044746399, "score": 0.36420929890818654, "samples_all_within_1pct": 0.7198, "kernel_rows_within_5pct": 0.9159907010918135, "kernel_median": 0.014044690877199173}
{"epoch": 115, "value_loss": 22.238601125016505, "kernel_loss": 89.98935567116251, "seconds": 30.993948936462402, "score": 0.5279633849120181, "samples_all_within_1pct": 0.5587, "kernel_rows_within_5pct": 0.9133366150879819, "kernel_median": 0.01474919356405735}
{"epoch": 116, "value_loss": 24.777108824982935, "kernel_loss": 93.19570555005755, "seconds": 30.98847508430481, "score": 0.2763615713910079, "samples_all_within_1pct": 0.8, "kernel_rows_within_5pct": 0.923638428608992, "kernel_median": 0.010793504305183887}
{"epoch": 117, "value_loss": 23.98191519172824, "kernel_loss": 101.10495676313128, "seconds": 30.851107358932495, "score": 1.0679197349297391, "samples_all_within_1pct": 0.0187, "kernel_rows_within_5pct": 0.9133802650702608, "kernel_median": 0.01275686826556921}
{"epoch": 118, "value_loss": 36.38353477205549, "kernel_loss": 88.49157498807324, "seconds": 31.10184621810913, "score": 0.5164029256557262, "samples_all_within_1pct": 0.5689, "kernel_rows_within_5pct": 0.9146970743442738, "kernel_median": 0.019678695127367973}
{"epoch": 119, "value_loss": 19.87095406590676, "kernel_loss": 92.68841759039431, "seconds": 31.029309272766113, "score": 0.40117572192162676, "samples_all_within_1pct": 0.6892, "kernel_rows_within_5pct": 0.9096242780783732, "kernel_median": 0.012966231442987919}
{"epoch": 120, "value_loss": 27.25648777338923, "kernel_loss": 84.13180791115275, "seconds": 31.001911163330078, "score": 0.4806630169781724, "samples_all_within_1pct": 0.6213, "kernel_rows_within_5pct": 0.8980369830218277, "kernel_median": 0.01711447723209858}
{"epoch": 121, "value_loss": 29.456725913651134, "kernel_loss": 75.92165191806093, "seconds": 30.95335817337036, "score": 0.25780657289369524, "samples_all_within_1pct": 0.8178, "kernel_rows_within_5pct": 0.9243934271063048, "kernel_median": 0.011647517792880535}
{"epoch": 122, "value_loss": 17.900910455353404, "kernel_loss": 80.75080021060243, "seconds": 30.979331493377686, "score": 0.3271660622432039, "samples_all_within_1pct": 0.7458, "kernel_rows_within_5pct": 0.9270339377567961, "kernel_median": 0.013987693935632706}
{"epoch": 123, "value_loss": 18.252725861510452, "kernel_loss": 82.79248009895792, "seconds": 31.01310968399048, "score": 0.2699592434058766, "samples_all_within_1pct": 0.8058, "kernel_rows_within_5pct": 0.9242407565941234, "kernel_median": 0.013061861507594585}
{"epoch": 124, "value_loss": 22.67279995704184, "kernel_loss": 84.0968504730536, "seconds": 30.920511960983276, "score": 0.26853243440128205, "samples_all_within_1pct": 0.8023, "kernel_rows_within_5pct": 0.9291675655987179, "kernel_median": 0.010986379347741604}
{"epoch": 125, "value_loss": 16.140114998330876, "kernel_loss": 84.3292516786225, "seconds": 31.055493593215942, "score": 0.21922764666655103, "samples_all_within_1pct": 0.8485, "kernel_rows_within_5pct": 0.9322723533334489, "kernel_median": 0.010791344568133354}
{"epoch": 126, "value_loss": 26.1970643461967, "kernel_loss": 72.41752581693689, "seconds": 30.804041385650635, "score": 0.3645787666645294, "samples_all_within_1pct": 0.7193, "kernel_rows_within_5pct": 0.9161212333354706, "kernel_median": 0.018685897812247276}
{"epoch": 127, "value_loss": 24.36407665573821, "kernel_loss": 79.89248789573202, "seconds": 30.957209587097168, "score": 0.4684884711625035, "samples_all_within_1pct": 0.6214, "kernel_rows_within_5pct": 0.9101115288374966, "kernel_median": 0.01508175116032362}
{"epoch": 128, "value_loss": 27.544399903745067, "kernel_loss": 78.21185544072365, "seconds": 31.021093130111694, "score": 0.24439869121062707, "samples_all_within_1pct": 0.835, "kernel_rows_within_5pct": 0.920601308789373, "kernel_median": 0.011972363106906414}
{"epoch": 129, "value_loss": 20.447949633306386, "kernel_loss": 81.31329900391248, "seconds": 31.01202917098999, "score": 0.37287506309928664, "samples_all_within_1pct": 0.708, "kernel_rows_within_5pct": 0.9191249369007134, "kernel_median": 0.012773465365171432}
{"epoch": 130, "value_loss": 20.312319113283742, "kernel_loss": 71.09419828531693, "seconds": 31.05808448791504, "score": 0.26549590943276113, "samples_all_within_1pct": 0.8085, "kernel_rows_within_5pct": 0.9260040905672389, "kernel_median": 0.012398965656757355}
{"epoch": 131, "value_loss": 16.125195909519586, "kernel_loss": 79.14177530639026, "seconds": 30.8767352104187, "score": 0.25757675414972436, "samples_all_within_1pct": 0.8312, "kernel_rows_within_5pct": 0.9112232458502756, "kernel_median": 0.01749509759247303}
{"epoch": 132, "value_loss": 20.28180320165595, "kernel_loss": 80.35562848071663, "seconds": 31.53891110420227, "score": 1.0210359526525092, "samples_all_within_1pct": 0.0785, "kernel_rows_within_5pct": 0.9004640473474909, "kernel_median": 0.017583219334483147}
{"epoch": 133, "value_loss": 25.413840851005244, "kernel_loss": 71.76122546682552, "seconds": 30.71114730834961, "score": 0.5090324825206882, "samples_all_within_1pct": 0.5682, "kernel_rows_within_5pct": 0.9227675174793117, "kernel_median": 0.01260207686573267}
{"epoch": 134, "value_loss": 23.361727670747406, "kernel_loss": 67.37812744841284, "seconds": 30.549516439437866, "score": 0.3757181570559779, "samples_all_within_1pct": 0.7059, "kernel_rows_within_5pct": 0.9183818429440221, "kernel_median": 0.012358631938695908}
{"epoch": 135, "value_loss": 19.945247718266078, "kernel_loss": 71.53089511637785, "seconds": 30.743450164794922, "score": 0.2826556021619482, "samples_all_within_1pct": 0.7845, "kernel_rows_within_5pct": 0.9328443978380518, "kernel_median": 0.013311443850398064}
{"epoch": 136, "value_loss": 16.969958451329447, "kernel_loss": 69.02312025731923, "seconds": 30.730397939682007, "score": 0.17201141200591719, "samples_all_within_1pct": 0.8927, "kernel_rows_within_5pct": 0.9352885879940828, "kernel_median": 0.010538183152675629}
{"epoch": 137, "value_loss": 15.978934687011096, "kernel_loss": 76.44442079505141, "seconds": 30.816048860549927, "score": 0.31957098447835874, "samples_all_within_1pct": 0.7605, "kernel_rows_within_5pct": 0.9199290155216413, "kernel_median": 0.014063794165849686}
{"epoch": 138, "value_loss": 15.144405294437798, "kernel_loss": 74.84140697790652, "seconds": 30.962681531906128, "score": 0.31716065616157096, "samples_all_within_1pct": 0.759, "kernel_rows_within_5pct": 0.923839343838429, "kernel_median": 0.011008617468178272}
{"epoch": 139, "value_loss": 16.83228561342979, "kernel_loss": 74.62633722655627, "seconds": 30.732923984527588, "score": 0.18095819202608798, "samples_all_within_1pct": 0.8817, "kernel_rows_within_5pct": 0.937341807973912, "kernel_median": 0.014396176673471928}
{"epoch": 140, "value_loss": 23.22569598956984, "kernel_loss": 62.87851045569595, "seconds": 30.706291913986206, "score": 0.532893741093785, "samples_all_within_1pct": 0.5409, "kernel_rows_within_5pct": 0.926206258906215, "kernel_median": 0.011898230761289597}
{"epoch": 141, "value_loss": 18.611066387624156, "kernel_loss": 67.12075106951656, "seconds": 30.58909845352173, "score": 0.25054291415635754, "samples_all_within_1pct": 0.8183, "kernel_rows_within_5pct": 0.9311570858436424, "kernel_median": 0.012076540850102901}
{"epoch": 142, "value_loss": 14.703218640113363, "kernel_loss": 70.90804177887586, "seconds": 30.80906891822815, "score": 0.2056673284686229, "samples_all_within_1pct": 0.8621, "kernel_rows_within_5pct": 0.9322326715313771, "kernel_median": 0.010492229834198952}
{"epoch": 143, "value_loss": 16.157023626930858, "kernel_loss": 69.78314818168172, "seconds": 30.857656955718994, "score": 0.41698388024951083, "samples_all_within_1pct": 0.6682, "kernel_rows_within_5pct": 0.9148161197504892, "kernel_median": 0.013623046688735485}
{"epoch": 144, "value_loss": 19.40292062808056, "kernel_loss": 67.74769999056446, "seconds": 31.20427131652832, "score": 0.4283338171032326, "samples_all_within_1pct": 0.658, "kernel_rows_within_5pct": 0.9136661828967674, "kernel_median": 0.013499068096280098}
{"epoch": 145, "value_loss": 19.057029505165257, "kernel_loss": 70.72579738071987, "seconds": 30.99386167526245, "score": 0.3142583691740065, "samples_all_within_1pct": 0.7546, "kernel_rows_within_5pct": 0.9311416308259934, "kernel_median": 0.012220236472785473}
{"epoch": 146, "value_loss": 18.14712842386596, "kernel_loss": 70.43578408688916, "seconds": 31.670206308364868, "score": 0.34801677053204316, "samples_all_within_1pct": 0.7228, "kernel_rows_within_5pct": 0.9291832294679568, "kernel_median": 0.016611464321613312}
{"epoch": 147, "value_loss": 22.93712974811087, "kernel_loss": 66.06364289108588, "seconds": 30.79945182800293, "score": 0.35841189424423825, "samples_all_within_1pct": 0.7253, "kernel_rows_within_5pct": 0.9162881057557618, "kernel_median": 0.012361951172351837}
{"epoch": 148, "value_loss": 15.67857774179809, "kernel_loss": 64.72032922627974, "seconds": 30.66897988319397, "score": 0.1876142320453943, "samples_all_within_1pct": 0.8737, "kernel_rows_within_5pct": 0.9386857679546057, "kernel_median": 0.010790023021399975}
{"epoch": 149, "value_loss": 16.596886189616455, "kernel_loss": 59.59709480830601, "seconds": 30.867371797561646, "score": 0.18411123485799874, "samples_all_within_1pct": 0.8744, "kernel_rows_within_5pct": 0.9414887651420013, "kernel_median": 0.009799142368137836}
{"epoch": 150, "value_loss": 12.922141009447525, "kernel_loss": 65.91319790664984, "seconds": 30.661702871322632, "score": 0.5432392838562525, "samples_all_within_1pct": 0.5254, "kernel_rows_within_5pct": 0.9313607161437475, "kernel_median": 0.012278564274311066}
{"epoch": 151, "value_loss": 17.13632020415092, "kernel_loss": 61.627879921270875, "seconds": 30.922506093978882, "score": 0.24549287615581084, "samples_all_within_1pct": 0.8209, "kernel_rows_within_5pct": 0.9336071238441892, "kernel_median": 0.010097073391079903}
{"epoch": 152, "value_loss": 46.55546674923021, "kernel_loss": 111.34603870158293, "seconds": 31.083553314208984, "score": 0.3157033417089782, "samples_all_within_1pct": 0.7607, "kernel_rows_within_5pct": 0.9235966582910218, "kernel_median": 0.013564308173954487}
{"epoch": 153, "value_loss": 15.707722418162287, "kernel_loss": 73.2972252709525, "seconds": 31.09986686706543, "score": 0.21093695313516525, "samples_all_within_1pct": 0.855, "kernel_rows_within_5pct": 0.9340630468648348, "kernel_median": 0.012697986327111721}
{"epoch": 154, "value_loss": 22.5008113165291, "kernel_loss": 358.0134301866804, "seconds": 30.82052254676819, "score": 0.24621950310447438, "samples_all_within_1pct": 0.8304, "kernel_rows_within_5pct": 0.9233804968955256, "kernel_median": 0.01413879543542862}
{"epoch": 155, "value_loss": 15.561003614445122, "kernel_loss": 67.55063757604482, "seconds": 31.031158924102783, "score": 0.20276668059010594, "samples_all_within_1pct": 0.8639, "kernel_rows_within_5pct": 0.9333333194098941, "kernel_median": 0.010023160837590694}
{"epoch": 156, "value_loss": 16.402090753827775, "kernel_loss": 62.42477461756492, "seconds": 31.00370764732361, "score": 0.20284363091412883, "samples_all_within_1pct": 0.8589, "kernel_rows_within_5pct": 0.9382563690858712, "kernel_median": 0.011189104989171028}
{"epoch": 157, "value_loss": 15.68565774693781, "kernel_loss": 51.568009006733796, "seconds": 30.929325342178345, "score": 0.2141127487605181, "samples_all_within_1pct": 0.8461, "kernel_rows_within_5pct": 0.9397872512394819, "kernel_median": 0.010511684231460094}
{"epoch": 158, "value_loss": 14.002631508574193, "kernel_loss": 53.95988941192627, "seconds": 30.774619102478027, "score": 0.26479637851343196, "samples_all_within_1pct": 0.7952, "kernel_rows_within_5pct": 0.940003621486568, "kernel_median": 0.010191126726567745}
{"epoch": 159, "value_loss": 15.063983562041303, "kernel_loss": 54.061159620479664, "seconds": 30.855294227600098, "score": 0.16533721227821796, "samples_all_within_1pct": 0.8934, "kernel_rows_within_5pct": 0.9412627877217821, "kernel_median": 0.008920934051275253}
{"epoch": 160, "value_loss": 12.207306370443227, "kernel_loss": 62.38559172104816, "seconds": 30.749162673950195, "score": 0.1556727996075261, "samples_all_within_1pct": 0.9054, "kernel_rows_within_5pct": 0.9389272003924739, "kernel_median": 0.008993254043161869}
{"epoch": 161, "value_loss": 12.575390287808009, "kernel_loss": 60.05293569759447, "seconds": 30.904040575027466, "score": 0.1612982877093554, "samples_all_within_1pct": 0.9061, "kernel_rows_within_5pct": 0.9326017122906446, "kernel_median": 0.011181077919900417}
{"epoch": 162, "value_loss": 14.891088583031479, "kernel_loss": 58.10142433400057, "seconds": 30.98858404159546, "score": 0.2201813384630068, "samples_all_within_1pct": 0.8377, "kernel_rows_within_5pct": 0.9421186615369932, "kernel_median": 0.009299298748373985}
{"epoch": 163, "value_loss": 20.61403755265839, "kernel_loss": 46.02114982994235, "seconds": 30.78851556777954, "score": 0.11462633996569405, "samples_all_within_1pct": 0.9425, "kernel_rows_within_5pct": 0.942873660034306, "kernel_median": 0.009076044894754887}
{"epoch": 164, "value_loss": 16.057208170696182, "kernel_loss": 47.23597401988749, "seconds": 30.975682497024536, "score": 0.2820741631577859, "samples_all_within_1pct": 0.7798, "kernel_rows_within_5pct": 0.9381258368422141, "kernel_median": 0.011728757992386818}
{"epoch": 165, "value_loss": 13.622041315448527, "kernel_loss": 54.76608385358538, "seconds": 30.7402663230896, "score": 0.14062701572589809, "samples_all_within_1pct": 0.9161, "kernel_rows_within_5pct": 0.9432729842741019, "kernel_median": 0.00827182736247778}
{"epoch": 166, "value_loss": 11.932986368938368, "kernel_loss": 58.100615151074464, "seconds": 31.000940799713135, "score": 0.19236880628158748, "samples_all_within_1pct": 0.8723, "kernel_rows_within_5pct": 0.9353311937184126, "kernel_median": 0.012188754975795746}
{"epoch": 167, "value_loss": 12.477318058208544, "kernel_loss": 49.319024611492544, "seconds": 30.743853092193604, "score": 0.2204135896387891, "samples_all_within_1pct": 0.844, "kernel_rows_within_5pct": 0.9355864103612109, "kernel_median": 0.009903662838041782}
{"epoch": 168, "value_loss": 14.33658150264195, "kernel_loss": 52.02152421523114, "seconds": 30.95613956451416, "score": 0.18884203992448767, "samples_all_within_1pct": 0.8731, "kernel_rows_within_5pct": 0.9380579600755123, "kernel_median": 0.008908792398869991}
{"epoch": 169, "value_loss": 12.735667065698273, "kernel_loss": 55.77774758241615, "seconds": 30.98799991607666, "score": 0.14723630252069253, "samples_all_within_1pct": 0.9155, "kernel_rows_within_5pct": 0.9372636974793075, "kernel_median": 0.010107881389558315}
{"epoch": 170, "value_loss": 11.971015638234665, "kernel_loss": 52.212535974930745, "seconds": 30.999355792999268, "score": 0.14587834127561117, "samples_all_within_1pct": 0.9092, "kernel_rows_within_5pct": 0.9449216587243888, "kernel_median": 0.01129023265093565}
{"epoch": 171, "value_loss": 17.373471172488465, "kernel_loss": 44.83534285486961, "seconds": 30.9853937625885, "score": 0.13920359481622002, "samples_all_within_1pct": 0.9101, "kernel_rows_within_5pct": 0.95069640518378, "kernel_median": 0.009482590481638908}
{"epoch": 172, "value_loss": 12.887134897465609, "kernel_loss": 47.88443575100023, "seconds": 30.991097927093506, "score": 0.16212269489978148, "samples_all_within_1pct": 0.8911, "kernel_rows_within_5pct": 0.9467773051002185, "kernel_median": 0.008066966198384762}
{"epoch": 173, "value_loss": 10.099695860123148, "kernel_loss": 56.16574896598349, "seconds": 30.977248430252075, "score": 0.29708188849455386, "samples_all_within_1pct": 0.7784, "kernel_rows_within_5pct": 0.9245181115054462, "kernel_median": 0.011809133924543858}
{"epoch": 174, "value_loss": 12.792248144441722, "kernel_loss": 54.170711926051546, "seconds": 30.97836470603943, "score": 0.19916953398318205, "samples_all_within_1pct": 0.8668, "kernel_rows_within_5pct": 0.9340304660168179, "kernel_median": 0.01007321011275053}
{"epoch": 175, "value_loss": 9.97030459861366, "kernel_loss": 52.888551400632274, "seconds": 30.74416995048523, "score": 0.13824447287842812, "samples_all_within_1pct": 0.9209, "kernel_rows_within_5pct": 0.9408555271215718, "kernel_median": 0.012003025971353054}
{"epoch": 176, "value_loss": 14.081353501397736, "kernel_loss": 45.9026193424147, "seconds": 30.918410062789917, "score": 0.0987896722888818, "samples_all_within_1pct": 0.9512, "kernel_rows_within_5pct": 0.9500103277111182, "kernel_median": 0.01021577324718237}
{"epoch": 177, "value_loss": 14.4564929300425, "kernel_loss": 42.31896801384128, "seconds": 31.016863346099854, "score": 0.16552648211008614, "samples_all_within_1pct": 0.8862, "kernel_rows_within_5pct": 0.9482735178899139, "kernel_median": 0.00855804979801178}
{"epoch": 178, "value_loss": 9.84901245759458, "kernel_loss": 49.72378812517439, "seconds": 31.11043620109558, "score": 0.17077342069038404, "samples_all_within_1pct": 0.8861, "kernel_rows_within_5pct": 0.943126579309616, "kernel_median": 0.00980357825756073}
{"epoch": 179, "value_loss": 8.90417247645709, "kernel_loss": 49.62148532088922, "seconds": 30.924543857574463, "score": 0.20098068511257827, "samples_all_within_1pct": 0.8516, "kernel_rows_within_5pct": 0.9474193148874217, "kernel_median": 0.009572943672537804}
{"epoch": 180, "value_loss": 10.78902399053379, "kernel_loss": 47.05370468996009, "seconds": 30.960083961486816, "score": 0.3134240890676845, "samples_all_within_1pct": 0.7412, "kernel_rows_within_5pct": 0.9453759109323155, "kernel_median": 0.010246123187243938}
{"epoch": 181, "value_loss": 16.07104543763764, "kernel_loss": 40.43734807384257, "seconds": 30.82499361038208, "score": 0.12918479708710517, "samples_all_within_1pct": 0.9269, "kernel_rows_within_5pct": 0.9439152029128949, "kernel_median": 0.008661986328661442}
{"epoch": 182, "value_loss": 10.033620659185916, "kernel_loss": 44.161649373112894, "seconds": 30.79227566719055, "score": 0.13930066433602217, "samples_all_within_1pct": 0.9126, "kernel_rows_within_5pct": 0.9480993356639779, "kernel_median": 0.008439484983682632}
{"epoch": 183, "value_loss": 10.688033193958049, "kernel_loss": 40.317974168427135, "seconds": 30.785375595092773, "score": 0.1064382242685965, "samples_all_within_1pct": 0.9428, "kernel_rows_within_5pct": 0.9507617757314035, "kernel_median": 0.007347279228270054}
{"epoch": 184, "value_loss": 12.397427383734255, "kernel_loss": 46.59650399733563, "seconds": 30.882416486740112, "score": 0.16427676231582167, "samples_all_within_1pct": 0.8926, "kernel_rows_within_5pct": 0.9431232376841784, "kernel_median": 0.011538130231201649}
{"epoch": 185, "value_loss": 9.915249946166059, "kernel_loss": 45.649157952289194, "seconds": 30.695485830307007, "score": 0.15528837818177565, "samples_all_within_1pct": 0.9014, "kernel_rows_within_5pct": 0.9433116218182244, "kernel_median": 0.011519324034452438}
{"epoch": 186, "value_loss": 15.759376574535759, "kernel_loss": 38.52059928738341, "seconds": 30.652652263641357, "score": 0.09584985598638629, "samples_all_within_1pct": 0.9501, "kernel_rows_within_5pct": 0.9540501440136138, "kernel_median": 0.00950092077255249}
{"epoch": 187, "value_loss": 9.491737834044866, "kernel_loss": 38.21568263306909, "seconds": 31.008018970489502, "score": 0.18026170367760508, "samples_all_within_1pct": 0.8755, "kernel_rows_within_5pct": 0.944238296322395, "kernel_median": 0.010242532938718796}
{"epoch": 188, "value_loss": 9.613501388199476, "kernel_loss": 57.024738233916615, "seconds": 30.976284980773926, "score": 0.199040217673481, "samples_all_within_1pct": 0.8688, "kernel_rows_within_5pct": 0.932159782326519, "kernel_median": 0.008867302909493446}
{"epoch": 189, "value_loss": 11.830424318508227, "kernel_loss": 49.31179272398657, "seconds": 30.974228382110596, "score": 0.14224950772636014, "samples_all_within_1pct": 0.9112, "kernel_rows_within_5pct": 0.9465504922736399, "kernel_median": 0.011605056002736092}
{"epoch": 190, "value_loss": 9.62391485729996, "kernel_loss": 45.5022207474222, "seconds": 30.86683487892151, "score": 0.31077668796465563, "samples_all_within_1pct": 0.7501, "kernel_rows_within_5pct": 0.9391233120353444, "kernel_median": 0.00854551699012518}
{"epoch": 191, "value_loss": 10.946080356228109, "kernel_loss": 48.58521566585619, "seconds": 31.00783395767212, "score": 0.1154552079545722, "samples_all_within_1pct": 0.9392, "kernel_rows_within_5pct": 0.9453447920454278, "kernel_median": 0.009090892039239407}
{"epoch": 192, "value_loss": 10.803568802317795, "kernel_loss": 42.53112637266821, "seconds": 30.843228340148926, "score": 0.16065233979568883, "samples_all_within_1pct": 0.891, "kernel_rows_within_5pct": 0.9483476602043112, "kernel_median": 0.00748360576108098}
{"epoch": 193, "value_loss": 11.8267607299649, "kernel_loss": 39.655701968134665, "seconds": 30.884065628051758, "score": 0.10308862803093266, "samples_all_within_1pct": 0.9469, "kernel_rows_within_5pct": 0.9500113719690674, "kernel_median": 0.008202674798667431}
{"epoch": 194, "value_loss": 9.56564403310114, "kernel_loss": 41.89113965326426, "seconds": 30.849039554595947, "score": 0.1110541423728757, "samples_all_within_1pct": 0.9425, "kernel_rows_within_5pct": 0.9464458576271243, "kernel_median": 0.009318851865828037}
{"epoch": 195, "value_loss": 11.938392765667974, "kernel_loss": 48.60585461830606, "seconds": 30.865129709243774, "score": 0.12209619589360177, "samples_all_within_1pct": 0.9275, "kernel_rows_within_5pct": 0.9504038041063982, "kernel_median": 0.008376759476959705}
{"epoch": 196, "value_loss": 12.233500560935664, "kernel_loss": 37.01389477204303, "seconds": 30.653855800628662, "score": 0.19598056155597776, "samples_all_within_1pct": 0.861, "kernel_rows_within_5pct": 0.9430194384440223, "kernel_median": 0.013967184349894524}
{"epoch": 197, "value_loss": 11.194677233695984, "kernel_loss": 40.718897897370006, "seconds": 30.845783948898315, "score": 0.08473730083129205, "samples_all_within_1pct": 0.958, "kernel_rows_within_5pct": 0.957262699168708, "kernel_median": 0.007956541143357754}
{"epoch": 198, "value_loss": 12.944209666884674, "kernel_loss": 31.788999187703034, "seconds": 30.71744680404663, "score": 0.16848367027012245, "samples_all_within_1pct": 0.8853, "kernel_rows_within_5pct": 0.9462163297298776, "kernel_median": 0.00896306149661541}
{"epoch": 199, "value_loss": 7.992151413645063, "kernel_loss": 40.936080757452515, "seconds": 30.83060383796692, "score": 0.12568933440877983, "samples_all_within_1pct": 0.9245, "kernel_rows_within_5pct": 0.9498106655912202, "kernel_median": 0.008275555446743965}
{"epoch": 200, "value_loss": 7.942068840776171, "kernel_loss": 44.16731429586605, "seconds": 30.881741046905518, "score": 0.10693480008412548, "samples_all_within_1pct": 0.94, "kernel_rows_within_5pct": 0.9530651999158746, "kernel_median": 0.008782648481428623}
{"epoch": 201, "value_loss": 10.154949567755875, "kernel_loss": 37.53249436008687, "seconds": 30.850111961364746, "score": 0.13161135841459926, "samples_all_within_1pct": 0.9225, "kernel_rows_within_5pct": 0.9458886415854008, "kernel_median": 0.008609733544290066}
{"epoch": 202, "value_loss": 15.664162598094162, "kernel_loss": 41.198941590834636, "seconds": 30.85025405883789, "score": 0.4439017080718425, "samples_all_within_1pct": 0.6305, "kernel_rows_within_5pct": 0.9255982919281576, "kernel_median": 0.012313052080571651}
{"epoch": 203, "value_loss": 11.561554734804192, "kernel_loss": 41.683556138252726, "seconds": 30.63594365119934, "score": 0.10164790744282326, "samples_all_within_1pct": 0.9525, "kernel_rows_within_5pct": 0.9458520925571767, "kernel_median": 0.011811492033302784}
{"epoch": 204, "value_loss": 9.996202972470497, "kernel_loss": 39.64619491538223, "seconds": 30.894545793533325, "score": 0.0784310631652837, "samples_all_within_1pct": 0.9628, "kernel_rows_within_5pct": 0.9587689368347163, "kernel_median": 0.007701101712882519}
{"epoch": 205, "value_loss": 12.028018567026878, "kernel_loss": 29.07942330107397, "seconds": 30.923310041427612, "score": 0.11887506852942786, "samples_all_within_1pct": 0.928, "kernel_rows_within_5pct": 0.9531249314705721, "kernel_median": 0.006969408597797155}
{"epoch": 206, "value_loss": 8.058863816212634, "kernel_loss": 35.2086054646239, "seconds": 30.811996459960938, "score": 0.14008509231971256, "samples_all_within_1pct": 0.9136, "kernel_rows_within_5pct": 0.9463149076802875, "kernel_median": 0.009448932483792305}
{"epoch": 207, "value_loss": 8.767441513587018, "kernel_loss": 33.87730963376104, "seconds": 30.740911722183228, "score": 0.0987009448028221, "samples_all_within_1pct": 0.9471, "kernel_rows_within_5pct": 0.9541990551971778, "kernel_median": 0.007202367298305035}
{"epoch": 208, "value_loss": 7.636558707879514, "kernel_loss": 41.55527281274601, "seconds": 30.705779314041138, "score": 0.36757777595612784, "samples_all_within_1pct": 0.6887, "kernel_rows_within_5pct": 0.9437222240438722, "kernel_median": 0.009012238122522831}
{"epoch": 209, "value_loss": 8.684867236079002, "kernel_loss": 45.740639589270764, "seconds": 30.61181926727295, "score": 0.18976853728073972, "samples_all_within_1pct": 0.8669, "kernel_rows_within_5pct": 0.9433314627192603, "kernel_median": 0.008477033115923405}
{"epoch": 210, "value_loss": 9.52792066214036, "kernel_loss": 36.75152522690442, "seconds": 30.66715669631958, "score": 0.08451513468108052, "samples_all_within_1pct": 0.9597, "kernel_rows_within_5pct": 0.9557848653189195, "kernel_median": 0.0070831552147865295}
{"epoch": 211, "value_loss": 11.994764752533971, "kernel_loss": 28.79184562332776, "seconds": 30.80532145500183, "score": 0.0685761018435539, "samples_all_within_1pct": 0.9699, "kernel_rows_within_5pct": 0.9615238981564461, "kernel_median": 0.006106340326368809}
{"epoch": 212, "value_loss": 7.6980614467543, "kernel_loss": 30.390188888627655, "seconds": 30.944434642791748, "score": 0.1181082786681702, "samples_all_within_1pct": 0.9309, "kernel_rows_within_5pct": 0.9509917213318299, "kernel_median": 0.008890217170119286}
{"epoch": 213, "value_loss": 7.060592292522897, "kernel_loss": 40.040714263916016, "seconds": 30.8157958984375, "score": 0.13418035652637195, "samples_all_within_1pct": 0.9181, "kernel_rows_within_5pct": 0.947719643473628, "kernel_median": 0.007368397433310747}
{"epoch": 214, "value_loss": 7.428024776127874, "kernel_loss": 37.718641485486714, "seconds": 30.752869844436646, "score": 0.06879808320187863, "samples_all_within_1pct": 0.9714, "kernel_rows_within_5pct": 0.9598019167981213, "kernel_median": 0.006982119288295507}
{"epoch": 215, "value_loss": 8.144349289183713, "kernel_loss": 32.78167855009741, "seconds": 30.74440312385559, "score": 0.11593200136839565, "samples_all_within_1pct": 0.9355, "kernel_rows_within_5pct": 0.9485679986316043, "kernel_median": 0.009014694951474667}
{"epoch": 216, "value_loss": 8.477837922621747, "kernel_loss": 36.001245206716106, "seconds": 30.763890743255615, "score": 0.08545922095433067, "samples_all_within_1pct": 0.9578, "kernel_rows_within_5pct": 0.9567407790456693, "kernel_median": 0.008658370934426785}
{"epoch": 217, "value_loss": 10.594604683165647, "kernel_loss": 27.678169746788182, "seconds": 32.08077311515808, "score": 0.08186748590095128, "samples_all_within_1pct": 0.9617, "kernel_rows_within_5pct": 0.9564325140990487, "kernel_median": 0.007874688133597374}
{"epoch": 218, "value_loss": 7.383147373491404, "kernel_loss": 34.7076347896031, "seconds": 30.89436674118042, "score": 0.0825591345733131, "samples_all_within_1pct": 0.9631, "kernel_rows_within_5pct": 0.954340865426687, "kernel_median": 0.0070401825942099094}
{"epoch": 219, "value_loss": 6.172621941079899, "kernel_loss": 36.278397832598, "seconds": 30.804896593093872, "score": 0.11360095956862959, "samples_all_within_1pct": 0.9359, "kernel_rows_within_5pct": 0.9504990404313705, "kernel_median": 0.007099267095327377}
{"epoch": 220, "value_loss": 8.784590854936717, "kernel_loss": 33.290446281433105, "seconds": 30.739039421081543, "score": 0.07198876470341298, "samples_all_within_1pct": 0.9684, "kernel_rows_within_5pct": 0.959611235296587, "kernel_median": 0.006899684201925993}
{"epoch": 221, "value_loss": 8.01854472136011, "kernel_loss": 29.461881890588877, "seconds": 30.905295848846436, "score": 0.09757307295248685, "samples_all_within_1pct": 0.9443, "kernel_rows_within_5pct": 0.9581269270475131, "kernel_median": 0.007577812299132347}
{"epoch": 222, "value_loss": 9.04190145828286, "kernel_loss": 28.392636513223454, "seconds": 30.88666534423828, "score": 0.07328207489459782, "samples_all_within_1pct": 0.9697, "kernel_rows_within_5pct": 0.9570179251054022, "kernel_median": 0.008538261987268925}
{"epoch": 223, "value_loss": 6.71096392796964, "kernel_loss": 34.29828560109041, "seconds": 30.79097867012024, "score": 0.08960678991138227, "samples_all_within_1pct": 0.9541, "kernel_rows_within_5pct": 0.9562932100886178, "kernel_median": 0.0067486753687262535}
{"epoch": 224, "value_loss": 8.001594359777412, "kernel_loss": 31.20460374014718, "seconds": 30.942548274993896, "score": 0.12038058396575335, "samples_all_within_1pct": 0.9309, "kernel_rows_within_5pct": 0.9487194160342467, "kernel_median": 0.008088869974017143}
{"epoch": 225, "value_loss": 6.254228348634681, "kernel_loss": 38.13361727461523, "seconds": 30.948510885238647, "score": 0.09580870292928978, "samples_all_within_1pct": 0.9506, "kernel_rows_within_5pct": 0.9535912970707102, "kernel_median": 0.007732432801276445}
{"epoch": 226, "value_loss": 6.527609328834378, "kernel_loss": 37.35250057492937, "seconds": 31.246872901916504, "score": 0.12104099019462677, "samples_all_within_1pct": 0.9367, "kernel_rows_within_5pct": 0.9422590098053732, "kernel_median": 0.00971895270049572}
{"epoch": 227, "value_loss": 8.94313178865277, "kernel_loss": 30.20680771068651, "seconds": 30.945048809051514, "score": 0.06755060062584473, "samples_all_within_1pct": 0.9698, "kernel_rows_within_5pct": 0.9626493993741553, "kernel_median": 0.005744042340666056}
{"epoch": 228, "value_loss": 9.047794356638072, "kernel_loss": 24.794268958422602, "seconds": 30.809322834014893, "score": 0.09574710756211924, "samples_all_within_1pct": 0.9475, "kernel_rows_within_5pct": 0.9567528924378808, "kernel_median": 0.009023357182741165}
{"epoch": 229, "value_loss": 6.013985772522128, "kernel_loss": 33.26945460572534, "seconds": 31.009907722473145, "score": 0.1548358869895693, "samples_all_within_1pct": 0.8943, "kernel_rows_within_5pct": 0.9508641130104307, "kernel_median": 0.00882176123559475}
{"epoch": 230, "value_loss": 5.309248725978696, "kernel_loss": 32.566171286057454, "seconds": 31.79271149635315, "score": 0.16275863048911587, "samples_all_within_1pct": 0.8853, "kernel_rows_within_5pct": 0.9519413695108841, "kernel_median": 0.00890591461211443}
{"epoch": 231, "value_loss": 7.724978011481616, "kernel_loss": 29.899074787996252, "seconds": 31.143501043319702, "score": 0.05954371781727541, "samples_all_within_1pct": 0.9773, "kernel_rows_within_5pct": 0.9631562821827246, "kernel_median": 0.005933110136538744}
{"epoch": 232, "value_loss": 6.672505233969007, "kernel_loss": 26.544003729917566, "seconds": 31.048487186431885, "score": 0.06785566500539153, "samples_all_within_1pct": 0.9712, "kernel_rows_within_5pct": 0.9609443349946085, "kernel_median": 0.006711088120937347}
{"epoch": 233, "value_loss": 6.121045897201616, "kernel_loss": 28.99689651022152, "seconds": 30.71755290031433, "score": 0.07876078514831286, "samples_all_within_1pct": 0.959, "kernel_rows_within_5pct": 0.9622392148516872, "kernel_median": 0.008085548877716064}
{"epoch": 234, "value_loss": 7.88276528582281, "kernel_loss": 24.709982181081966, "seconds": 31.29197907447815, "score": 0.06423585198604276, "samples_all_within_1pct": 0.9733, "kernel_rows_within_5pct": 0.9624641480139572, "kernel_median": 0.006068781018257141}
{"epoch": 235, "value_loss": 6.1550235419857255, "kernel_loss": 33.01071851107539, "seconds": 30.77101159095764, "score": 0.103116101851908, "samples_all_within_1pct": 0.943, "kernel_rows_within_5pct": 0.953883898148092, "kernel_median": 0.008146565407514572}
{"epoch": 236, "value_loss": 6.3316808634874775, "kernel_loss": 35.80455628219916, "seconds": 30.67401647567749, "score": 0.0881401968718627, "samples_all_within_1pct": 0.9561, "kernel_rows_within_5pct": 0.9557598031281374, "kernel_median": 0.007252044975757599}
{"epoch": 237, "value_loss": 7.570609797020348, "kernel_loss": 32.517767808875256, "seconds": 30.700682401657104, "score": 0.07203609419123169, "samples_all_within_1pct": 0.9682, "kernel_rows_within_5pct": 0.9597639058087684, "kernel_median": 0.006568805780261755}
{"epoch": 238, "value_loss": 9.033838529976046, "kernel_loss": 25.334759809532944, "seconds": 30.84874153137207, "score": 0.07709697115070335, "samples_all_within_1pct": 0.9645, "kernel_rows_within_5pct": 0.9584030288492966, "kernel_median": 0.007367756217718124}
{"epoch": 239, "value_loss": 6.672146688918678, "kernel_loss": 26.346836148476115, "seconds": 30.864341497421265, "score": 0.061596458858638625, "samples_all_within_1pct": 0.9761, "kernel_rows_within_5pct": 0.9623035411413614, "kernel_median": 0.009275270625948906}
{"epoch": 240, "value_loss": 7.185915538242885, "kernel_loss": 25.894694688368816, "seconds": 30.813828468322754, "score": 0.06467619096052724, "samples_all_within_1pct": 0.9735, "kernel_rows_within_5pct": 0.9618238090394727, "kernel_median": 0.005696256645023823}
{"epoch": 241, "value_loss": 5.576296824581769, "kernel_loss": 29.652213106350022, "seconds": 30.723260164260864, "score": 0.09585324955321428, "samples_all_within_1pct": 0.9518, "kernel_rows_within_5pct": 0.9523467504467857, "kernel_median": 0.007783596869558096}
{"epoch": 242, "value_loss": 6.382284359056122, "kernel_loss": 35.74245937503114, "seconds": 30.780645847320557, "score": 0.07348495616936102, "samples_all_within_1pct": 0.9673, "kernel_rows_within_5pct": 0.9592150438306389, "kernel_median": 0.006124336738139391}
{"epoch": 243, "value_loss": 7.75035925422396, "kernel_loss": 27.36980664973356, "seconds": 30.80446195602417, "score": 0.06816813486549644, "samples_all_within_1pct": 0.9697, "kernel_rows_within_5pct": 0.9621318651345035, "kernel_median": 0.006482159718871117}
{"epoch": 244, "value_loss": 7.976093614587978, "kernel_loss": 22.071773042484207, "seconds": 30.75167417526245, "score": 0.060329887142866356, "samples_all_within_1pct": 0.979, "kernel_rows_within_5pct": 0.9606701128571337, "kernel_median": 0.006174176465719938}
{"epoch": 245, "value_loss": 5.523939656968019, "kernel_loss": 28.451596318459025, "seconds": 30.990264892578125, "score": 0.08055599632755361, "samples_all_within_1pct": 0.9609, "kernel_rows_within_5pct": 0.9585440036724464, "kernel_median": 0.005905425641685724}
{"epoch": 246, "value_loss": 5.768249165038673, "kernel_loss": 29.177227244085195, "seconds": 30.66246247291565, "score": 0.0630596331855987, "samples_all_within_1pct": 0.976, "kernel_rows_within_5pct": 0.9609403668144013, "kernel_median": 0.005415709689259529}
{"epoch": 247, "value_loss": 6.452985928983105, "kernel_loss": 27.62434215934909, "seconds": 30.854206562042236, "score": 0.06083454967106927, "samples_all_within_1pct": 0.9771, "kernel_rows_within_5pct": 0.9620654503289308, "kernel_median": 0.007444073911756277}
{"epoch": 248, "value_loss": 6.8447497012663865, "kernel_loss": 26.914238559956452, "seconds": 30.92481565475464, "score": 0.07840445263235507, "samples_all_within_1pct": 0.9652, "kernel_rows_within_5pct": 0.956395547367645, "kernel_median": 0.009275095537304878}
{"epoch": 249, "value_loss": 6.007250952477357, "kernel_loss": 27.443695623047496, "seconds": 30.780903339385986, "score": 0.06557839921104225, "samples_all_within_1pct": 0.9729, "kernel_rows_within_5pct": 0.9615216007889578, "kernel_median": 0.009562359191477299}
{"epoch": 250, "value_loss": 5.488302252730545, "kernel_loss": 24.505619341013382, "seconds": 30.750547409057617, "score": 0.06720031004018512, "samples_all_within_1pct": 0.9723, "kernel_rows_within_5pct": 0.9604996899598148, "kernel_median": 0.006671537179499865}
{"epoch": 251, "value_loss": 5.361888091174924, "kernel_loss": 29.165937306929607, "seconds": 30.957513332366943, "score": 0.07671645284788986, "samples_all_within_1pct": 0.964, "kernel_rows_within_5pct": 0.9592835471521102, "kernel_median": 0.006524085532873869}
{"epoch": 252, "value_loss": 6.2845578728889935, "kernel_loss": 26.122646594534114, "seconds": 30.83584475517273, "score": 0.05888858099755456, "samples_all_within_1pct": 0.9779, "kernel_rows_within_5pct": 0.9632114190024454, "kernel_median": 0.00738476263359189}
{"epoch": 253, "value_loss": 5.639945940095551, "kernel_loss": 27.254493217079006, "seconds": 30.74552035331726, "score": 0.12511430748258856, "samples_all_within_1pct": 0.9254, "kernel_rows_within_5pct": 0.9494856925174114, "kernel_median": 0.007471364922821522}
{"epoch": 254, "value_loss": 7.825401922877954, "kernel_loss": 27.985665126722687, "seconds": 30.92501926422119, "score": 0.068565563589148, "samples_all_within_1pct": 0.9728, "kernel_rows_within_5pct": 0.958634436410852, "kernel_median": 0.00748487189412117}
{"epoch": 255, "value_loss": 6.31251503618396, "kernel_loss": 37.78630138903248, "seconds": 30.92943525314331, "score": 0.1413060944773583, "samples_all_within_1pct": 0.9106, "kernel_rows_within_5pct": 0.9480939055226417, "kernel_median": 0.009071962907910347}
{"epoch": 256, "value_loss": 7.416908653414979, "kernel_loss": 32.825843470437185, "seconds": 30.94512701034546, "score": 0.09375924227807797, "samples_all_within_1pct": 0.9506, "kernel_rows_within_5pct": 0.955640757721922, "kernel_median": 0.008007410913705826}
{"epoch": 257, "value_loss": 6.283223689818869, "kernel_loss": 28.931236646613296, "seconds": 30.92325234413147, "score": 0.091027717717862, "samples_all_within_1pct": 0.9549, "kernel_rows_within_5pct": 0.954072282282138, "kernel_median": 0.009296800941228867}
{"epoch": 258, "value_loss": 7.041805155423223, "kernel_loss": 26.194455166252293, "seconds": 30.791161060333252, "score": 0.06397905638345491, "samples_all_within_1pct": 0.9751, "kernel_rows_within_5pct": 0.9609209436165451, "kernel_median": 0.008280073292553425}
{"epoch": 259, "value_loss": 5.4017506777023785, "kernel_loss": 25.480810836869843, "seconds": 30.759718656539917, "score": 0.1473501222512782, "samples_all_within_1pct": 0.9045, "kernel_rows_within_5pct": 0.9481498777487218, "kernel_median": 0.00921260379254818}
{"epoch": 260, "value_loss": 20.35538897222402, "kernel_loss": 47.73471957810071, "seconds": 30.769618272781372, "score": 0.154486910748735, "samples_all_within_1pct": 0.898, "kernel_rows_within_5pct": 0.947513089251265, "kernel_median": 0.008113452233374119}
{"epoch": 261, "value_loss": 10.641778804817978, "kernel_loss": 38.5428490930674, "seconds": 30.765544891357422, "score": 0.4405043897889116, "samples_all_within_1pct": 0.6312, "kernel_rows_within_5pct": 0.9282956102110884, "kernel_median": 0.01438214536756277}
{"epoch": 262, "value_loss": 17.87229362069344, "kernel_loss": 243.1454014875451, "seconds": 30.782735109329224, "score": 1.297043252850981, "samples_all_within_1pct": 0.0165, "kernel_rows_within_5pct": 0.6864567471490192, "kernel_median": 0.032637547701597214}
{"epoch": 263, "value_loss": 174.6826364702108, "kernel_loss": 1563.8660367848922, "seconds": 30.860502243041992, "score": 0.5314955994343463, "samples_all_within_1pct": 0.5412, "kernel_rows_within_5pct": 0.9273044005656537, "kernel_median": 0.020520130172371864}
{"epoch": 264, "value_loss": 16.697951020026693, "kernel_loss": 44.74594597913781, "seconds": 30.79544711112976, "score": 0.1497039102865465, "samples_all_within_1pct": 0.9051, "kernel_rows_within_5pct": 0.9451960897134535, "kernel_median": 0.008356434293091297}
{"epoch": 265, "value_loss": 11.865475574318243, "kernel_loss": 33.65957794384081, "seconds": 30.7565758228302, "score": 0.13743656439970098, "samples_all_within_1pct": 0.9202, "kernel_rows_within_5pct": 0.942363435600299, "kernel_median": 0.011773898266255856}
{"epoch": 266, "value_loss": 9.747018943027575, "kernel_loss": 33.39238978405388, "seconds": 31.148688793182373, "score": 0.3791228491575658, "samples_all_within_1pct": 0.7467, "kernel_rows_within_5pct": 0.8741771508424342, "kernel_median": 0.014374779537320137}
{"epoch": 267, "value_loss": 10.157656455526547, "kernel_loss": 39.24152540674015, "seconds": 31.046708345413208, "score": 0.14139395976139957, "samples_all_within_1pct": 0.9094, "kernel_rows_within_5pct": 0.9492060402386004, "kernel_median": 0.007515817414969206}
{"epoch": 268, "value_loss": 10.217625104651159, "kernel_loss": 39.039016275989766, "seconds": 30.674068689346313, "score": 0.2730109795369301, "samples_all_within_1pct": 0.788, "kernel_rows_within_5pct": 0.9389890204630699, "kernel_median": 0.014151516370475292}
{"epoch": 269, "value_loss": 17.62336114231421, "kernel_loss": 63.46468919637252, "seconds": 30.805732250213623, "score": 0.31579408935381115, "samples_all_within_1pct": 0.7505, "kernel_rows_within_5pct": 0.9337059106461889, "kernel_median": 0.0108330762013793}
{"epoch": 270, "value_loss": 12.884725446603737, "kernel_loss": 38.307347414444905, "seconds": 30.777664184570312, "score": 0.7573847107060876, "samples_all_within_1pct": 0.3011, "kernel_rows_within_5pct": 0.9415152892939125, "kernel_median": 0.00796267855912447}
{"epoch": 271, "value_loss": 12.582079128343231, "kernel_loss": 36.30648037852073, "seconds": 30.849733114242554, "score": 0.2857969410969595, "samples_all_within_1pct": 0.7709, "kernel_rows_within_5pct": 0.9433030589030404, "kernel_median": 0.008744291961193085}
{"epoch": 272, "value_loss": 18.756750882888326, "kernel_loss": 62.158361415473784, "seconds": 30.80203914642334, "score": 0.6649988415628866, "samples_all_within_1pct": 0.4153, "kernel_rows_within_5pct": 0.9197011584371134, "kernel_median": 0.015883950516581535}
{"epoch": 273, "value_loss": 43.339752484341055, "kernel_loss": 172.22714210043148, "seconds": 30.852153062820435, "score": 0.6108649655217353, "samples_all_within_1pct": 0.4829, "kernel_rows_within_5pct": 0.9062350344782647, "kernel_median": 0.013295479118824005}
{"epoch": 274, "value_loss": 25.44453453774355, "kernel_loss": 53.11713493113615, "seconds": 30.599029541015625, "score": 0.6538635800838288, "samples_all_within_1pct": 0.4223, "kernel_rows_within_5pct": 0.9238364199161712, "kernel_median": 0.01033848337829113}
{"epoch": 275, "value_loss": 25.733801257853607, "kernel_loss": 62.11086397754903, "seconds": 30.800952911376953, "score": 0.544055853702803, "samples_all_within_1pct": 0.5635, "kernel_rows_within_5pct": 0.892444146297197, "kernel_median": 0.017230786383152008}
{"epoch": 276, "value_loss": 21.16707828093548, "kernel_loss": 58.32131342985192, "seconds": 30.86735486984253, "score": 0.5406840759852208, "samples_all_within_1pct": 0.5497, "kernel_rows_within_5pct": 0.9096159240147792, "kernel_median": 0.016066964715719223}
{"epoch": 277, "value_loss": 52.01829305473639, "kernel_loss": 165.13694498490315, "seconds": 30.932667016983032, "score": 0.6486155792634597, "samples_all_within_1pct": 0.4773, "kernel_rows_within_5pct": 0.8740844207365402, "kernel_median": 0.018964186310768127}
{"epoch": 278, "value_loss": 27.29232927731105, "kernel_loss": 67.08397522751166, "seconds": 30.96525549888611, "score": 0.29492816278059997, "samples_all_within_1pct": 0.772, "kernel_rows_within_5pct": 0.9330718372194, "kernel_median": 0.010860657319426537}
{"epoch": 279, "value_loss": 35.44486899278602, "kernel_loss": 63.124970183080556, "seconds": 30.851921796798706, "score": 0.6363724475255158, "samples_all_within_1pct": 0.4369, "kernel_rows_within_5pct": 0.9267275524744841, "kernel_median": 0.012191567569971085}
{"epoch": 280, "value_loss": 26.069017974697815, "kernel_loss": 55.502444929006145, "seconds": 30.772664546966553, "score": 0.5266630584978683, "samples_all_within_1pct": 0.5461, "kernel_rows_within_5pct": 0.9272369415021317, "kernel_median": 0.011050794273614883}
{"epoch": 281, "value_loss": 25.674719679112336, "kernel_loss": 78.18239790079545, "seconds": 30.744548797607422, "score": 1.0038754343747578, "samples_all_within_1pct": 0.1177, "kernel_rows_within_5pct": 0.8784245656252422, "kernel_median": 0.019951852038502693}
{"epoch": 282, "value_loss": 23.88393945596656, "kernel_loss": 66.15350096566337, "seconds": 30.77901339530945, "score": 0.5388210399806687, "samples_all_within_1pct": 0.5495, "kernel_rows_within_5pct": 0.9116789600193314, "kernel_median": 0.013456103391945362}
{"epoch": 283, "value_loss": 57.61949399539402, "kernel_loss": 219.1590422026965, "seconds": 30.763534545898438, "score": 0.48031907667129825, "samples_all_within_1pct": 0.6125, "kernel_rows_within_5pct": 0.9071809233287017, "kernel_median": 0.014631995931267738}
{"epoch": 284, "value_loss": 108.85184734208244, "kernel_loss": 193.2973709884955, "seconds": 30.82791233062744, "score": 0.47518810101483067, "samples_all_within_1pct": 0.6054, "kernel_rows_within_5pct": 0.9194118989851693, "kernel_median": 0.012228921987116337}
{"epoch": 285, "value_loss": 35.31294123980464, "kernel_loss": 88.2533898256263, "seconds": 30.747385025024414, "score": 0.7927006020564781, "samples_all_within_1pct": 0.303, "kernel_rows_within_5pct": 0.904299397943522, "kernel_median": 0.014282699674367905}
{"epoch": 286, "value_loss": 33.712163793797394, "kernel_loss": 76.59115711523562, "seconds": 30.943161010742188, "score": 1.0723846714419887, "samples_all_within_1pct": 0.0781, "kernel_rows_within_5pct": 0.8495153285580114, "kernel_median": 0.020901067182421684}
{"epoch": 287, "value_loss": 52.89239159895449, "kernel_loss": 76.93074716840472, "seconds": 30.931744813919067, "score": 0.9299628382220965, "samples_all_within_1pct": 0.1951, "kernel_rows_within_5pct": 0.8749371617779035, "kernel_median": 0.01874913088977337}
{"epoch": 288, "value_loss": 36.64595697850597, "kernel_loss": 60.91860161995401, "seconds": 30.911092519760132, "score": 0.6301989897430895, "samples_all_within_1pct": 0.4646, "kernel_rows_within_5pct": 0.9052010102569105, "kernel_median": 0.015222540125250816}
{"epoch": 289, "value_loss": 48.80309572025221, "kernel_loss": 69.20744319837921, "seconds": 30.882607460021973, "score": 0.9794544393389513, "samples_all_within_1pct": 0.157, "kernel_rows_within_5pct": 0.8635455606610487, "kernel_median": 0.020598577335476875}
{"epoch": 290, "value_loss": 43.0617804089371, "kernel_loss": 60.790188186022704, "seconds": 30.88416600227356, "score": 0.41964947550055987, "samples_all_within_1pct": 0.6625, "kernel_rows_within_5pct": 0.9178505244994402, "kernel_median": 0.012970451265573502}
{"epoch": 291, "value_loss": 36.454841691620494, "kernel_loss": 70.31501501433704, "seconds": 30.857003211975098, "score": 0.5970877681262817, "samples_all_within_1pct": 0.5486, "kernel_rows_within_5pct": 0.8543122318737183, "kernel_median": 0.019851023331284523}
{"epoch": 292, "value_loss": 53.32482203658746, "kernel_loss": 79.64687078826282, "seconds": 30.596335411071777, "score": 0.7703024379872637, "samples_all_within_1pct": 0.33, "kernel_rows_within_5pct": 0.8996975620127362, "kernel_median": 0.013971607200801373}
{"epoch": 293, "value_loss": 18742.344993708084, "kernel_loss": 363899.66959778144, "seconds": 30.75438141822815, "score": 1.999998538038871, "samples_all_within_1pct": 0.0, "kernel_rows_within_5pct": 1.4619611289598e-06, "kernel_median": 0.9999998211860657}
{"epoch": 294, "value_loss": 33967.873485331635, "kernel_loss": 2329534.431466239, "seconds": 30.566950798034668, "score": 2.0, "samples_all_within_1pct": 0.0, "kernel_rows_within_5pct": 0.0, "kernel_median": 0.8254571557044983}
{"epoch": 295, "value_loss": 92034.36265345982, "kernel_loss": 344717.9652224171, "seconds": 30.832168340682983, "score": 2.0, "samples_all_within_1pct": 0.0, "kernel_rows_within_5pct": 0.0, "kernel_median": 1.000001311302185}
{"epoch": 296, "value_loss": 55725.619902941646, "kernel_loss": 155918.30645876515, "seconds": 31.18007254600525, "score": 2.0, "samples_all_within_1pct": 0.0, "kernel_rows_within_5pct": 0.0, "kernel_median": 0.4798469841480255}
{"epoch": 297, "value_loss": 5347.6554210429285, "kernel_loss": 7318.87954867616, "seconds": 30.903238534927368, "score": 1.7226509365218567, "samples_all_within_1pct": 0.0, "kernel_rows_within_5pct": 0.27734906347814337, "kernel_median": 0.07237844914197922}
{"epoch": 298, "value_loss": 284.53369136732454, "kernel_loss": 536.5408124339824, "seconds": 30.894413471221924, "score": 1.3905733117116243, "samples_all_within_1pct": 0.0025, "kernel_rows_within_5pct": 0.6069266882883756, "kernel_median": 0.04150211066007614}
{"epoch": 299, "value_loss": 122.35628272076042, "kernel_loss": 361.6711735628089, "seconds": 30.798696756362915, "score": 1.25840787598142, "samples_all_within_1pct": 0.0235, "kernel_rows_within_5pct": 0.7180921240185802, "kernel_median": 0.030587365850806236}
{"epoch": 300, "value_loss": 74.85368526225187, "kernel_loss": 289.65985987137776, "seconds": 30.779547214508057, "score": 1.1438518107328415, "samples_all_within_1pct": 0.0666, "kernel_rows_within_5pct": 0.7895481892671585, "kernel_median": 0.023291274905204773}
{"epoch": 301, "value_loss": 1236.7259381158012, "kernel_loss": 734.2955413351253, "seconds": 30.989948272705078, "score": 1.4136971973578603, "samples_all_within_1pct": 0.0, "kernel_rows_within_5pct": 0.5863028026421397, "kernel_median": 0.042144812643527985}
{"epoch": 302, "value_loss": 163.97321062671895, "kernel_loss": 354.3284602262536, "seconds": 30.79181671142578, "score": 1.2690289896658145, "samples_all_within_1pct": 0.0051, "kernel_rows_within_5pct": 0.7258710103341856, "kernel_median": 0.031427767127752304}
{"epoch": 303, "value_loss": 95.89640148318544, "kernel_loss": 283.7409794087313, "seconds": 30.893622398376465, "score": 1.3053178418362732, "samples_all_within_1pct": 0.0, "kernel_rows_within_5pct": 0.6946821581637267, "kernel_median": 0.030482543632388115}
{"epoch": 304, "value_loss": 81.75467129142918, "kernel_loss": 264.63694677547534, "seconds": 30.79828953742981, "score": 1.2023720168735377, "samples_all_within_1pct": 0.0289, "kernel_rows_within_5pct": 0.7687279831264624, "kernel_median": 0.026595110073685646}
{"epoch": 305, "value_loss": 73.28886935175682, "kernel_loss": 247.50920766713668, "seconds": 30.88333535194397, "score": 1.254844146151001, "samples_all_within_1pct": 0.0039, "kernel_rows_within_5pct": 0.7412558538489991, "kernel_median": 0.027535926550626755}
{"epoch": 306, "value_loss": 63.835924382112466, "kernel_loss": 232.44000462123327, "seconds": 30.774824142456055, "score": 1.2078957001843533, "samples_all_within_1pct": 0.0032, "kernel_rows_within_5pct": 0.7889042998156467, "kernel_median": 0.02294178307056427}
{"epoch": 307, "value_loss": 70.44586080434371, "kernel_loss": 225.4758635540398, "seconds": 30.8024799823761, "score": 1.2094931540537364, "samples_all_within_1pct": 0.0015, "kernel_rows_within_5pct": 0.7890068459462637, "kernel_median": 0.02349451370537281}
{"epoch": 308, "value_loss": 63.432370769734284, "kernel_loss": 217.91867228916712, "seconds": 30.917073965072632, "score": 1.19265142694716, "samples_all_within_1pct": 0.0362, "kernel_rows_within_5pct": 0.7711485730528401, "kernel_median": 0.030248425900936127}
{"epoch": 309, "value_loss": 59.465588384745075, "kernel_loss": 196.78563090733118, "seconds": 30.74581503868103, "score": 1.2226009860092408, "samples_all_within_1pct": 0.0075, "kernel_rows_within_5pct": 0.7698990139907591, "kernel_median": 0.026827557012438774}
{"epoch": 310, "value_loss": 68.98655613101259, "kernel_loss": 197.48755723602918, "seconds": 30.68989133834839, "score": 1.214674581028047, "samples_all_within_1pct": 0.0, "kernel_rows_within_5pct": 0.7853254189719531, "kernel_median": 0.0239805206656456}
{"epoch": 311, "value_loss": 80.28487721268012, "kernel_loss": 191.9700655255999, "seconds": 30.591706037521362, "score": 1.1780808935673501, "samples_all_within_1pct": 0.0116, "kernel_rows_within_5pct": 0.8103191064326498, "kernel_median": 0.022868085652589798}
{"epoch": 312, "value_loss": 62.18934074713259, "kernel_loss": 192.96577227845484, "seconds": 30.77625274658203, "score": 1.2747751764848148, "samples_all_within_1pct": 0.0, "kernel_rows_within_5pct": 0.7252248235151852, "kernel_median": 0.030643785372376442}
{"epoch": 313, "value_loss": 77.46726072077848, "kernel_loss": 176.8932073943469, "seconds": 30.947965383529663, "score": 1.157738583597757, "samples_all_within_1pct": 0.007, "kernel_rows_within_5pct": 0.8352614164022432, "kernel_median": 0.023339660838246346}
{"epoch": 314, "value_loss": 126.03226600374494, "kernel_loss": 209.22864135430783, "seconds": 30.90150475502014, "score": 1.1600521420132333, "samples_all_within_1pct": 0.0146, "kernel_rows_within_5pct": 0.8253478579867668, "kernel_median": 0.020774615928530693}
{"epoch": 315, "value_loss": 70.5800158831538, "kernel_loss": 201.80495234898157, "seconds": 30.686485767364502, "score": 1.0706284543165343, "samples_all_within_1pct": 0.1132, "kernel_rows_within_5pct": 0.8161715456834658, "kernel_median": 0.019602851942181587}
{"epoch": 316, "value_loss": 80.22583351329881, "kernel_loss": 182.0126713344029, "seconds": 30.722334623336792, "score": 1.141917331027055, "samples_all_within_1pct": 0.0156, "kernel_rows_within_5pct": 0.8424826689729451, "kernel_median": 0.020502660423517227}
{"epoch": 317, "value_loss": 48.99938989172176, "kernel_loss": 155.60069247654505, "seconds": 30.79756188392639, "score": 1.158550132756513, "samples_all_within_1pct": 0.0006, "kernel_rows_within_5pct": 0.8408498672434869, "kernel_median": 0.021428611129522324}
{"epoch": 318, "value_loss": 59.9028556784805, "kernel_loss": 160.21144279168576, "seconds": 30.95410132408142, "score": 1.3767081188340484, "samples_all_within_1pct": 0.0, "kernel_rows_within_5pct": 0.6232918811659516, "kernel_median": 0.040638960897922516}
{"epoch": 319, "value_loss": 68.57716544793577, "kernel_loss": 163.2084126764414, "seconds": 30.919928073883057, "score": 1.004144101770038, "samples_all_within_1pct": 0.1671, "kernel_rows_within_5pct": 0.8287558982299619, "kernel_median": 0.021968940272927284}
{"epoch": 320, "value_loss": 50.41749819930719, "kernel_loss": 150.36412460949956, "seconds": 30.60712456703186, "score": 1.0799697325383883, "samples_all_within_1pct": 0.0697, "kernel_rows_within_5pct": 0.8503302674616116, "kernel_median": 0.02280464582145214}
{"epoch": 321, "value_loss": 47.483471442242056, "kernel_loss": 155.84070692257006, "seconds": 30.8787362575531, "score": 0.8763443641711757, "samples_all_within_1pct": 0.2673, "kernel_rows_within_5pct": 0.8563556358288243, "kernel_median": 0.020479148253798485}
{"epoch": 322, "value_loss": 50.65468029100068, "kernel_loss": 149.7375288204271, "seconds": 30.840485095977783, "score": 0.8993424555391515, "samples_all_within_1pct": 0.2526, "kernel_rows_within_5pct": 0.8480575444608486, "kernel_median": 0.01937444880604744}
{"epoch": 323, "value_loss": 46.18147505546103, "kernel_loss": 154.8502753900022, "seconds": 30.69697666168213, "score": 0.9970178602569836, "samples_all_within_1pct": 0.1545, "kernel_rows_within_5pct": 0.8484821397430165, "kernel_median": 0.018773680552840233}
{"epoch": 324, "value_loss": 59.669621350813884, "kernel_loss": 164.48655035057845, "seconds": 30.8973171710968, "score": 1.1489805075678419, "samples_all_within_1pct": 0.0345, "kernel_rows_within_5pct": 0.8165194924321583, "kernel_median": 0.023818444460630417}
{"epoch": 325, "value_loss": 830.4177444419082, "kernel_loss": 461.27590669904436, "seconds": 30.770185470581055, "score": 1.9528853786970126, "samples_all_within_1pct": 0.0, "kernel_rows_within_5pct": 0.04711462130298748, "kernel_median": 0.10923745483160019}
{"epoch": 326, "value_loss": 993.7359940665109, "kernel_loss": 554.9232691550742, "seconds": 30.838454246520996, "score": 1.2101881837409456, "samples_all_within_1pct": 0.0255, "kernel_rows_within_5pct": 0.7643118162590545, "kernel_median": 0.029552988708019257}
{"epoch": 327, "value_loss": 78.99047573245302, "kernel_loss": 189.6310258982133, "seconds": 30.535491466522217, "score": 1.3857865546567742, "samples_all_within_1pct": 0.0117, "kernel_rows_within_5pct": 0.6025134453432257, "kernel_median": 0.041689515113830566}
{"epoch": 328, "value_loss": 125.48130837265326, "kernel_loss": 177.62146727892818, "seconds": 30.6537446975708, "score": 1.3370067246243753, "samples_all_within_1pct": 0.0001, "kernel_rows_within_5pct": 0.6628932753756248, "kernel_median": 0.03608736768364906}
{"epoch": 329, "value_loss": 45.16932794025966, "kernel_loss": 147.59618420503577, "seconds": 30.775280714035034, "score": 0.8923103902412842, "samples_all_within_1pct": 0.2431, "kernel_rows_within_5pct": 0.8645896097587158, "kernel_median": 0.01862521283328533}
{"epoch": 330, "value_loss": 40.43464232464226, "kernel_loss": 149.95806129611267, "seconds": 30.770922422409058, "score": 1.225244029674469, "samples_all_within_1pct": 0.0128, "kernel_rows_within_5pct": 0.7619559703255308, "kernel_median": 0.031125508248806}
{"epoch": 331, "value_loss": 6386.07878517618, "kernel_loss": 11842.972708877252, "seconds": 30.958062171936035, "score": 1.7847247617995405, "samples_all_within_1pct": 0.0, "kernel_rows_within_5pct": 0.21527523820045952, "kernel_median": 0.07572267949581146}
{"epoch": 332, "value_loss": 2960.3485530541866, "kernel_loss": 2617.651540172343, "seconds": 30.779940605163574, "score": 1.99994381892233, "samples_all_within_1pct": 0.0, "kernel_rows_within_5pct": 5.61810776700266e-05, "kernel_median": 0.6390317678451538}
{"epoch": 333, "value_loss": 3584.2277967491927, "kernel_loss": 1361.5011422293526, "seconds": 30.74409818649292, "score": 1.9331733390920678, "samples_all_within_1pct": 0.0, "kernel_rows_within_5pct": 0.06682666090793216, "kernel_median": 0.13838694989681244}
{"epoch": 334, "value_loss": 457.8663899947186, "kernel_loss": 435.3731887194575, "seconds": 30.979257822036743, "score": 1.416840413785124, "samples_all_within_1pct": 0.0, "kernel_rows_within_5pct": 0.5831595862148761, "kernel_median": 0.04363349825143814}
{"epoch": 335, "value_loss": 270.03266392921915, "kernel_loss": 331.02276564617546, "seconds": 30.907334566116333, "score": 1.413235048701058, "samples_all_within_1pct": 0.0001, "kernel_rows_within_5pct": 0.586664951298942, "kernel_median": 0.04242847114801407}
{"epoch": 336, "value_loss": 114.36445691634198, "kernel_loss": 265.3075264132753, "seconds": 30.83615279197693, "score": 1.222976870751567, "samples_all_within_1pct": 0.0011, "kernel_rows_within_5pct": 0.775923129248433, "kernel_median": 0.024646244943141937}
{"epoch": 337, "value_loss": 54.94507392571897, "kernel_loss": 207.66706645732023, "seconds": 30.792928457260132, "score": 1.096217063717905, "samples_all_within_1pct": 0.1004, "kernel_rows_within_5pct": 0.803382936282095, "kernel_median": 0.02342095784842968}
{"epoch": 338, "value_loss": 42.531145076362456, "kernel_loss": 183.06014500832072, "seconds": 30.778107166290283, "score": 1.154877084469399, "samples_all_within_1pct": 0.0195, "kernel_rows_within_5pct": 0.8256229155306011, "kernel_median": 0.020311716943979263}
{"epoch": 339, "value_loss": 36.963806814076946, "kernel_loss": 169.52058683122908, "seconds": 30.647337675094604, "score": 1.1489168061830095, "samples_all_within_1pct": 0.0256, "kernel_rows_within_5pct": 0.8254831938169904, "kernel_median": 0.021164948120713234}
{"epoch": 340, "value_loss": 86.19601587373383, "kernel_loss": 191.88379661404358, "seconds": 30.839030742645264, "score": 1.2892897808499382, "samples_all_within_1pct": 0.0425, "kernel_rows_within_5pct": 0.6682102191500617, "kernel_median": 0.034287188202142715}
{"epoch": 341, "value_loss": 10968.909516860027, "kernel_loss": 8536414.168665515, "seconds": 30.823293447494507, "score": 1.9899321002596233, "samples_all_within_1pct": 0.0, "kernel_rows_within_5pct": 0.010067899740376588, "kernel_median": 0.12773041427135468}
{"epoch": 342, "value_loss": 3447.08424906828, "kernel_loss": 19918.45758741729, "seconds": 30.802565574645996, "score": 1.996959747406533, "samples_all_within_1pct": 0.0, "kernel_rows_within_5pct": 0.0030402525934668297, "kernel_median": 0.18894124031066895}
{"epoch": 343, "value_loss": 5994.059953962053, "kernel_loss": 3429123.0992279053, "seconds": 30.84662628173828, "score": 1.9924222377654215, "samples_all_within_1pct": 0.0, "kernel_rows_within_5pct": 0.007577762234578346, "kernel_median": 0.3257240355014801}
{"epoch": 344, "value_loss": 4431.212551817602, "kernel_loss": 1058792.6855244539, "seconds": 30.842365980148315, "score": 1.9875927536016977, "samples_all_within_1pct": 0.0, "kernel_rows_within_5pct": 0.01240724639830212, "kernel_median": 0.17994895577430725}
{"epoch": 345, "value_loss": 4739.622432786591, "kernel_loss": 3148.97900390625, "seconds": 30.859777450561523, "score": 1.9907979989511473, "samples_all_within_1pct": 0.0, "kernel_rows_within_5pct": 0.009202001048852684, "kernel_median": 0.2161368727684021}
{"epoch": 346, "value_loss": 2175.4913990254304, "kernel_loss": 1176.3497379847936, "seconds": 30.826250791549683, "score": 1.8913547764045322, "samples_all_within_1pct": 0.0, "kernel_rows_within_5pct": 0.10864522359546784, "kernel_median": 0.10791339725255966}
{"epoch": 347, "value_loss": 1428.3931402089645, "kernel_loss": 1340.1451948516224, "seconds": 30.916361570358276, "score": 1.9698493490826925, "samples_all_within_1pct": 0.0, "kernel_rows_within_5pct": 0.03015065091730751, "kernel_median": 0.13974976539611816}
{"epoch": 348, "value_loss": 760.9438946782326, "kernel_loss": 702.0334070945273, "seconds": 30.99492120742798, "score": 1.7080741398081782, "samples_all_within_1pct": 0.0, "kernel_rows_within_5pct": 0.2919258601918218, "kernel_median": 0.07586505264043808}
{"epoch": 349, "value_loss": 505.81951997718033, "kernel_loss": 539.543327331543, "seconds": 31.01378345489502, "score": 1.5367080687096668, "samples_all_within_1pct": 0.0, "kernel_rows_within_5pct": 0.46329193129033314, "kernel_median": 0.053304802626371384}
{"epoch": 350, "value_loss": 214.96168490818567, "kernel_loss": 359.0594856106505, "seconds": 30.708765983581543, "score": 1.4291941996483357, "samples_all_within_1pct": 0.0042, "kernel_rows_within_5pct": 0.5666058003516643, "kernel_median": 0.04422350227832794}
{"epoch": 351, "value_loss": 147.23234017041264, "kernel_loss": 270.04476126846004, "seconds": 30.546793699264526, "score": 1.2633827181157242, "samples_all_within_1pct": 0.0214, "kernel_rows_within_5pct": 0.7152172818842758, "kernel_median": 0.03308495879173279}
{"epoch": 352, "value_loss": 175.71725732453015, "kernel_loss": 327.2674213331573, "seconds": 30.713074207305908, "score": 1.5303222224983704, "samples_all_within_1pct": 0.0, "kernel_rows_within_5pct": 0.4696777775016296, "kernel_median": 0.05352601781487465}
{"epoch": 353, "value_loss": 493.4956793103899, "kernel_loss": 545.169545854841, "seconds": 31.12269377708435, "score": 1.6082960018704748, "samples_all_within_1pct": 0.0023, "kernel_rows_within_5pct": 0.38940399812952514, "kernel_median": 0.06360471993684769}
{"epoch": 354, "value_loss": 1032.3949768689215, "kernel_loss": 794.440456156828, "seconds": 30.924387216567993, "score": 1.612602896708896, "samples_all_within_1pct": 0.0001, "kernel_rows_within_5pct": 0.3872971032911042, "kernel_median": 0.059604957699775696}
{"epoch": 355, "value_loss": 483.91436899924764, "kernel_loss": 510.6927820322465, "seconds": 30.832818746566772, "score": 1.5434556458745858, "samples_all_within_1pct": 0.0, "kernel_rows_within_5pct": 0.4565443541254141, "kernel_median": 0.05419338867068291}
{"epoch": 356, "value_loss": 249.27019714822575, "kernel_loss": 347.0058677829042, "seconds": 30.916884422302246, "score": 1.630992030432183, "samples_all_within_1pct": 0.0, "kernel_rows_within_5pct": 0.3690079695678171, "kernel_median": 0.06434893608093262}
{"epoch": 357, "value_loss": 129.62377752576555, "kernel_loss": 253.42612309358557, "seconds": 30.90787434577942, "score": 1.2515686681680311, "samples_all_within_1pct": 0.0048, "kernel_rows_within_5pct": 0.7436313318319688, "kernel_median": 0.029799234122037888}
{"epoch": 358, "value_loss": 672.9254266388563, "kernel_loss": 682.9774434615155, "seconds": 30.90693712234497, "score": 1.7005901519374431, "samples_all_within_1pct": 0.0, "kernel_rows_within_5pct": 0.2994098480625569, "kernel_median": 0.08261483162641525}
{"epoch": 359, "value_loss": 156.5193154471261, "kernel_loss": 270.2038283834652, "seconds": 30.720502614974976, "score": 1.1048753896387473, "samples_all_within_1pct": 0.1045, "kernel_rows_within_5pct": 0.7906246103612526, "kernel_median": 0.025272199884057045}
{"epoch": 360, "value_loss": 72.53437418840369, "kernel_loss": 202.9492765932667, "seconds": 30.794490098953247, "score": 1.3751295113770858, "samples_all_within_1pct": 0.017, "kernel_rows_within_5pct": 0.607870488622914, "kernel_median": 0.040098197758197784}
{"epoch": 361, "value_loss": 138.2186252243665, "kernel_loss": 234.46165240540796, "seconds": 30.963576555252075, "score": 1.1508740687359822, "samples_all_within_1pct": 0.0599, "kernel_rows_within_5pct": 0.7892259312640179, "kernel_median": 0.025196896865963936}
{"epoch": 362, "value_loss": 70.2227961773775, "kernel_loss": 192.03966973752392, "seconds": 30.86605715751648, "score": 1.1149250142802276, "samples_all_within_1pct": 0.0697, "kernel_rows_within_5pct": 0.8153749857197725, "kernel_median": 0.022665277123451233}
{"epoch": 363, "value_loss": 39.628641770810496, "kernel_loss": 161.80678219697913, "seconds": 30.68174982070923, "score": 1.027928014725708, "samples_all_within_1pct": 0.1391, "kernel_rows_within_5pct": 0.8329719852742921, "kernel_median": 0.020731668919324875}
{"epoch": 364, "value_loss": 33.418442969419516, "kernel_loss": 164.31440906135404, "seconds": 30.654443740844727, "score": 1.043604267965779, "samples_all_within_1pct": 0.1178, "kernel_rows_within_5pct": 0.8385957320342208, "kernel_median": 0.01987523026764393}
{"epoch": 365, "value_loss": 28.25492391780931, "kernel_loss": 156.41599725217236, "seconds": 30.753313779830933, "score": 0.9448130949320283, "samples_all_within_1pct": 0.1979, "kernel_rows_within_5pct": 0.8572869050679718, "kernel_median": 0.016776075586676598}
{"epoch": 366, "value_loss": 25.573622839791433, "kernel_loss": 148.46963415340502, "seconds": 30.75387930870056, "score": 1.075860441399481, "samples_all_within_1pct": 0.095, "kernel_rows_within_5pct": 0.8291395586005189, "kernel_median": 0.020756952464580536}
{"epoch": 367, "value_loss": 29.232400203237727, "kernel_loss": 152.43750432072852, "seconds": 30.695298671722412, "score": 1.0024174064642493, "samples_all_within_1pct": 0.1443, "kernel_rows_within_5pct": 0.8532825935357509, "kernel_median": 0.017802542075514793}
{"epoch": 368, "value_loss": 45.65704025541033, "kernel_loss": 192.62513549960389, "seconds": 30.586217164993286, "score": 1.0995191090641798, "samples_all_within_1pct": 0.1174, "kernel_rows_within_5pct": 0.7830808909358201, "kernel_median": 0.028435474261641502}
{"epoch": 369, "value_loss": 1273.035034218613, "kernel_loss": 22393.421645339655, "seconds": 30.723631143569946, "score": 1.5650936257241668, "samples_all_within_1pct": 0.0003, "kernel_rows_within_5pct": 0.4346063742758332, "kernel_median": 0.056165654212236404}
{"epoch": 370, "value_loss": 38376.08593158333, "kernel_loss": 455127.9859640939, "seconds": 30.67781686782837, "score": 1.9993139225273382, "samples_all_within_1pct": 0.0, "kernel_rows_within_5pct": 0.000686077472661849, "kernel_median": 0.29243549704551697}
{"epoch": 371, "value_loss": 1226.1267737563776, "kernel_loss": 10267.288302830288, "seconds": 30.63971710205078, "score": 1.5552100621145515, "samples_all_within_1pct": 0.0001, "kernel_rows_within_5pct": 0.44468993788544864, "kernel_median": 0.05418706685304642}
{"epoch": 372, "value_loss": 533.8622749484315, "kernel_loss": 440.1891856290856, "seconds": 30.482086420059204, "score": 1.3937655257034696, "samples_all_within_1pct": 0.0002, "kernel_rows_within_5pct": 0.6060344742965305, "kernel_median": 0.04183616116642952}
{"epoch": 373, "value_loss": 227.0294248619858, "kernel_loss": 297.2625962082221, "seconds": 30.727596044540405, "score": 1.4180293566807134, "samples_all_within_1pct": 0.0004, "kernel_rows_within_5pct": 0.5815706433192867, "kernel_median": 0.0436665415763855}
{"epoch": 374, "value_loss": 400.85513745522013, "kernel_loss": 320.0842749147999, "seconds": 30.72162652015686, "score": 1.3086531662005447, "samples_all_within_1pct": 0.0109, "kernel_rows_within_5pct": 0.6804468337994553, "kernel_median": 0.034316498786211014}
{"epoch": 375, "value_loss": 383.1911982322226, "kernel_loss": 581.3434895106724, "seconds": 30.520567893981934, "score": 1.4969530701705835, "samples_all_within_1pct": 0.0008, "kernel_rows_within_5pct": 0.5022469298294163, "kernel_median": 0.049820952117443085}
{"epoch": 376, "value_loss": 267.71205913777254, "kernel_loss": 1750.1108665466309, "seconds": 30.609698057174683, "score": 1.4264517880097884, "samples_all_within_1pct": 0.0032, "kernel_rows_within_5pct": 0.5703482119902116, "kernel_median": 0.04491010680794716}
{"epoch": 377, "value_loss": 97.95767531103017, "kernel_loss": 193.62128121512276, "seconds": 30.625124216079712, "score": 1.1759539703418211, "samples_all_within_1pct": 0.0509, "kernel_rows_within_5pct": 0.7731460296581789, "kernel_median": 0.028190908953547478}
{"epoch": 378, "value_loss": 55.27894876441177, "kernel_loss": 164.213495526995, "seconds": 30.747370958328247, "score": 1.141998326138048, "samples_all_within_1pct": 0.0694, "kernel_rows_within_5pct": 0.788601673861952, "kernel_median": 0.024670375511050224}
{"epoch": 379, "value_loss": 53.42210314225177, "kernel_loss": 153.35087390821806, "seconds": 31.766984939575195, "score": 1.1234626868673494, "samples_all_within_1pct": 0.0839, "kernel_rows_within_5pct": 0.7926373131326506, "kernel_median": 0.024264927953481674}
{"epoch": 380, "value_loss": 48.37005382654618, "kernel_loss": 153.55440147555603, "seconds": 30.791213035583496, "score": 1.1280085325063924, "samples_all_within_1pct": 0.0624, "kernel_rows_within_5pct": 0.8095914674936076, "kernel_median": 0.022957121953368187}
{"epoch": 381, "value_loss": 45.43350262544593, "kernel_loss": 152.51640012312907, "seconds": 30.953178644180298, "score": 0.9707896817080885, "samples_all_within_1pct": 0.1933, "kernel_rows_within_5pct": 0.8359103182919114, "kernel_median": 0.02109173871576786}
{"epoch": 382, "value_loss": 40.55930206727008, "kernel_loss": 152.91457016614018, "seconds": 30.89788842201233, "score": 1.1031979494742057, "samples_all_within_1pct": 0.1397, "kernel_rows_within_5pct": 0.7571020505257943, "kernel_median": 0.028309645131230354}
{"epoch": 383, "value_loss": 51.019170371853576, "kernel_loss": 159.6382148119868, "seconds": 30.89799165725708, "score": 1.0195150943727236, "samples_all_within_1pct": 0.1617, "kernel_rows_within_5pct": 0.8187849056272763, "kernel_median": 0.022695191204547882}
{"epoch": 384, "value_loss": 36.41526168706466, "kernel_loss": 147.51216144951022, "seconds": 30.982780933380127, "score": 0.9576081869405519, "samples_all_within_1pct": 0.2042, "kernel_rows_within_5pct": 0.8381918130594481, "kernel_median": 0.020810315385460854}
{"epoch": 385, "value_loss": 38.174048774096434, "kernel_loss": 151.4774160969014, "seconds": 30.92878031730652, "score": 0.9360092202546778, "samples_all_within_1pct": 0.2174, "kernel_rows_within_5pct": 0.8465907797453222, "kernel_median": 0.020723093301057816}
{"epoch": 386, "value_loss": 31.078099931989396, "kernel_loss": 141.56135461768326, "seconds": 30.73535132408142, "score": 0.9001465177443444, "samples_all_within_1pct": 0.24, "kernel_rows_within_5pct": 0.8598534822556556, "kernel_median": 0.018664877861738205}
{"epoch": 387, "value_loss": 27.06725851370364, "kernel_loss": 138.2879673704809, "seconds": 30.8625705242157, "score": 0.8881937859968769, "samples_all_within_1pct": 0.2506, "kernel_rows_within_5pct": 0.8612062140031231, "kernel_median": 0.018233466893434525}
{"epoch": 388, "value_loss": 28.351885114397323, "kernel_loss": 142.31905248213786, "seconds": 30.569841146469116, "score": 0.9314426490610346, "samples_all_within_1pct": 0.2011, "kernel_rows_within_5pct": 0.8674573509389654, "kernel_median": 0.01761515438556671}
{"epoch": 389, "value_loss": 24.605658696622264, "kernel_loss": 132.4413116221525, "seconds": 30.681294441223145, "score": 0.8713207743214464, "samples_all_within_1pct": 0.265, "kernel_rows_within_5pct": 0.8636792256785536, "kernel_median": 0.017410466447472572}
{"epoch": 390, "value_loss": 31.51052015654895, "kernel_loss": 137.69097682407923, "seconds": 30.57117247581482, "score": 0.9326568920084818, "samples_all_within_1pct": 0.2314, "kernel_rows_within_5pct": 0.8359431079915182, "kernel_median": 0.020274315029382706}
{"epoch": 391, "value_loss": 261.7778281678959, "kernel_loss": 220.41086963731416, "seconds": 30.673114776611328, "score": 1.3303317868151572, "samples_all_within_1pct": 0.0068, "kernel_rows_within_5pct": 0.6628682131848427, "kernel_median": 0.03648848086595535}
{"epoch": 392, "value_loss": 37.10781207376597, "kernel_loss": 123.15171202834772, "seconds": 30.785903930664062, "score": 0.7978506690665106, "samples_all_within_1pct": 0.3302, "kernel_rows_within_5pct": 0.8719493309334894, "kernel_median": 0.016725456342101097}
{"epoch": 393, "value_loss": 23.01028290086863, "kernel_loss": 116.5775621764514, "seconds": 30.727177619934082, "score": 0.8571926362062192, "samples_all_within_1pct": 0.2693, "kernel_rows_within_5pct": 0.8735073637937808, "kernel_median": 0.016796203330159187}
{"epoch": 394, "value_loss": 80.99710772961987, "kernel_loss": 144.45626441799865, "seconds": 30.579325675964355, "score": 1.2072191713854943, "samples_all_within_1pct": 0.0041, "kernel_rows_within_5pct": 0.7886808286145057, "kernel_median": 0.0283877681940794}
{"epoch": 395, "value_loss": 135.80870727616914, "kernel_loss": 169.50443668754733, "seconds": 30.620019912719727, "score": 1.2125081170170398, "samples_all_within_1pct": 0.0025, "kernel_rows_within_5pct": 0.7849918829829604, "kernel_median": 0.02624928578734398}
{"epoch": 396, "value_loss": 126.56200735909599, "kernel_loss": 153.88809787983797, "seconds": 30.566652536392212, "score": 1.4431999906434487, "samples_all_within_1pct": 0.0, "kernel_rows_within_5pct": 0.5568000093565513, "kernel_median": 0.04564216732978821}
{"epoch": 397, "value_loss": 65.11422549461832, "kernel_loss": 123.86585979072414, "seconds": 30.725963592529297, "score": 0.7804620121096328, "samples_all_within_1pct": 0.3441, "kernel_rows_within_5pct": 0.8754379878903671, "kernel_median": 0.016091419383883476}
{"epoch": 398, "value_loss": 37.009459232797425, "kernel_loss": 105.28973229077397, "seconds": 30.599236249923706, "score": 0.8300496258945896, "samples_all_within_1pct": 0.2912, "kernel_rows_within_5pct": 0.8787503741054103, "kernel_median": 0.016677483916282654}
{"epoch": 399, "value_loss": 33.242100375039236, "kernel_loss": 106.96483343474719, "seconds": 30.558635234832764, "score": 0.7758340566142359, "samples_all_within_1pct": 0.3493, "kernel_rows_within_5pct": 0.8748659433857642, "kernel_median": 0.016869742423295975}
{"epoch": 400, "value_loss": 80.80359200068882, "kernel_loss": 149.98075703212194, "seconds": 30.74680805206299, "score": 1.1081283176022834, "samples_all_within_1pct": 0.0471, "kernel_rows_within_5pct": 0.8447716823977165, "kernel_median": 0.019480949267745018}
{"epoch": 401, "value_loss": 74.55182382038662, "kernel_loss": 135.91745349339075, "seconds": 30.678338289260864, "score": 0.9861487615205148, "samples_all_within_1pct": 0.1434, "kernel_rows_within_5pct": 0.8704512384794852, "kernel_median": 0.01725880242884159}
{"epoch": 402, "value_loss": 33.48761075856734, "kernel_loss": 108.94043836788255, "seconds": 30.63690447807312, "score": 0.840357430490536, "samples_all_within_1pct": 0.279, "kernel_rows_within_5pct": 0.880642569509464, "kernel_median": 0.0151528837159276}
{"epoch": 403, "value_loss": 1424.182576802312, "kernel_loss": 7222.227533729709, "seconds": 30.515225410461426, "score": 1.6835217956683763, "samples_all_within_1pct": 0.0001, "kernel_rows_within_5pct": 0.3163782043316237, "kernel_median": 0.07793136686086655}
{"epoch": 404, "value_loss": 1122.412258848852, "kernel_loss": 1429.7226226183832, "seconds": 30.716488122940063, "score": 1.8746067585627586, "samples_all_within_1pct": 0.0, "kernel_rows_within_5pct": 0.12539324143724145, "kernel_median": 0.18474888801574707}
{"epoch": 405, "value_loss": 967.0675765056999, "kernel_loss": 1096.2966479865872, "seconds": 31.82376718521118, "score": 1.7435308742172504, "samples_all_within_1pct": 0.0, "kernel_rows_within_5pct": 0.25646912578274966, "kernel_median": 0.07816365361213684}
{"epoch": 406, "value_loss": 403.10932011507, "kernel_loss": 719.7835909785057, "seconds": 30.96704077720642, "score": 1.667127025688119, "samples_all_within_1pct": 0.0003, "kernel_rows_within_5pct": 0.332572974311881, "kernel_median": 0.06681317836046219}
{"epoch": 407, "value_loss": 218.7584492430395, "kernel_loss": 605.9092547358299, "seconds": 30.87413239479065, "score": 1.4295148026905933, "samples_all_within_1pct": 0.0011, "kernel_rows_within_5pct": 0.5693851973094067, "kernel_median": 0.04413889721035957}
{"epoch": 408, "value_loss": 346.72660228184293, "kernel_loss": 558.5764835902622, "seconds": 30.80915641784668, "score": 1.7214478223358003, "samples_all_within_1pct": 0.0002, "kernel_rows_within_5pct": 0.2783521776641996, "kernel_median": 0.12889468669891357}
{"epoch": 409, "value_loss": 293.63580119853117, "kernel_loss": 577.8670802213708, "seconds": 30.603309631347656, "score": 1.6330336493118653, "samples_all_within_1pct": 0.0039, "kernel_rows_within_5pct": 0.36306635068813464, "kernel_median": 0.07847723364830017}
{"epoch": 410, "value_loss": 324.66235230893506, "kernel_loss": 506.7774354584363, "seconds": 30.659720420837402, "score": 1.6834069087061665, "samples_all_within_1pct": 0.0011, "kernel_rows_within_5pct": 0.3154930912938335, "kernel_median": 0.07066936790943146}
{"epoch": 411, "value_loss": 3976.4672616452585, "kernel_loss": 3247.3975531130422, "seconds": 31.128042221069336, "score": 1.9727764041144598, "samples_all_within_1pct": 0.0, "kernel_rows_within_5pct": 0.02722359588554014, "kernel_median": 0.3029312491416931}
{"epoch": 412, "value_loss": 7649.6499907824455, "kernel_loss": 5648.104711415816, "seconds": 31.07432246208191, "score": 1.97675377379159, "samples_all_within_1pct": 0.0, "kernel_rows_within_5pct": 0.02324622620841008, "kernel_median": 0.2820662558078766}
{"epoch": 413, "value_loss": 42964.1984115912, "kernel_loss": 7066.311427525112, "seconds": 31.163483142852783, "score": 2.0, "samples_all_within_1pct": 0.0, "kernel_rows_within_5pct": 0.0, "kernel_median": 0.39948025345802307}
{"epoch": 414, "value_loss": 16500.08981385523, "kernel_loss": 3757.414413763552, "seconds": 31.333885431289673, "score": 2.0, "samples_all_within_1pct": 0.0, "kernel_rows_within_5pct": 0.0, "kernel_median": 0.3343782126903534}
{"epoch": 415, "value_loss": 8987.696084781568, "kernel_loss": 2864.7436822385203, "seconds": 30.833051443099976, "score": 1.9999991645936406, "samples_all_within_1pct": 0.0, "kernel_rows_within_5pct": 8.354063594056e-07, "kernel_median": 0.2911248803138733}
{"epoch": 416, "value_loss": 6660.787642498406, "kernel_loss": 2509.4342508121413, "seconds": 30.79401397705078, "score": 1.9996530975092568, "samples_all_within_1pct": 0.0, "kernel_rows_within_5pct": 0.00034690249074317543, "kernel_median": 0.26107117533683777}
{"epoch": 417, "value_loss": 4267.159518494898, "kernel_loss": 2103.7096732003347, "seconds": 30.917892932891846, "score": 1.9974213094201048, "samples_all_within_1pct": 0.0, "kernel_rows_within_5pct": 0.002578690579895236, "kernel_median": 0.24157613515853882}
{"epoch": 418, "value_loss": 3280.330663564254, "kernel_loss": 1770.6405004384567, "seconds": 30.908520936965942, "score": 1.9819867592269067, "samples_all_within_1pct": 0.0, "kernel_rows_within_5pct": 0.018013240773093398, "kernel_median": 0.2078646868467331}
{"epoch": 419, "value_loss": 2443.0903071189414, "kernel_loss": 1429.9378095354352, "seconds": 30.94076180458069, "score": 1.9565916590105155, "samples_all_within_1pct": 0.0, "kernel_rows_within_5pct": 0.04340834098948453, "kernel_median": 0.1629827469587326}
{"epoch": 420, "value_loss": 1821.1419796067842, "kernel_loss": 1222.8688167649873, "seconds": 30.907561540603638, "score": 1.9242938048979457, "samples_all_within_1pct": 0.0, "kernel_rows_within_5pct": 0.07570619510205429, "kernel_median": 0.1378045380115509}
{"epoch": 421, "value_loss": 4376.211679263991, "kernel_loss": 1924.2517292256257, "seconds": 30.920668363571167, "score": 1.9999997911484102, "samples_all_within_1pct": 0.0, "kernel_rows_within_5pct": 2.088515898514e-07, "kernel_median": 0.3348459303379059}
{"epoch": 422, "value_loss": 7594.878396793288, "kernel_loss": 2313.0772225516184, "seconds": 30.8997220993042, "score": 1.9999784882862452, "samples_all_within_1pct": 0.0, "kernel_rows_within_5pct": 2.15117137546942e-05, "kernel_median": 0.25449347496032715}
{"epoch": 423, "value_loss": 4246.910284548389, "kernel_loss": 2225.6851308394453, "seconds": 30.87108564376831, "score": 1.9999074787456959, "samples_all_within_1pct": 0.0, "kernel_rows_within_5pct": 9.25212543041702e-05, "kernel_median": 0.20267443358898163}
{"epoch": 424, "value_loss": 3059.8231375558034, "kernel_loss": 1846.934090750558, "seconds": 30.86633801460266, "score": 1.9989876963439903, "samples_all_within_1pct": 0.0, "kernel_rows_within_5pct": 0.0010123036560097359, "kernel_median": 0.17624391615390778}
{"epoch": 425, "value_loss": 2546.7937198561067, "kernel_loss": 1615.1979687749124, "seconds": 31.159544706344604, "score": 1.9995269511489866, "samples_all_within_1pct": 0.0, "kernel_rows_within_5pct": 0.00047304885101342103, "kernel_median": 0.17402160167694092}
{"epoch": 426, "value_loss": 2240.280546850088, "kernel_loss": 1370.730176030373, "seconds": 30.91285276412964, "score": 1.9934215926228607, "samples_all_within_1pct": 0.0, "kernel_rows_within_5pct": 0.0065784073771393975, "kernel_median": 0.1574169099330902}
{"epoch": 427, "value_loss": 1696.3420086296237, "kernel_loss": 1221.4858541683275, "seconds": 30.745879411697388, "score": 1.9533682435727489, "samples_all_within_1pct": 0.0, "kernel_rows_within_5pct": 0.04663175642725104, "kernel_median": 0.12369851022958755}
{"epoch": 428, "value_loss": 1350.8819742008131, "kernel_loss": 1133.554467337472, "seconds": 30.94088864326477, "score": 1.9163396920984552, "samples_all_within_1pct": 0.0, "kernel_rows_within_5pct": 0.08366030790154486, "kernel_median": 0.12287815660238266}
{"epoch": 429, "value_loss": 1343.167330994898, "kernel_loss": 1051.4176209118903, "seconds": 30.877310276031494, "score": 1.8759507185434523, "samples_all_within_1pct": 0.0, "kernel_rows_within_5pct": 0.1240492814565477, "kernel_median": 0.11082405596971512}
{"epoch": 430, "value_loss": 1274.2523264982262, "kernel_loss": 1042.5701241006657, "seconds": 30.629101514816284, "score": 1.9303505010036364, "samples_all_within_1pct": 0.0, "kernel_rows_within_5pct": 0.06964949899636369, "kernel_median": 0.13096114993095398}
{"epoch": 431, "value_loss": 978.0553175478566, "kernel_loss": 927.2394108674964, "seconds": 30.53500986099243, "score": 1.2008005322165065, "samples_all_within_1pct": 0.0245, "kernel_rows_within_5pct": 0.7746994677834936, "kernel_median": 0.02386052906513214}
{"epoch": 432, "value_loss": 23.80790249668822, "kernel_loss": 152.33016819856604, "seconds": 30.567994117736816, "score": 0.8700345678202723, "samples_all_within_1pct": 0.2658, "kernel_rows_within_5pct": 0.8641654321797276, "kernel_median": 0.014441406354308128}
{"epoch": 433, "value_loss": 12.908867631639753, "kernel_loss": 113.0979170896569, "seconds": 30.560861587524414, "score": 0.7533326236208225, "samples_all_within_1pct": 0.3635, "kernel_rows_within_5pct": 0.8831673763791775, "kernel_median": 0.012671226635575294}
{"epoch": 434, "value_loss": 119.54655396208472, "kernel_loss": 202.39157283549406, "seconds": 30.54497528076172, "score": 1.5634385167861333, "samples_all_within_1pct": 0.0004, "kernel_rows_within_5pct": 0.4361614832138667, "kernel_median": 0.0603288859128952}
{"epoch": 435, "value_loss": 109.27857526467771, "kernel_loss": 256.2004957393724, "seconds": 30.77816104888916, "score": 1.1203104761837133, "samples_all_within_1pct": 0.1116, "kernel_rows_within_5pct": 0.7680895238162866, "kernel_median": 0.027286680415272713}
{"epoch": 436, "value_loss": 116.9017436163766, "kernel_loss": 391.130672454834, "seconds": 30.60739302635193, "score": 1.8806766123186098, "samples_all_within_1pct": 0.0, "kernel_rows_within_5pct": 0.11932338768139021, "kernel_median": 0.1883486956357956}
{"epoch": 437, "value_loss": 42141.253548758374, "kernel_loss": 37723.403108557875, "seconds": 30.732422828674316, "score": 2.0, "samples_all_within_1pct": 0.0, "kernel_rows_within_5pct": 0.0, "kernel_median": 0.730975866317749}
{"epoch": 438, "value_loss": 54851.634974888395, "kernel_loss": 7355.194654815051, "seconds": 30.73550820350647, "score": 2.0, "samples_all_within_1pct": 0.0, "kernel_rows_within_5pct": 0.0, "kernel_median": 0.584855318069458}
{"epoch": 439, "value_loss": 36216.758121412626, "kernel_loss": 7454.928955078125, "seconds": 30.71762228012085, "score": 2.0, "samples_all_within_1pct": 0.0, "kernel_rows_within_5pct": 0.0, "kernel_median": 0.4795718789100647}
{"epoch": 440, "value_loss": 27507.23833605708, "kernel_loss": 5226.117617237324, "seconds": 30.782224416732788, "score": 2.0, "samples_all_within_1pct": 0.0, "kernel_rows_within_5pct": 0.0, "kernel_median": 0.6080055236816406}
{"epoch": 441, "value_loss": 21407.64474051339, "kernel_loss": 4672.114109584263, "seconds": 30.68123722076416, "score": 2.0, "samples_all_within_1pct": 0.0, "kernel_rows_within_5pct": 0.0, "kernel_median": 0.3909304738044739}
{"epoch": 442, "value_loss": 17164.84989586655, "kernel_loss": 3784.167135433275, "seconds": 30.808364391326904, "score": 2.0, "samples_all_within_1pct": 0.0, "kernel_rows_within_5pct": 0.0, "kernel_median": 0.3686656653881073}
{"epoch": 443, "value_loss": 10556.681169782367, "kernel_loss": 2978.675244389748, "seconds": 30.69823670387268, "score": 2.0, "samples_all_within_1pct": 0.0, "kernel_rows_within_5pct": 0.0, "kernel_median": 0.3215067982673645}
{"epoch": 444, "value_loss": 11039.35773826132, "kernel_loss": 2971.92295245735, "seconds": 30.821803331375122, "score": 1.9999997911484102, "samples_all_within_1pct": 0.0, "kernel_rows_within_5pct": 2.088515898514e-07, "kernel_median": 0.2607633173465729}
{"epoch": 445, "value_loss": 8959.133931062659, "kernel_loss": 2572.8812542350925, "seconds": 30.73661708831787, "score": 2.0, "samples_all_within_1pct": 0.0, "kernel_rows_within_5pct": 0.0, "kernel_median": 0.2936718463897705}
{"epoch": 446, "value_loss": 6658.01302540059, "kernel_loss": 2368.4281690947864, "seconds": 30.600501775741577, "score": 1.999994361007074, "samples_all_within_1pct": 0.0, "kernel_rows_within_5pct": 5.6389929259878e-06, "kernel_median": 0.2494436502456665}
{"epoch": 447, "value_loss": 5218.501752580915, "kernel_loss": 2109.6584522480866, "seconds": 30.77545738220215, "score": 1.9999951964134333, "samples_all_within_1pct": 0.0, "kernel_rows_within_5pct": 4.8035865665822e-06, "kernel_median": 0.20070584118366241}
{"epoch": 448, "value_loss": 4739.724609375, "kernel_loss": 1949.6825754593829, "seconds": 30.711076498031616, "score": 1.9999926901943552, "samples_all_within_1pct": 0.0, "kernel_rows_within_5pct": 7.309805644799e-06, "kernel_median": 0.2744986116886139}
{"epoch": 449, "value_loss": 4680.837571747449, "kernel_loss": 1862.1405446578046, "seconds": 30.584646701812744, "score": 1.999823102703396, "samples_all_within_1pct": 0.0, "kernel_rows_within_5pct": 0.0001768972966041358, "kernel_median": 0.1801198124885559}
{"epoch": 450, "value_loss": 6171.983925332828, "kernel_loss": 5380.303706577846, "seconds": 30.622711658477783, "score": 1.9999584385336195, "samples_all_within_1pct": 0.0, "kernel_rows_within_5pct": 4.1561466380428604e-05, "kernel_median": 0.34742024540901184}
{"epoch": 451, "value_loss": 10204.914304149394, "kernel_loss": 15886.247395418128, "seconds": 30.733036994934082, "score": 1.9991067417502055, "samples_all_within_1pct": 0.0, "kernel_rows_within_5pct": 0.0008932582497944378, "kernel_median": 0.4786375164985657}
{"epoch": 452, "value_loss": 9275.991232112963, "kernel_loss": 8598.26990493463, "seconds": 31.449560403823853, "score": 1.999883460812863, "samples_all_within_1pct": 0.0, "kernel_rows_within_5pct": 0.0001165391871370812, "kernel_median": 0.26790860295295715}
{"epoch": 453, "value_loss": 9067.212492028062, "kernel_loss": 2676.9859519491392, "seconds": 30.79949688911438, "score": 1.9998744801944994, "samples_all_within_1pct": 0.0, "kernel_rows_within_5pct": 0.0001255198055006914, "kernel_median": 0.23624186217784882}
{"epoch": 454, "value_loss": 7686.3902874382175, "kernel_loss": 2288.560440997688, "seconds": 30.53793501853943, "score": 1.9992391536581713, "samples_all_within_1pct": 0.0, "kernel_rows_within_5pct": 0.0007608463418286503, "kernel_median": 0.21610939502716064}
{"epoch": 455, "value_loss": 6415.350618323501, "kernel_loss": 2050.3207771145567, "seconds": 30.603427410125732, "score": 1.9989862343828613, "samples_all_within_1pct": 0.0, "kernel_rows_within_5pct": 0.0010137656171386956, "kernel_median": 0.1782483011484146}
{"epoch": 456, "value_loss": 4731.6179398517215, "kernel_loss": 1889.1464706732302, "seconds": 30.60102868080139, "score": 1.9995106607249782, "samples_all_within_1pct": 0.0, "kernel_rows_within_5pct": 0.0004893392750218302, "kernel_median": 0.19758406281471252}
{"epoch": 457, "value_loss": 4221.007040218431, "kernel_loss": 1849.6862481564892, "seconds": 30.54150128364563, "score": 1.9974106579890223, "samples_all_within_1pct": 0.0, "kernel_rows_within_5pct": 0.0025893420109776573, "kernel_median": 0.1798149198293686}
{"epoch": 458, "value_loss": 3737.187872439015, "kernel_loss": 1602.4572174695074, "seconds": 30.363622426986694, "score": 1.9984490680937634, "samples_all_within_1pct": 0.0, "kernel_rows_within_5pct": 0.0015509319062364964, "kernel_median": 0.16874323785305023}
{"epoch": 459, "value_loss": 5354.831138766542, "kernel_loss": 1610.9230327995456, "seconds": 30.39502716064453, "score": 1.9955412274082625, "samples_all_within_1pct": 0.0, "kernel_rows_within_5pct": 0.004458772591737539, "kernel_median": 0.15668509900569916}
{"epoch": 460, "value_loss": 3826.1750432228555, "kernel_loss": 1466.7064968809789, "seconds": 30.55250358581543, "score": 1.9977032590664041, "samples_all_within_1pct": 0.0, "kernel_rows_within_5pct": 0.002296740933595846, "kernel_median": 0.1634511798620224}
{"epoch": 461, "value_loss": 3926.1701217962773, "kernel_loss": 1527.353953458825, "seconds": 30.576120376586914, "score": 1.986143741271309, "samples_all_within_1pct": 0.0, "kernel_rows_within_5pct": 0.013856258728691133, "kernel_median": 0.14006434381008148}
{"epoch": 462, "value_loss": 2708.241228998924, "kernel_loss": 1484.124498639788, "seconds": 30.356366395950317, "score": 1.9874045783192418, "samples_all_within_1pct": 0.0, "kernel_rows_within_5pct": 0.012595421680758232, "kernel_median": 0.13038602471351624}
{"epoch": 463, "value_loss": 2281.587665791414, "kernel_loss": 1375.8243377062738, "seconds": 30.466228485107422, "score": 1.9666879625671119, "samples_all_within_1pct": 0.0, "kernel_rows_within_5pct": 0.03331203743288815, "kernel_median": 0.12335823476314545}
{"epoch": 464, "value_loss": 2801.7163602867904, "kernel_loss": 1426.0726200025908, "seconds": 30.586053371429443, "score": 1.9973695142258217, "samples_all_within_1pct": 0.0, "kernel_rows_within_5pct": 0.002630485774178383, "kernel_median": 0.1723516285419464}
{"epoch": 465, "value_loss": 3121.2880217883053, "kernel_loss": 1429.2459262147242, "seconds": 30.46118402481079, "score": 1.9875428380717235, "samples_all_within_1pct": 0.0, "kernel_rows_within_5pct": 0.012457161928276604, "kernel_median": 0.1376304179430008}
{"epoch": 466, "value_loss": 2055.0504611268334, "kernel_loss": 1444.1748327138473, "seconds": 30.504753351211548, "score": 1.9543256192606278, "samples_all_within_1pct": 0.0, "kernel_rows_within_5pct": 0.045674380739372224, "kernel_median": 0.12489257007837296}
{"epoch": 467, "value_loss": 2397.866555972975, "kernel_loss": 1553.6899725466358, "seconds": 30.630531787872314, "score": 1.962847808384514, "samples_all_within_1pct": 0.0, "kernel_rows_within_5pct": 0.037152191615485844, "kernel_median": 0.12491825222969055}
{"epoch": 468, "value_loss": 2038.1940531827966, "kernel_loss": 1416.5484120894453, "seconds": 30.55633807182312, "score": 1.9678216089968252, "samples_all_within_1pct": 0.0, "kernel_rows_within_5pct": 0.03217839100317475, "kernel_median": 0.1229696199297905}
{"epoch": 469, "value_loss": 2205.0212078483737, "kernel_loss": 1318.3476948640784, "seconds": 30.604883909225464, "score": 1.946984485877351, "samples_all_within_1pct": 0.0, "kernel_rows_within_5pct": 0.05301551412264893, "kernel_median": 0.11498083174228668}
{"epoch": 470, "value_loss": 1920.5581615214446, "kernel_loss": 1207.0109302754304, "seconds": 30.537312269210815, "score": 1.9619543412831297, "samples_all_within_1pct": 0.0, "kernel_rows_within_5pct": 0.038045658716870136, "kernel_median": 0.11816250532865524}
{"epoch": 471, "value_loss": 1903.6221481634645, "kernel_loss": 1145.4134976134008, "seconds": 30.45803427696228, "score": 1.9414313309547921, "samples_all_within_1pct": 0.0, "kernel_rows_within_5pct": 0.05856866904520781, "kernel_median": 0.11062086373567581}
{"epoch": 472, "value_loss": 1822.551480663066, "kernel_loss": 1188.2195967070911, "seconds": 30.395650148391724, "score": 1.9372563876736626, "samples_all_within_1pct": 0.0, "kernel_rows_within_5pct": 0.0627436123263373, "kernel_median": 0.10733575373888016}
{"epoch": 473, "value_loss": 1659.9707492127711, "kernel_loss": 1138.8198323152503, "seconds": 30.58397650718689, "score": 1.9430411590093668, "samples_all_within_1pct": 0.0, "kernel_rows_within_5pct": 0.05695884099063322, "kernel_median": 0.10868100821971893}
{"epoch": 474, "value_loss": 1722.6385678661113, "kernel_loss": 1259.033143958267, "seconds": 30.42198395729065, "score": 1.922555115412433, "samples_all_within_1pct": 0.0, "kernel_rows_within_5pct": 0.0774448845875672, "kernel_median": 0.10289304703474045}
{"epoch": 475, "value_loss": 1590.74423342335, "kernel_loss": 1129.3359290920957, "seconds": 30.624337434768677, "score": 1.9421717098408156, "samples_all_within_1pct": 0.0, "kernel_rows_within_5pct": 0.057828290159184594, "kernel_median": 0.10505273938179016}
{"epoch": 476, "value_loss": 1582.0989330058196, "kernel_loss": 1068.6795196533203, "seconds": 30.418215036392212, "score": 1.9496095415101933, "samples_all_within_1pct": 0.0, "kernel_rows_within_5pct": 0.05039045848980669, "kernel_median": 0.1092492863535881}
{"epoch": 477, "value_loss": 1563.1642468510843, "kernel_loss": 1029.914968685228, "seconds": 30.56202268600464, "score": 1.9438187134783835, "samples_all_within_1pct": 0.0, "kernel_rows_within_5pct": 0.056181286521616455, "kernel_median": 0.1073644757270813}
{"epoch": 478, "value_loss": 1570.0860278071189, "kernel_loss": 1131.173036536392, "seconds": 30.545347452163696, "score": 1.9166901450662257, "samples_all_within_1pct": 0.0, "kernel_rows_within_5pct": 0.0833098549337742, "kernel_median": 0.09923060238361359}
{"epoch": 479, "value_loss": 1364.1773588219467, "kernel_loss": 1027.1131155831474, "seconds": 30.558876037597656, "score": 1.9136565757236341, "samples_all_within_1pct": 0.0, "kernel_rows_within_5pct": 0.0863434242763658, "kernel_median": 0.09555206447839737}
{"epoch": 480, "value_loss": 1310.7592393524792, "kernel_loss": 1066.7118281150351, "seconds": 30.396517992019653, "score": 1.909992901134461, "samples_all_within_1pct": 0.0, "kernel_rows_within_5pct": 0.09000709886553905, "kernel_median": 0.09511417150497437}
{"epoch": 481, "value_loss": 1286.398754509128, "kernel_loss": 1058.3666148283044, "seconds": 30.443859577178955, "score": 1.9117708547188659, "samples_all_within_1pct": 0.0, "kernel_rows_within_5pct": 0.08822914528113408, "kernel_median": 0.0953260287642479}
{"epoch": 482, "value_loss": 1311.8175167161592, "kernel_loss": 1156.2273768210898, "seconds": 30.404290914535522, "score": 1.8958235738725826, "samples_all_within_1pct": 0.0, "kernel_rows_within_5pct": 0.10417642612741743, "kernel_median": 0.09561342746019363}
{"epoch": 483, "value_loss": 1335.0361552335778, "kernel_loss": 1202.8225514937421, "seconds": 30.58775043487549, "score": 1.9162183493247515, "samples_all_within_1pct": 0.0, "kernel_rows_within_5pct": 0.08378165067524852, "kernel_median": 0.09726337343454361}
{"epoch": 484, "value_loss": 1286.6530001893336, "kernel_loss": 1561.542012117347, "seconds": 30.718075275421143, "score": 1.8802227778138627, "samples_all_within_1pct": 0.0, "kernel_rows_within_5pct": 0.1197772221861373, "kernel_median": 0.09375119209289551}
{"epoch": 485, "value_loss": 1334.9304560447226, "kernel_loss": 1537.4837528150908, "seconds": 30.747615337371826, "score": 1.896344449737672, "samples_all_within_1pct": 0.0, "kernel_rows_within_5pct": 0.10365555026232803, "kernel_median": 0.0923110693693161}
{"epoch": 486, "value_loss": 1289.7154690489476, "kernel_loss": 1361.88658640336, "seconds": 30.673166275024414, "score": 1.9124542171208598, "samples_all_within_1pct": 0.0, "kernel_rows_within_5pct": 0.0875457828791403, "kernel_median": 0.09541131556034088}
{"epoch": 487, "value_loss": 1289.659923319914, "kernel_loss": 1425.0913830192721, "seconds": 30.737505435943604, "score": 1.881925753677511, "samples_all_within_1pct": 0.0, "kernel_rows_within_5pct": 0.11807424632248899, "kernel_median": 0.08991602808237076}
{"epoch": 488, "value_loss": 1293.833104347696, "kernel_loss": 1474.556660243443, "seconds": 30.83592438697815, "score": 1.882607236415196, "samples_all_within_1pct": 0.0, "kernel_rows_within_5pct": 0.11739276358480387, "kernel_median": 0.08996962755918503}
{"epoch": 489, "value_loss": 1258.8126239387357, "kernel_loss": 1552.2634812958386, "seconds": 30.758160829544067, "score": 1.8877445678223608, "samples_all_within_1pct": 0.0, "kernel_rows_within_5pct": 0.11225543217763914, "kernel_median": 0.0903528556227684}
{"epoch": 490, "value_loss": 1238.6035511250398, "kernel_loss": 1454.0266194246253, "seconds": 30.849624395370483, "score": 1.9017562121339013, "samples_all_within_1pct": 0.0, "kernel_rows_within_5pct": 0.09824378786609857, "kernel_median": 0.09205562621355057}
{"epoch": 491, "value_loss": 1242.3123854033802, "kernel_loss": 1560.9599839813854, "seconds": 30.826393604278564, "score": 1.9007524713930755, "samples_all_within_1pct": 0.0, "kernel_rows_within_5pct": 0.09924752860692439, "kernel_median": 0.09404490143060684}
{"epoch": 492, "value_loss": 1212.307566740075, "kernel_loss": 1526.348564926459, "seconds": 30.61520290374756, "score": 1.8957045284663674, "samples_all_within_1pct": 0.0, "kernel_rows_within_5pct": 0.10429547153363274, "kernel_median": 0.09113209694623947}
{"epoch": 493, "value_loss": 1210.7840862663425, "kernel_loss": 1601.441685579261, "seconds": 30.713027477264404, "score": 1.8961978359215963, "samples_all_within_1pct": 0.0, "kernel_rows_within_5pct": 0.10380216407840372, "kernel_median": 0.09115348756313324}
{"epoch": 494, "value_loss": 1218.4150751853476, "kernel_loss": 1427.1015064473054, "seconds": 30.590714693069458, "score": 1.8891720684389952, "samples_all_within_1pct": 0.0, "kernel_rows_within_5pct": 0.11082793156100482, "kernel_median": 0.08927099406719208}
{"epoch": 495, "value_loss": 1200.2329070422113, "kernel_loss": 1518.707368188975, "seconds": 30.78023099899292, "score": 1.8856848734432463, "samples_all_within_1pct": 0.0, "kernel_rows_within_5pct": 0.11431512655675365, "kernel_median": 0.08988934010267258}
{"epoch": 496, "value_loss": 1198.5783622897402, "kernel_loss": 1561.449227469308, "seconds": 30.691307067871094, "score": 1.8798946719662062, "samples_all_within_1pct": 0.0, "kernel_rows_within_5pct": 0.12010532803379385, "kernel_median": 0.08868951350450516}
{"epoch": 497, "value_loss": 1185.3611257124921, "kernel_loss": 1406.5946499571508, "seconds": 30.767008543014526, "score": 1.8728052047487003, "samples_all_within_1pct": 0.0, "kernel_rows_within_5pct": 0.12719479525129962, "kernel_median": 0.08926554024219513}
{"epoch": 498, "value_loss": 1183.2279376594388, "kernel_loss": 1731.8371588259326, "seconds": 30.669856786727905, "score": 1.8902927660701379, "samples_all_within_1pct": 0.0, "kernel_rows_within_5pct": 0.1097072339298622, "kernel_median": 0.08966672420501709}
{"epoch": 499, "value_loss": 1182.192666812819, "kernel_loss": 1710.1167655477718, "seconds": 30.721641302108765, "score": 1.8884841113020245, "samples_all_within_1pct": 0.0, "kernel_rows_within_5pct": 0.11151588869797532, "kernel_median": 0.08904147148132324}
runs/kernel-wide-exact/best.pt
[2026-10-09 22:16:59] stage 3: evaluation and figures -> results/forward-kernel-wide-exact
{"base": {"samples_all_within_1pct": 0.96674, "points_within_1pct": 0.9997545531825734, "max_relative_error": 0.06437602639198303, "kernel_rows_within_5pct": 0.9212895259744356, "kernel_median": 0.00740455836057663}}
{"finetuned": {"samples_all_within_1pct": 0.97894, "points_within_1pct": 0.999870676761955, "max_relative_error": 0.07392881065607071, "kernel_rows_within_5pct": 0.9645814353806369, "kernel_median": 0.0073594218119978905}}
/home/smbu/swave/scripts/evaluate_forward_kernels.py:255: UserWarning: Creating legend with loc="best" can be slow with large amounts of data.
  figure.tight_layout()
/home/smbu/swave/scripts/evaluate_forward_kernels.py:256: UserWarning: Creating legend with loc="best" can be slow with large amounts of data.
  figure.savefig(output)
[2026-10-09 22:19:06] stage 4: acceptance check
model       curves<=1%  points<=1%  max rel  kernel<=5%  kernel med
base          96.6740%    99.9755%   6.438%    92.1290%      0.740%
finetuned     97.8940%    99.9871%   7.393%    96.4581%      0.736%
ACCEPTANCE: NOT YET (see runbook: tuning)
[2026-10-09 22:19:06] done. Report back: runs/kernel-wide-exact.log and results/forward-kernel-wide-exact/summary.json
