nohup: ignoring input
[2026-10-08 16:28:39] stage 0: preflight
.........                                                                [100%]
9 passed in 0.76s
[2026-10-08 16:28:48] stage 1: physical sensitivity-kernel labels -> data/kernels
[2026-10-08 16:28:49] stage 2: Sobolev fine-tuning on cuda -> runs/kernel-wide-768
{"epoch": -1, "score": 2.0}
{"epoch": 0, "value_loss": 33769.16645190181, "kernel_loss": 3719.266401952627, "seconds": 37.8105845451355, "score": 1.7542292969073883, "samples_all_within_1pct": 0.0, "kernel_rows_within_5pct": 0.24577070309261168, "kernel_median": 0.07896876335144043}
{"epoch": 1, "value_loss": 1290.3108492481465, "kernel_loss": 697.0128232994858, "seconds": 37.71588659286499, "score": 1.793259690870408, "samples_all_within_1pct": 0.0, "kernel_rows_within_5pct": 0.2067403091295922, "kernel_median": 0.08638022094964981}
{"epoch": 2, "value_loss": 1401.9342517463529, "kernel_loss": 538.0985485777563, "seconds": 37.76325702667236, "score": 1.668867683954914, "samples_all_within_1pct": 0.0, "kernel_rows_within_5pct": 0.33113231604508603, "kernel_median": 0.06657309085130692}
{"epoch": 3, "value_loss": 1454.7449596171477, "kernel_loss": 626.9812021060866, "seconds": 37.62767553329468, "score": 1.928844263337628, "samples_all_within_1pct": 0.0, "kernel_rows_within_5pct": 0.07115573666237199, "kernel_median": 0.1416357159614563}
{"epoch": 4, "value_loss": 1226.2191608973912, "kernel_loss": 522.4581049705039, "seconds": 37.87160134315491, "score": 1.5842986627859257, "samples_all_within_1pct": 0.0, "kernel_rows_within_5pct": 0.4157013372140743, "kernel_median": 0.05746091902256012}
{"epoch": 5, "value_loss": 867.9635472978864, "kernel_loss": 400.71566819171517, "seconds": 37.72161388397217, "score": 1.6006245915646096, "samples_all_within_1pct": 0.0, "kernel_rows_within_5pct": 0.3993754084353904, "kernel_median": 0.05916634574532509}
{"epoch": 6, "value_loss": 844.2344094101263, "kernel_loss": 320.94754705623706, "seconds": 37.27099895477295, "score": 1.4124179813700204, "samples_all_within_1pct": 0.0, "kernel_rows_within_5pct": 0.5875820186299795, "kernel_median": 0.04278950393199921}
{"epoch": 7, "value_loss": 592.0763019639619, "kernel_loss": 278.9109307113959, "seconds": 37.29187226295471, "score": 1.6929436775298037, "samples_all_within_1pct": 0.0, "kernel_rows_within_5pct": 0.3070563224701964, "kernel_median": 0.07177756726741791}
{"epoch": 8, "value_loss": 603.7310712386151, "kernel_loss": 273.03640568013094, "seconds": 37.43371534347534, "score": 1.664850841327302, "samples_all_within_1pct": 0.0, "kernel_rows_within_5pct": 0.335149158672698, "kernel_median": 0.06777084618806839}
{"epoch": 9, "value_loss": 501.9670716110541, "kernel_loss": 235.16097967965263, "seconds": 37.468810081481934, "score": 1.6101565781254275, "samples_all_within_1pct": 0.0, "kernel_rows_within_5pct": 0.3898434218745725, "kernel_median": 0.058749862015247345}
{"epoch": 10, "value_loss": 481.2283962016203, "kernel_loss": 222.62673342957788, "seconds": 37.571717500686646, "score": 1.4712468794961833, "samples_all_within_1pct": 0.0, "kernel_rows_within_5pct": 0.5287531205038168, "kernel_median": 0.04770743474364281}
{"epoch": 11, "value_loss": 312.64095699543856, "kernel_loss": 204.29857401945154, "seconds": 37.490039587020874, "score": 1.2241904860164463, "samples_all_within_1pct": 0.0, "kernel_rows_within_5pct": 0.7758095139835538, "kernel_median": 0.02788151055574417}
{"epoch": 12, "value_loss": 310.52410690151913, "kernel_loss": 182.81044068628427, "seconds": 37.54420518875122, "score": 1.2748834190216598, "samples_all_within_1pct": 0.0059, "kernel_rows_within_5pct": 0.7192165809783402, "kernel_median": 0.031999990344047546}
{"epoch": 13, "value_loss": 253.4037314045186, "kernel_loss": 171.41269563168896, "seconds": 37.50875234603882, "score": 1.4851461616523838, "samples_all_within_1pct": 0.0, "kernel_rows_within_5pct": 0.5148538383476163, "kernel_median": 0.04863341897726059}
{"epoch": 14, "value_loss": 292.25299597759636, "kernel_loss": 163.42440208123654, "seconds": 37.46950006484985, "score": 1.0624693334647706, "samples_all_within_1pct": 0.1244, "kernel_rows_within_5pct": 0.8131306665352294, "kernel_median": 0.027764983475208282}
{"epoch": 15, "value_loss": 160.77583768416423, "kernel_loss": 135.38061095257194, "seconds": 38.289159297943115, "score": 1.2910380327308035, "samples_all_within_1pct": 0.0921, "kernel_rows_within_5pct": 0.6168619672691965, "kernel_median": 0.04353250190615654}
{"epoch": 16, "value_loss": 206.4318356805918, "kernel_loss": 147.73081347407128, "seconds": 37.80220103263855, "score": 1.2854184623552318, "samples_all_within_1pct": 0.0, "kernel_rows_within_5pct": 0.7145815376447681, "kernel_median": 0.03289405629038811}
{"epoch": 17, "value_loss": 201.347473689488, "kernel_loss": 137.73378485076282, "seconds": 38.38650989532471, "score": 1.211280116138192, "samples_all_within_1pct": 0.0, "kernel_rows_within_5pct": 0.7887198838618079, "kernel_median": 0.023581312969326973}
{"epoch": 18, "value_loss": 136.03222391556722, "kernel_loss": 120.47411630591567, "seconds": 37.74428868293762, "score": 1.0786235802007857, "samples_all_within_1pct": 0.1045, "kernel_rows_within_5pct": 0.8168764197992142, "kernel_median": 0.023936090990900993}
{"epoch": 19, "value_loss": 120.73869876472317, "kernel_loss": 125.11574149618343, "seconds": 37.716914653778076, "score": 1.018740890259141, "samples_all_within_1pct": 0.1455, "kernel_rows_within_5pct": 0.835759109740859, "kernel_median": 0.026886271312832832}
{"epoch": 20, "value_loss": 130.79424542796855, "kernel_loss": 117.67197896996323, "seconds": 37.92075729370117, "score": 0.9925835632127975, "samples_all_within_1pct": 0.1546, "kernel_rows_within_5pct": 0.8528164367872025, "kernel_median": 0.022735822945833206}
{"epoch": 21, "value_loss": 107.42006745630381, "kernel_loss": 123.65928653794892, "seconds": 37.346718549728394, "score": 1.2181124870485909, "samples_all_within_1pct": 0.0, "kernel_rows_within_5pct": 0.7818875129514092, "kernel_median": 0.027722908183932304}
{"epoch": 22, "value_loss": 130.1163050203907, "kernel_loss": 120.6101091735217, "seconds": 37.375741720199585, "score": 1.039166238952534, "samples_all_within_1pct": 0.1389, "kernel_rows_within_5pct": 0.821933761047466, "kernel_median": 0.023308422416448593}
{"epoch": 23, "value_loss": 104.92723348189374, "kernel_loss": 105.90106862905074, "seconds": 37.47237801551819, "score": 1.1570113968432918, "samples_all_within_1pct": 0.0411, "kernel_rows_within_5pct": 0.8018886031567083, "kernel_median": 0.02573404088616371}
{"epoch": 24, "value_loss": 99.749156523724, "kernel_loss": 110.39193554313816, "seconds": 37.46062755584717, "score": 1.0785295914716706, "samples_all_within_1pct": 0.0621, "kernel_rows_within_5pct": 0.8593704085283294, "kernel_median": 0.018931102007627487}
{"epoch": 25, "value_loss": 108.19280751870603, "kernel_loss": 105.02997285492566, "seconds": 37.440354108810425, "score": 1.3538590594702815, "samples_all_within_1pct": 0.0082, "kernel_rows_within_5pct": 0.6379409405297186, "kernel_median": 0.03771305829286575}
{"epoch": 26, "value_loss": 95.04789233694271, "kernel_loss": 98.48698857365822, "seconds": 37.368693828582764, "score": 0.799902843138463, "samples_all_within_1pct": 0.3213, "kernel_rows_within_5pct": 0.878797156861537, "kernel_median": 0.020293189212679863}
{"epoch": 27, "value_loss": 79.53437083108085, "kernel_loss": 104.05482350563517, "seconds": 37.35897493362427, "score": 1.1924203506659965, "samples_all_within_1pct": 0.0004, "kernel_rows_within_5pct": 0.8071796493340037, "kernel_median": 0.02465810254216194}
{"epoch": 28, "value_loss": 91.04120560081638, "kernel_loss": 99.91268379834233, "seconds": 37.403578996658325, "score": 1.0693151063608048, "samples_all_within_1pct": 0.0753, "kernel_rows_within_5pct": 0.8553848936391951, "kernel_median": 0.018781011924147606}
{"epoch": 29, "value_loss": 65.02584179080263, "kernel_loss": 108.57954360027702, "seconds": 37.40055513381958, "score": 1.067044828343834, "samples_all_within_1pct": 0.0741, "kernel_rows_within_5pct": 0.858855171656166, "kernel_median": 0.01759544014930725}
{"epoch": 30, "value_loss": 89.3401859828404, "kernel_loss": 95.2964507511684, "seconds": 37.469595432281494, "score": 0.6962066970559653, "samples_all_within_1pct": 0.4289, "kernel_rows_within_5pct": 0.8748933029440347, "kernel_median": 0.016420183703303337}
{"epoch": 31, "value_loss": 65.07717232801477, "kernel_loss": 100.34525219275027, "seconds": 37.42963886260986, "score": 1.0269270447771544, "samples_all_within_1pct": 0.0979, "kernel_rows_within_5pct": 0.8751729552228457, "kernel_median": 0.01623660698533058}
{"epoch": 32, "value_loss": 80.43457140241351, "kernel_loss": 95.82251854332127, "seconds": 37.521583557128906, "score": 0.9982957307184557, "samples_all_within_1pct": 0.137, "kernel_rows_within_5pct": 0.8647042692815443, "kernel_median": 0.02026444301009178}
{"epoch": 33, "value_loss": 74.03956696451927, "kernel_loss": 92.33554791431038, "seconds": 37.619927167892456, "score": 0.6909445976045976, "samples_all_within_1pct": 0.4334, "kernel_rows_within_5pct": 0.8756554023954024, "kernel_median": 0.018240828067064285}
{"epoch": 34, "value_loss": 65.49886290881099, "kernel_loss": 86.21744617150755, "seconds": 37.40500783920288, "score": 0.7536275444754682, "samples_all_within_1pct": 0.3578, "kernel_rows_within_5pct": 0.8885724555245318, "kernel_median": 0.017209121957421303}
{"epoch": 35, "value_loss": 51575.881991970295, "kernel_loss": 119986.994185545, "seconds": 37.3005096912384, "score": 2.0, "samples_all_within_1pct": 0.0, "kernel_rows_within_5pct": 0.0, "kernel_median": 0.9999988675117493}
{"epoch": 36, "value_loss": 105842.57019292092, "kernel_loss": 1666467.6054538025, "seconds": 37.348007678985596, "score": 2.0, "samples_all_within_1pct": 0.0, "kernel_rows_within_5pct": 0.0, "kernel_median": 1.0}
{"epoch": 37, "value_loss": 110101.10435267857, "kernel_loss": 9997.861637037628, "seconds": 37.12253928184509, "score": 2.0, "samples_all_within_1pct": 0.0, "kernel_rows_within_5pct": 0.0, "kernel_median": 0.9999997615814209}
{"epoch": 38, "value_loss": 110112.02363679848, "kernel_loss": 34776.70809251435, "seconds": 37.18123459815979, "score": 2.0, "samples_all_within_1pct": 0.0, "kernel_rows_within_5pct": 0.0, "kernel_median": 0.9999639391899109}
{"epoch": 39, "value_loss": 131700.0904416454, "kernel_loss": 992421.5253208706, "seconds": 37.12564182281494, "score": 2.0, "samples_all_within_1pct": 0.0, "kernel_rows_within_5pct": 0.0, "kernel_median": 0.9996702075004578}
{"epoch": 40, "value_loss": 109820.99266581633, "kernel_loss": 10552.38746611926, "seconds": 37.09460115432739, "score": 2.0, "samples_all_within_1pct": 0.0, "kernel_rows_within_5pct": 0.0, "kernel_median": 0.999998927116394}
{"epoch": 41, "value_loss": 115915.99148995536, "kernel_loss": 54432.146270129146, "seconds": 37.19587731361389, "score": 2.0, "samples_all_within_1pct": 0.0, "kernel_rows_within_5pct": 0.0, "kernel_median": 0.9998634457588196}
{"epoch": 42, "value_loss": 109989.70276626275, "kernel_loss": 4550447.31924127, "seconds": 37.03141689300537, "score": 2.0, "samples_all_within_1pct": 0.0, "kernel_rows_within_5pct": 0.0, "kernel_median": 1.0}
{"epoch": 43, "value_loss": 92636.39213966837, "kernel_loss": 1276901.9615055006, "seconds": 37.17040729522705, "score": 2.0, "samples_all_within_1pct": 0.0, "kernel_rows_within_5pct": 0.0, "kernel_median": 1.0000003576278687}
{"epoch": 44, "value_loss": 71358.44503348214, "kernel_loss": 8601365.743692204, "seconds": 36.917136907577515, "score": 2.0, "samples_all_within_1pct": 0.0, "kernel_rows_within_5pct": 0.0, "kernel_median": 0.9999999403953552}
{"epoch": 45, "value_loss": 82000.0478515625, "kernel_loss": 4839698.520368303, "seconds": 37.03383684158325, "score": 2.0, "samples_all_within_1pct": 0.0, "kernel_rows_within_5pct": 0.0, "kernel_median": 1.0}
{"epoch": 46, "value_loss": 92176.44638871173, "kernel_loss": 2003253.7152921716, "seconds": 37.04106402397156, "score": 2.0, "samples_all_within_1pct": 0.0, "kernel_rows_within_5pct": 0.0, "kernel_median": 1.0000001192092896}
{"epoch": 47, "value_loss": 94402.4589046556, "kernel_loss": 19911870.65841737, "seconds": 36.87671399116516, "score": 2.0, "samples_all_within_1pct": 0.0, "kernel_rows_within_5pct": 0.0, "kernel_median": 0.9988092184066772}
{"epoch": 48, "value_loss": 111626.13552295919, "kernel_loss": 68355.53748305963, "seconds": 36.86065220832825, "score": 2.0, "samples_all_within_1pct": 0.0, "kernel_rows_within_5pct": 0.0, "kernel_median": 0.9973673224449158}
{"epoch": 49, "value_loss": 94798.66796875, "kernel_loss": 25879.38597138074, "seconds": 36.88166880607605, "score": 2.0, "samples_all_within_1pct": 0.0, "kernel_rows_within_5pct": 0.0, "kernel_median": 0.9643729329109192}
{"epoch": 50, "value_loss": 50515.509068080355, "kernel_loss": 13053.910978356187, "seconds": 36.78992700576782, "score": 2.0, "samples_all_within_1pct": 0.0, "kernel_rows_within_5pct": 0.0, "kernel_median": 0.9845767021179199}
{"epoch": 51, "value_loss": 29365.40912488042, "kernel_loss": 7855.0929689991235, "seconds": 37.168315410614014, "score": 2.0, "samples_all_within_1pct": 0.0, "kernel_rows_within_5pct": 0.0, "kernel_median": 1.0000299215316772}
{"epoch": 52, "value_loss": 45341.849372708064, "kernel_loss": 6269.2845234773595, "seconds": 37.14628195762634, "score": 1.9999688811131122, "samples_all_within_1pct": 0.0, "kernel_rows_within_5pct": 3.11188868878586e-05, "kernel_median": 0.3655109405517578}
{"epoch": 53, "value_loss": 7766.850257095026, "kernel_loss": 2612.429452078683, "seconds": 37.17690944671631, "score": 1.9998435701592014, "samples_all_within_1pct": 0.0, "kernel_rows_within_5pct": 0.0001564298407986986, "kernel_median": 0.28809553384780884}
{"epoch": 54, "value_loss": 5863.5418589066485, "kernel_loss": 2242.9801891093352, "seconds": 36.93281030654907, "score": 1.998661887863822, "samples_all_within_1pct": 0.0, "kernel_rows_within_5pct": 0.0013381121361779199, "kernel_median": 0.23499320447444916}
{"epoch": 55, "value_loss": 6583.61750388632, "kernel_loss": 2275.252812599649, "seconds": 36.815582513809204, "score": 1.9986036182702536, "samples_all_within_1pct": 0.0, "kernel_rows_within_5pct": 0.0013963817297464604, "kernel_median": 0.2646862864494324}
{"epoch": 56, "value_loss": 10245.231812769052, "kernel_loss": 2635.4779600805164, "seconds": 37.04817533493042, "score": 1.9981963576700434, "samples_all_within_1pct": 0.0, "kernel_rows_within_5pct": 0.0018036423299566905, "kernel_median": 0.2239191085100174}
{"epoch": 57, "value_loss": 7022.4202594367825, "kernel_loss": 2342.6521500568, "seconds": 37.0085654258728, "score": 1.9996380601947874, "samples_all_within_1pct": 0.0, "kernel_rows_within_5pct": 0.0003619398052124762, "kernel_median": 0.3678140640258789}
{"epoch": 58, "value_loss": 7441.354669064892, "kernel_loss": 2457.462995879504, "seconds": 36.99375057220459, "score": 1.9963229589090763, "samples_all_within_1pct": 0.0, "kernel_rows_within_5pct": 0.0036770410909237484, "kernel_median": 0.22917194664478302}
{"epoch": 59, "value_loss": 19869.20659777583, "kernel_loss": 27292260.725853123, "seconds": 36.86349678039551, "score": 1.9975963270524002, "samples_all_within_1pct": 0.0, "kernel_rows_within_5pct": 0.0024036729475997625, "kernel_median": 0.2271283119916916}
{"epoch": 60, "value_loss": 7032.354056222098, "kernel_loss": 2249.7877097616392, "seconds": 36.96687865257263, "score": 1.9954470353412395, "samples_all_within_1pct": 0.0, "kernel_rows_within_5pct": 0.00455296465876052, "kernel_median": 0.22415345907211304}
{"epoch": 61, "value_loss": 5759.025988520408, "kernel_loss": 2085.6376436194596, "seconds": 37.235557079315186, "score": 1.9980484907444285, "samples_all_within_1pct": 0.0, "kernel_rows_within_5pct": 0.0019515092555714817, "kernel_median": 0.26466700434684753}
{"epoch": 62, "value_loss": 6515.697943239796, "kernel_loss": 2306.065992705676, "seconds": 37.21064281463623, "score": 1.9983101817865123, "samples_all_within_1pct": 0.0, "kernel_rows_within_5pct": 0.0016898182134876775, "kernel_median": 0.29225197434425354}
{"epoch": 63, "value_loss": 5665.838761310188, "kernel_loss": 2216.956922881457, "seconds": 37.25281572341919, "score": 1.997089444243831, "samples_all_within_1pct": 0.0, "kernel_rows_within_5pct": 0.0029105557561691104, "kernel_median": 0.22253429889678955}
{"epoch": 64, "value_loss": 5629.023101183833, "kernel_loss": 3282.24230209662, "seconds": 37.095951795578, "score": 1.997716207864975, "samples_all_within_1pct": 0.0, "kernel_rows_within_5pct": 0.002283792135025059, "kernel_median": 0.26814162731170654}
{"epoch": 65, "value_loss": 10886.306376554528, "kernel_loss": 1339475.6857031998, "seconds": 37.29647254943848, "score": 1.9991737831105478, "samples_all_within_1pct": 0.0, "kernel_rows_within_5pct": 0.0008262168894521384, "kernel_median": 0.2940635681152344}
{"epoch": 66, "value_loss": 14289.19319869061, "kernel_loss": 8437.222722267617, "seconds": 37.1415057182312, "score": 1.9927497170583086, "samples_all_within_1pct": 0.0, "kernel_rows_within_5pct": 0.007250282941691351, "kernel_median": 0.17755895853042603}
{"epoch": 67, "value_loss": 1519.202256494639, "kernel_loss": 889.9580015844228, "seconds": 37.05831813812256, "score": 1.9164439090417908, "samples_all_within_1pct": 0.0, "kernel_rows_within_5pct": 0.08355609095820901, "kernel_median": 0.11293491721153259}
{"epoch": 68, "value_loss": 1096.2299803130481, "kernel_loss": 659.1255432440311, "seconds": 37.08226943016052, "score": 1.5759481496688972, "samples_all_within_1pct": 0.0, "kernel_rows_within_5pct": 0.4240518503311029, "kernel_median": 0.0576711930334568}
{"epoch": 69, "value_loss": 548.9354666885065, "kernel_loss": 462.1278059044663, "seconds": 36.94828820228577, "score": 1.583037408034813, "samples_all_within_1pct": 0.0, "kernel_rows_within_5pct": 0.4169625919651869, "kernel_median": 0.05824354290962219}
{"epoch": 70, "value_loss": 494.9104450770787, "kernel_loss": 403.6396598037408, "seconds": 37.25928997993469, "score": 1.4454347026548588, "samples_all_within_1pct": 0.0, "kernel_rows_within_5pct": 0.5545652973451413, "kernel_median": 0.045193322002887726}
{"epoch": 71, "value_loss": 408.894557641477, "kernel_loss": 365.6653588742626, "seconds": 37.288811445236206, "score": 1.5444750504846505, "samples_all_within_1pct": 0.0, "kernel_rows_within_5pct": 0.45552494951534944, "kernel_median": 0.05395282059907913}
{"epoch": 72, "value_loss": 313.53287607309767, "kernel_loss": 313.82063059904135, "seconds": 37.27710723876953, "score": 1.3422466021621569, "samples_all_within_1pct": 0.0001, "kernel_rows_within_5pct": 0.657653397837843, "kernel_median": 0.03613796830177307}
{"epoch": 73, "value_loss": 257.90250373373226, "kernel_loss": 277.10375439390845, "seconds": 37.18429946899414, "score": 1.3799194208796035, "samples_all_within_1pct": 0.0, "kernel_rows_within_5pct": 0.6200805791203965, "kernel_median": 0.03944367915391922}
{"epoch": 74, "value_loss": 246.45035926663147, "kernel_loss": 281.8366152704979, "seconds": 37.14999556541443, "score": 1.5117179317259977, "samples_all_within_1pct": 0.0, "kernel_rows_within_5pct": 0.48828206827400245, "kernel_median": 0.051061488687992096}
{"epoch": 75, "value_loss": 218.4516361781529, "kernel_loss": 235.28113789461096, "seconds": 37.052199363708496, "score": 1.395104264394417, "samples_all_within_1pct": 0.0002, "kernel_rows_within_5pct": 0.604695735605583, "kernel_median": 0.04109567403793335}
{"epoch": 76, "value_loss": 243.40604715931173, "kernel_loss": 258.57266974935726, "seconds": 37.1854465007782, "score": 1.2952175700994697, "samples_all_within_1pct": 0.0, "kernel_rows_within_5pct": 0.7047824299005303, "kernel_median": 0.032728664577007294}
{"epoch": 77, "value_loss": 169.09831206652584, "kernel_loss": 215.93221532082072, "seconds": 37.0764844417572, "score": 1.2694246103403675, "samples_all_within_1pct": 0.0021, "kernel_rows_within_5pct": 0.7284753896596324, "kernel_median": 0.03103730082511902}
{"epoch": 78, "value_loss": 141.3647421622763, "kernel_loss": 201.276888477559, "seconds": 37.27477669715881, "score": 1.2848193497029818, "samples_all_within_1pct": 0.0023, "kernel_rows_within_5pct": 0.7128806502970183, "kernel_median": 0.033222176134586334}
{"epoch": 79, "value_loss": 129.3183964515219, "kernel_loss": 166.94740692450077, "seconds": 37.31629943847656, "score": 1.239120029807299, "samples_all_within_1pct": 0.0204, "kernel_rows_within_5pct": 0.7404799701927011, "kernel_median": 0.031003223732113838}
{"epoch": 80, "value_loss": 115.43004069036367, "kernel_loss": 164.05286469751474, "seconds": 37.330265045166016, "score": 1.3394470439250399, "samples_all_within_1pct": 0.0061, "kernel_rows_within_5pct": 0.6544529560749601, "kernel_median": 0.03668399155139923}
{"epoch": 81, "value_loss": 111.16236682813995, "kernel_loss": 150.09102856383032, "seconds": 37.09470009803772, "score": 1.2159166526144356, "samples_all_within_1pct": 0.0163, "kernel_rows_within_5pct": 0.7677833473855644, "kernel_median": 0.029254473745822906}
{"epoch": 82, "value_loss": 93.41473811013358, "kernel_loss": 132.70348992639657, "seconds": 37.14897871017456, "score": 1.1716543689350805, "samples_all_within_1pct": 0.0787, "kernel_rows_within_5pct": 0.7496456310649197, "kernel_median": 0.03272216394543648}
{"epoch": 83, "value_loss": 75.15176222275714, "kernel_loss": 132.01633348270337, "seconds": 37.129165172576904, "score": 1.3565586548829816, "samples_all_within_1pct": 0.0003, "kernel_rows_within_5pct": 0.6431413451170185, "kernel_median": 0.03919138014316559}
{"epoch": 84, "value_loss": 78.59499804827632, "kernel_loss": 111.97594050971828, "seconds": 37.378567934036255, "score": 0.9837166744185415, "samples_all_within_1pct": 0.1889, "kernel_rows_within_5pct": 0.8273833255814584, "kernel_median": 0.024704674258828163}
{"epoch": 85, "value_loss": 64.18887545137989, "kernel_loss": 112.54754786588708, "seconds": 37.138097286224365, "score": 1.1619860815452678, "samples_all_within_1pct": 0.0632, "kernel_rows_within_5pct": 0.7748139184547321, "kernel_median": 0.03086046129465103}
{"epoch": 86, "value_loss": 57.428946621563966, "kernel_loss": 111.63182145722058, "seconds": 37.12970209121704, "score": 0.8351072891711077, "samples_all_within_1pct": 0.2941, "kernel_rows_within_5pct": 0.8707927108288923, "kernel_median": 0.015413286164402962}
{"epoch": 87, "value_loss": 52.159123089848734, "kernel_loss": 102.67952623172683, "seconds": 37.433743715286255, "score": 1.0998416846679333, "samples_all_within_1pct": 0.0711, "kernel_rows_within_5pct": 0.8290583153320668, "kernel_median": 0.020993323996663094}
{"epoch": 88, "value_loss": 48.82613012742023, "kernel_loss": 97.46706569438078, "seconds": 37.18092346191406, "score": 0.8391587721949195, "samples_all_within_1pct": 0.3024, "kernel_rows_within_5pct": 0.8584412278050805, "kernel_median": 0.017077405005693436}
{"epoch": 89, "value_loss": 51.65753548485892, "kernel_loss": 91.87639065178074, "seconds": 37.423015117645264, "score": 0.8658679988822262, "samples_all_within_1pct": 0.3119, "kernel_rows_within_5pct": 0.8222320011177737, "kernel_median": 0.02350427582859993}
{"epoch": 90, "value_loss": 45.53869528673133, "kernel_loss": 95.00356927209971, "seconds": 37.61707353591919, "score": 0.9359255926738205, "samples_all_within_1pct": 0.2041, "kernel_rows_within_5pct": 0.8599744073261796, "kernel_median": 0.019038762897253036}
{"epoch": 91, "value_loss": 43.955239013749726, "kernel_loss": 89.60739328423325, "seconds": 37.472320556640625, "score": 0.7756219060464415, "samples_all_within_1pct": 0.3515, "kernel_rows_within_5pct": 0.8728780939535585, "kernel_median": 0.018392931669950485}
{"epoch": 92, "value_loss": 721.5603742502174, "kernel_loss": 69484.40716305557, "seconds": 37.18864417076111, "score": 1.4869581580459346, "samples_all_within_1pct": 0.0, "kernel_rows_within_5pct": 0.5130418419540655, "kernel_median": 0.04886603355407715}
{"epoch": 93, "value_loss": 76.75025200357243, "kernel_loss": 106.65139451318858, "seconds": 37.21128058433533, "score": 0.9366417196296895, "samples_all_within_1pct": 0.2077, "kernel_rows_within_5pct": 0.8556582803703106, "kernel_median": 0.018919657915830612}
{"epoch": 94, "value_loss": 40.000455165395934, "kernel_loss": 89.90984757092534, "seconds": 37.19182872772217, "score": 0.7044915328850404, "samples_all_within_1pct": 0.4072, "kernel_rows_within_5pct": 0.8883084671149596, "kernel_median": 0.015693403780460358}
{"epoch": 95, "value_loss": 268.95016360769466, "kernel_loss": 127270.7834796127, "seconds": 37.17572569847107, "score": 1.3135882691194753, "samples_all_within_1pct": 0.0029, "kernel_rows_within_5pct": 0.6835117308805245, "kernel_median": 0.035006213933229446}
{"epoch": 96, "value_loss": 54.97085378607925, "kernel_loss": 85.73213886728092, "seconds": 37.33698654174805, "score": 1.1833334383926448, "samples_all_within_1pct": 0.0627, "kernel_rows_within_5pct": 0.7539665616073552, "kernel_median": 0.02678544633090496}
{"epoch": 97, "value_loss": 44.42479528699602, "kernel_loss": 92.46340590107198, "seconds": 37.31458020210266, "score": 0.9109422275358708, "samples_all_within_1pct": 0.2263, "kernel_rows_within_5pct": 0.8627577724641292, "kernel_median": 0.016977565363049507}
{"epoch": 98, "value_loss": 44.73448945064934, "kernel_loss": 79.16607662123077, "seconds": 37.357455253601074, "score": 0.9811302705735001, "samples_all_within_1pct": 0.2151, "kernel_rows_within_5pct": 0.8037697294264998, "kernel_median": 0.02506609819829464}
{"epoch": 99, "value_loss": 40.50746378606679, "kernel_loss": 85.92178885790767, "seconds": 37.09620523452759, "score": 0.7768978449022146, "samples_all_within_1pct": 0.3323, "kernel_rows_within_5pct": 0.8908021550977854, "kernel_median": 0.01792125403881073}
{"epoch": 100, "value_loss": 36.58802171629302, "kernel_loss": 79.04876821868274, "seconds": 37.18122410774231, "score": 0.7636739888293638, "samples_all_within_1pct": 0.3705, "kernel_rows_within_5pct": 0.8658260111706362, "kernel_median": 0.01829831302165985}
{"epoch": 101, "value_loss": 35.816709800642364, "kernel_loss": 77.3903426929396, "seconds": 37.12099242210388, "score": 0.5472147591450368, "samples_all_within_1pct": 0.5599, "kernel_rows_within_5pct": 0.8928852408549632, "kernel_median": 0.012453874573111534}
{"epoch": 102, "value_loss": 30.898067513290716, "kernel_loss": 76.61045940554872, "seconds": 37.10754036903381, "score": 0.8167026435807688, "samples_all_within_1pct": 0.304, "kernel_rows_within_5pct": 0.8792973564192311, "kernel_median": 0.017592506483197212}
{"epoch": 103, "value_loss": 30.09505374091012, "kernel_loss": 76.60965298633187, "seconds": 36.88878154754639, "score": 0.8737186387721698, "samples_all_within_1pct": 0.2494, "kernel_rows_within_5pct": 0.8768813612278301, "kernel_median": 0.017185257747769356}
{"epoch": 104, "value_loss": 32.15681914650664, "kernel_loss": 73.21248747377979, "seconds": 37.08047533035278, "score": 0.8268707598167035, "samples_all_within_1pct": 0.2945, "kernel_rows_within_5pct": 0.8786292401832965, "kernel_median": 0.015722185373306274}
{"epoch": 105, "value_loss": 31.262096064431326, "kernel_loss": 68.97069582647207, "seconds": 36.89370512962341, "score": 0.4775810312423182, "samples_all_within_1pct": 0.6193, "kernel_rows_within_5pct": 0.9031189687576818, "kernel_median": 0.014164494350552559}
{"epoch": 106, "value_loss": 28.174129670980026, "kernel_loss": 72.29179026156055, "seconds": 36.91198658943176, "score": 0.5101419672650195, "samples_all_within_1pct": 0.6029, "kernel_rows_within_5pct": 0.8869580327349805, "kernel_median": 0.017315221950411797}
{"epoch": 107, "value_loss": 10402.199868357911, "kernel_loss": 3102463.3354874826, "seconds": 36.678815603256226, "score": 1.4735665848107669, "samples_all_within_1pct": 0.0005, "kernel_rows_within_5pct": 0.5259334151892331, "kernel_median": 0.047664206475019455}
{"epoch": 108, "value_loss": 123.34491025185099, "kernel_loss": 202.98355188175123, "seconds": 36.69722032546997, "score": 1.2886644337647024, "samples_all_within_1pct": 0.0, "kernel_rows_within_5pct": 0.7113355662352976, "kernel_median": 0.0288835559040308}
{"epoch": 109, "value_loss": 68.0293198604973, "kernel_loss": 119.20641447573291, "seconds": 36.813271045684814, "score": 0.9388514968289019, "samples_all_within_1pct": 0.1986, "kernel_rows_within_5pct": 0.8625485031710981, "kernel_median": 0.017315033823251724}
{"epoch": 110, "value_loss": 50.154382871121776, "kernel_loss": 88.9501618755107, "seconds": 36.79346179962158, "score": 0.9592183183938311, "samples_all_within_1pct": 0.1699, "kernel_rows_within_5pct": 0.870881681606169, "kernel_median": 0.015720052644610405}
{"epoch": 111, "value_loss": 39.643801971357696, "kernel_loss": 87.68301520055654, "seconds": 36.875224113464355, "score": 0.8652170204647407, "samples_all_within_1pct": 0.2753, "kernel_rows_within_5pct": 0.8594829795352593, "kernel_median": 0.020501065999269485}
{"epoch": 112, "value_loss": 34.76798401560102, "kernel_loss": 85.49825135055853, "seconds": 36.75746035575867, "score": 0.8891139527481632, "samples_all_within_1pct": 0.2479, "kernel_rows_within_5pct": 0.8629860472518368, "kernel_median": 0.018016645684838295}
{"epoch": 113, "value_loss": 34.264637908157034, "kernel_loss": 77.39870217381691, "seconds": 36.92676377296448, "score": 0.629290292891381, "samples_all_within_1pct": 0.4772, "kernel_rows_within_5pct": 0.8935097071086189, "kernel_median": 0.016101837158203125}
{"epoch": 114, "value_loss": 34.37851237277595, "kernel_loss": 72.5047078619198, "seconds": 36.90971350669861, "score": 0.9968209426975981, "samples_all_within_1pct": 0.1237, "kernel_rows_within_5pct": 0.8794790573024018, "kernel_median": 0.013778549619019032}
{"epoch": 115, "value_loss": 30.26364084652492, "kernel_loss": 76.50103652720549, "seconds": 36.858015298843384, "score": 0.4487140926787284, "samples_all_within_1pct": 0.6583, "kernel_rows_within_5pct": 0.8929859073212716, "kernel_median": 0.013261774554848671}
{"epoch": 116, "value_loss": 28.11874735112093, "kernel_loss": 77.32277142271704, "seconds": 36.91406750679016, "score": 0.5085385469025325, "samples_all_within_1pct": 0.5975, "kernel_rows_within_5pct": 0.8939614530974674, "kernel_median": 0.015458239242434502}
{"epoch": 117, "value_loss": 24.87031203386735, "kernel_loss": 70.76999960140306, "seconds": 36.91223669052124, "score": 0.9025238250583897, "samples_all_within_1pct": 0.209, "kernel_rows_within_5pct": 0.8884761749416104, "kernel_median": 0.01555074006319046}
{"epoch": 118, "value_loss": 28.973414153468852, "kernel_loss": 69.1275749206543, "seconds": 36.90849041938782, "score": 0.6253013816994629, "samples_all_within_1pct": 0.4734, "kernel_rows_within_5pct": 0.901298618300537, "kernel_median": 0.016208186745643616}
{"epoch": 119, "value_loss": 28.49901544804476, "kernel_loss": 68.78584707999715, "seconds": 36.92379927635193, "score": 0.39914887083343686, "samples_all_within_1pct": 0.6998, "kernel_rows_within_5pct": 0.9010511291665632, "kernel_median": 0.018037887290120125}
{"epoch": 120, "value_loss": 21.093359465501745, "kernel_loss": 69.69107345658905, "seconds": 36.910292863845825, "score": 0.5293866511253237, "samples_all_within_1pct": 0.591, "kernel_rows_within_5pct": 0.8796133488746763, "kernel_median": 0.015056273899972439}
{"epoch": 121, "value_loss": 24.76002976115869, "kernel_loss": 65.84151927792296, "seconds": 36.95078778266907, "score": 0.5445223964508596, "samples_all_within_1pct": 0.5697, "kernel_rows_within_5pct": 0.8857776035491404, "kernel_median": 0.014824151992797852}
{"epoch": 122, "value_loss": 26.43555978366307, "kernel_loss": 60.98207175974943, "seconds": 36.930739402770996, "score": 0.4270082267685501, "samples_all_within_1pct": 0.6585, "kernel_rows_within_5pct": 0.9144917732314499, "kernel_median": 0.009406042285263538}
{"epoch": 123, "value_loss": 22.840884303560063, "kernel_loss": 61.74421522568683, "seconds": 36.87913727760315, "score": 0.43950936014347264, "samples_all_within_1pct": 0.6457, "kernel_rows_within_5pct": 0.9147906398565273, "kernel_median": 0.011848734691739082}
{"epoch": 124, "value_loss": 21.073041911027868, "kernel_loss": 66.4939818090322, "seconds": 36.928058385849, "score": 0.7217341571971615, "samples_all_within_1pct": 0.389, "kernel_rows_within_5pct": 0.8892658428028385, "kernel_median": 0.016827620565891266}
{"epoch": 125, "value_loss": 1076.4347731531882, "kernel_loss": 47424.82403128488, "seconds": 37.07386589050293, "score": 0.744772463419122, "samples_all_within_1pct": 0.3636, "kernel_rows_within_5pct": 0.8916275365808781, "kernel_median": 0.01582239381968975}
{"epoch": 126, "value_loss": 38.37074729861045, "kernel_loss": 59.05253128129609, "seconds": 37.335240602493286, "score": 0.5135895028684722, "samples_all_within_1pct": 0.5972, "kernel_rows_within_5pct": 0.8892104971315279, "kernel_median": 0.014278239570558071}
{"epoch": 127, "value_loss": 24.463959805819453, "kernel_loss": 58.78477474134795, "seconds": 37.71785807609558, "score": 0.500852548689049, "samples_all_within_1pct": 0.589, "kernel_rows_within_5pct": 0.910147451310951, "kernel_median": 0.014636778272688389}
{"epoch": 128, "value_loss": 23.970910636746154, "kernel_loss": 63.76524390006552, "seconds": 36.96296238899231, "score": 0.4219342626880995, "samples_all_within_1pct": 0.6629, "kernel_rows_within_5pct": 0.9151657373119004, "kernel_median": 0.014575948007404804}
{"epoch": 129, "value_loss": 19.625876198009568, "kernel_loss": 61.98264186236323, "seconds": 37.332661151885986, "score": 0.6426311260922676, "samples_all_within_1pct": 0.4469, "kernel_rows_within_5pct": 0.9104688739077323, "kernel_median": 0.018770068883895874}
{"epoch": 130, "value_loss": 23.59025925519515, "kernel_loss": 58.75443308694022, "seconds": 36.99091291427612, "score": 0.5173785714927187, "samples_all_within_1pct": 0.577, "kernel_rows_within_5pct": 0.9056214285072813, "kernel_median": 0.01415176596492529}
{"epoch": 131, "value_loss": 19.892796450731705, "kernel_loss": 61.04154972154267, "seconds": 37.30773401260376, "score": 0.4825338373409517, "samples_all_within_1pct": 0.6117, "kernel_rows_within_5pct": 0.9057661626590483, "kernel_median": 0.015180414542555809}
{"epoch": 132, "value_loss": 21.005340834053197, "kernel_loss": 56.61744460281061, "seconds": 37.136358976364136, "score": 0.24811272908669835, "samples_all_within_1pct": 0.8199, "kernel_rows_within_5pct": 0.9319872709133017, "kernel_median": 0.009859559126198292}
{"epoch": 133, "value_loss": 19.03482793301952, "kernel_loss": 56.346801212855745, "seconds": 37.085408449172974, "score": 0.3431477636902739, "samples_all_within_1pct": 0.7457, "kernel_rows_within_5pct": 0.9111522363097261, "kernel_median": 0.014500504359602928}
{"epoch": 134, "value_loss": 17.98321878180212, "kernel_loss": 58.22142287663051, "seconds": 37.35140013694763, "score": 0.38356053369099863, "samples_all_within_1pct": 0.6902, "kernel_rows_within_5pct": 0.9262394663090013, "kernel_median": 0.009308566339313984}
{"epoch": 135, "value_loss": 16.207714647662883, "kernel_loss": 58.46012210845947, "seconds": 37.21139121055603, "score": 0.5224478593651872, "samples_all_within_1pct": 0.5635, "kernel_rows_within_5pct": 0.9140521406348128, "kernel_median": 0.010981976054608822}
{"epoch": 136, "value_loss": 16.125105293429627, "kernel_loss": 57.96347277505057, "seconds": 36.98274374008179, "score": 0.45972247406011046, "samples_all_within_1pct": 0.6301, "kernel_rows_within_5pct": 0.9101775259398895, "kernel_median": 0.014379171654582024}
{"epoch": 137, "value_loss": 18.22946560139559, "kernel_loss": 52.16983760133081, "seconds": 36.97464418411255, "score": 0.490428125082888, "samples_all_within_1pct": 0.601, "kernel_rows_within_5pct": 0.908571874917112, "kernel_median": 0.010829235427081585}
{"epoch": 138, "value_loss": 14.619632864484982, "kernel_loss": 61.35630825587681, "seconds": 37.18088626861572, "score": 0.6411133042639766, "samples_all_within_1pct": 0.4409, "kernel_rows_within_5pct": 0.9179866957360233, "kernel_median": 0.012835380621254444}
{"epoch": 139, "value_loss": 21.559036797406723, "kernel_loss": 53.407096901718454, "seconds": 37.17583990097046, "score": 0.24529530528776722, "samples_all_within_1pct": 0.823, "kernel_rows_within_5pct": 0.9317046947122328, "kernel_median": 0.00875162985175848}
{"epoch": 140, "value_loss": 17.241344262142572, "kernel_loss": 55.13954837954774, "seconds": 37.12955904006958, "score": 0.3396995091152232, "samples_all_within_1pct": 0.7339, "kernel_rows_within_5pct": 0.9264004908847768, "kernel_median": 0.010077823884785175}
{"epoch": 141, "value_loss": 16.54359233379364, "kernel_loss": 51.306814388353, "seconds": 37.40259289741516, "score": 0.25745285812356455, "samples_all_within_1pct": 0.818, "kernel_rows_within_5pct": 0.9245471418764355, "kernel_median": 0.014056984335184097}
{"epoch": 142, "value_loss": 17.903918820984508, "kernel_loss": 49.686100804075906, "seconds": 37.508564710617065, "score": 0.2424830787188793, "samples_all_within_1pct": 0.8229, "kernel_rows_within_5pct": 0.9346169212811207, "kernel_median": 0.012042917311191559}
{"epoch": 143, "value_loss": 15.951149101160011, "kernel_loss": 51.393181489438426, "seconds": 37.45415759086609, "score": 0.23741174879999105, "samples_all_within_1pct": 0.8339, "kernel_rows_within_5pct": 0.928688251200009, "kernel_median": 0.01197817176580429}
{"epoch": 144, "value_loss": 14.129008519406222, "kernel_loss": 52.22735958683248, "seconds": 37.40674948692322, "score": 0.31301130595107984, "samples_all_within_1pct": 0.7619, "kernel_rows_within_5pct": 0.9250886940489201, "kernel_median": 0.009904180653393269}
{"epoch": 145, "value_loss": 15.596993901291672, "kernel_loss": 49.90279263866191, "seconds": 37.20989441871643, "score": 0.42811995689720894, "samples_all_within_1pct": 0.6533, "kernel_rows_within_5pct": 0.9185800431027911, "kernel_median": 0.01202655490487814}
{"epoch": 146, "value_loss": 13.784480323596876, "kernel_loss": 52.68104944423754, "seconds": 37.19810247421265, "score": 0.348808709529, "samples_all_within_1pct": 0.7332, "kernel_rows_within_5pct": 0.917991290471, "kernel_median": 0.009587489999830723}
{"epoch": 147, "value_loss": 17.67657967489593, "kernel_loss": 49.158863651509186, "seconds": 37.21272540092468, "score": 0.3339176141462701, "samples_all_within_1pct": 0.7432, "kernel_rows_within_5pct": 0.92288238585373, "kernel_median": 0.010168234817683697}
{"epoch": 148, "value_loss": 15.31358402845811, "kernel_loss": 52.369646052924956, "seconds": 37.21277213096619, "score": 0.3799658381036777, "samples_all_within_1pct": 0.7118, "kernel_rows_within_5pct": 0.9082341618963223, "kernel_median": 0.011367425322532654}
{"epoch": 149, "value_loss": 15.148526712339752, "kernel_loss": 50.29967475424007, "seconds": 37.2013304233551, "score": 0.2241806178832515, "samples_all_within_1pct": 0.8455, "kernel_rows_within_5pct": 0.9303193821167485, "kernel_median": 0.00860883854329586}
{"epoch": 150, "value_loss": 14.326152224929965, "kernel_loss": 50.482576944390125, "seconds": 37.231391191482544, "score": 0.23485533207507214, "samples_all_within_1pct": 0.8311, "kernel_rows_within_5pct": 0.9340446679249279, "kernel_median": 0.008729825727641582}
{"epoch": 151, "value_loss": 12.380804356263608, "kernel_loss": 51.35228353617143, "seconds": 37.35651111602783, "score": 0.34934011161864365, "samples_all_within_1pct": 0.7287, "kernel_rows_within_5pct": 0.9219598883813563, "kernel_median": 0.011703173629939556}
{"epoch": 152, "value_loss": 14.211714065804774, "kernel_loss": 49.33387957787027, "seconds": 37.30696392059326, "score": 0.5036131205581184, "samples_all_within_1pct": 0.5748, "kernel_rows_within_5pct": 0.9215868794418817, "kernel_median": 0.010626427829265594}
{"epoch": 153, "value_loss": 18.756739000884853, "kernel_loss": 52.43203365559481, "seconds": 37.27058005332947, "score": 0.32905287944731176, "samples_all_within_1pct": 0.7475, "kernel_rows_within_5pct": 0.9234471205526882, "kernel_median": 0.009498528204858303}
{"epoch": 154, "value_loss": 12.37387181058222, "kernel_loss": 50.78905549341319, "seconds": 37.31557369232178, "score": 0.44621183135902454, "samples_all_within_1pct": 0.6274, "kernel_rows_within_5pct": 0.9263881686409755, "kernel_median": 0.010512849316000938}
{"epoch": 155, "value_loss": 14.064547772310219, "kernel_loss": 49.04282120295933, "seconds": 37.222339153289795, "score": 0.34868565820309516, "samples_all_within_1pct": 0.7195, "kernel_rows_within_5pct": 0.9318143417969048, "kernel_median": 0.011383160948753357}
{"epoch": 156, "value_loss": 13.211689304332344, "kernel_loss": 46.37643080341573, "seconds": 38.349053382873535, "score": 0.2699655991565738, "samples_all_within_1pct": 0.7987, "kernel_rows_within_5pct": 0.9313344008434262, "kernel_median": 0.011446596123278141}
{"epoch": 157, "value_loss": 14.358458492220665, "kernel_loss": 46.87073481812769, "seconds": 37.45174765586853, "score": 0.1923112430658661, "samples_all_within_1pct": 0.8725, "kernel_rows_within_5pct": 0.9351887569341338, "kernel_median": 0.007159929256886244}
{"epoch": 158, "value_loss": 12.194896316041751, "kernel_loss": 49.226952805811045, "seconds": 37.470311641693115, "score": 0.2041843356504025, "samples_all_within_1pct": 0.8565, "kernel_rows_within_5pct": 0.9393156643495975, "kernel_median": 0.00903058610856533}
{"epoch": 159, "value_loss": 12.585782917178406, "kernel_loss": 46.43166040887638, "seconds": 37.263816118240356, "score": 0.33102839734182055, "samples_all_within_1pct": 0.748, "kernel_rows_within_5pct": 0.9209716026581795, "kernel_median": 0.011029797606170177}
{"epoch": 160, "value_loss": 12.873332892145429, "kernel_loss": 44.462003445138734, "seconds": 37.43376135826111, "score": 0.2851103387802524, "samples_all_within_1pct": 0.7879, "kernel_rows_within_5pct": 0.9269896612197476, "kernel_median": 0.0122867776080966}
{"epoch": 161, "value_loss": 10.449350415443888, "kernel_loss": 45.67101437704904, "seconds": 37.17027544975281, "score": 0.2203738334855514, "samples_all_within_1pct": 0.848, "kernel_rows_within_5pct": 0.9316261665144486, "kernel_median": 0.009485905058681965}
{"epoch": 162, "value_loss": 13.980872275877973, "kernel_loss": 45.96472117365623, "seconds": 37.207958459854126, "score": 0.24686187426758355, "samples_all_within_1pct": 0.8177, "kernel_rows_within_5pct": 0.9354381257324165, "kernel_median": 0.012126758694648743}
{"epoch": 163, "value_loss": 13.347998059525782, "kernel_loss": 42.161895654639416, "seconds": 37.274638652801514, "score": 0.3146911402858218, "samples_all_within_1pct": 0.7552, "kernel_rows_within_5pct": 0.9301088597141782, "kernel_median": 0.013081498444080353}
{"epoch": 164, "value_loss": 11.590705282834112, "kernel_loss": 45.98631977548405, "seconds": 37.37437152862549, "score": 0.18327510244692613, "samples_all_within_1pct": 0.882, "kernel_rows_within_5pct": 0.9347248975530739, "kernel_median": 0.009555085562169552}
{"epoch": 165, "value_loss": 10.366800802094597, "kernel_loss": 46.005118107309144, "seconds": 37.34273958206177, "score": 0.19538077205749516, "samples_all_within_1pct": 0.8705, "kernel_rows_within_5pct": 0.9341192279425048, "kernel_median": 0.0076811290346086025}
{"epoch": 166, "value_loss": 13.1835552867578, "kernel_loss": 43.1620787503768, "seconds": 37.38553786277771, "score": 0.17582185840739384, "samples_all_within_1pct": 0.8842, "kernel_rows_within_5pct": 0.9399781415926062, "kernel_median": 0.007486711256206036}
{"epoch": 167, "value_loss": 15.173545798476862, "kernel_loss": 43.05165696630672, "seconds": 37.464433908462524, "score": 0.48492432527883256, "samples_all_within_1pct": 0.5907, "kernel_rows_within_5pct": 0.9243756747211674, "kernel_median": 0.011057509109377861}
{"epoch": 168, "value_loss": 12.822500708151837, "kernel_loss": 41.791555550633646, "seconds": 37.71275568008423, "score": 0.21515670326930014, "samples_all_within_1pct": 0.8422, "kernel_rows_within_5pct": 0.9426432967306999, "kernel_median": 0.0076021659187972546}
{"epoch": 169, "value_loss": 11.86631642555704, "kernel_loss": 42.93989028736036, "seconds": 37.277881145477295, "score": 0.22567243658169267, "samples_all_within_1pct": 0.8392, "kernel_rows_within_5pct": 0.9351275634183074, "kernel_median": 0.008506229147315025}
{"epoch": 170, "value_loss": 11.434740579858119, "kernel_loss": 44.204337003279704, "seconds": 37.27741527557373, "score": 0.20329564807588163, "samples_all_within_1pct": 0.8533, "kernel_rows_within_5pct": 0.9434043519241184, "kernel_median": 0.008040436543524265}
{"epoch": 171, "value_loss": 11.916615848638573, "kernel_loss": 39.8858765290708, "seconds": 37.19260811805725, "score": 0.21949002111280724, "samples_all_within_1pct": 0.8387, "kernel_rows_within_5pct": 0.9418099788871928, "kernel_median": 0.009927141480147839}
{"epoch": 172, "value_loss": 11.518645512814425, "kernel_loss": 41.28052078947729, "seconds": 37.292622327804565, "score": 0.1712873951591125, "samples_all_within_1pct": 0.8866, "kernel_rows_within_5pct": 0.9421126048408874, "kernel_median": 0.008341006003320217}
{"epoch": 173, "value_loss": 10.347285942155487, "kernel_loss": 41.9791650674781, "seconds": 37.19819736480713, "score": 0.23292217496374856, "samples_all_within_1pct": 0.8258, "kernel_rows_within_5pct": 0.9412778250362515, "kernel_median": 0.008103015832602978}
{"epoch": 174, "value_loss": 9.995718121528625, "kernel_loss": 42.81220242441917, "seconds": 37.28579115867615, "score": 0.1961175578189963, "samples_all_within_1pct": 0.8683, "kernel_rows_within_5pct": 0.9355824421810037, "kernel_median": 0.007930728606879711}
{"epoch": 175, "value_loss": 11.08339908901526, "kernel_loss": 41.870726760552856, "seconds": 37.25532865524292, "score": 0.2267884541828692, "samples_all_within_1pct": 0.8348, "kernel_rows_within_5pct": 0.9384115458171308, "kernel_median": 0.011397906579077244}
{"epoch": 176, "value_loss": 10.73651713862711, "kernel_loss": 38.35512838558275, "seconds": 37.53149127960205, "score": 0.2118277888109431, "samples_all_within_1pct": 0.8505, "kernel_rows_within_5pct": 0.9376722111890569, "kernel_median": 0.008288287557661533}
{"epoch": 177, "value_loss": 10.525013935809232, "kernel_loss": 42.68853055214395, "seconds": 37.35753154754639, "score": 0.2720716104692289, "samples_all_within_1pct": 0.7923, "kernel_rows_within_5pct": 0.9356283895307711, "kernel_median": 0.008447105996310711}
{"epoch": 178, "value_loss": 10.469781408504565, "kernel_loss": 38.79613308030732, "seconds": 37.42851758003235, "score": 0.17947246172742404, "samples_all_within_1pct": 0.8818, "kernel_rows_within_5pct": 0.9387275382725759, "kernel_median": 0.011111865751445293}
{"epoch": 179, "value_loss": 10.602948891873263, "kernel_loss": 38.3275548973862, "seconds": 37.50833821296692, "score": 0.30008688069499134, "samples_all_within_1pct": 0.7675, "kernel_rows_within_5pct": 0.9324131193050087, "kernel_median": 0.011170015670359135}
{"epoch": 180, "value_loss": 9.169080627207853, "kernel_loss": 44.13066663547438, "seconds": 37.423903703689575, "score": 0.27344501578813596, "samples_all_within_1pct": 0.7902, "kernel_rows_within_5pct": 0.936354984211864, "kernel_median": 0.008799306116998196}
{"epoch": 181, "value_loss": 12.148232817649841, "kernel_loss": 38.2114852107301, "seconds": 37.43176007270813, "score": 0.22076904575082035, "samples_all_within_1pct": 0.8445, "kernel_rows_within_5pct": 0.9347309542491796, "kernel_median": 0.008351419121026993}
{"epoch": 182, "value_loss": 10.888926783386541, "kernel_loss": 37.215868151917746, "seconds": 37.44885873794556, "score": 0.20640841590454984, "samples_all_within_1pct": 0.8487, "kernel_rows_within_5pct": 0.9448915840954502, "kernel_median": 0.009514657780528069}
{"epoch": 183, "value_loss": 12.805163787335765, "kernel_loss": 38.98683007882566, "seconds": 37.39330816268921, "score": 0.23375399914245543, "samples_all_within_1pct": 0.832, "kernel_rows_within_5pct": 0.9342460008575446, "kernel_median": 0.010346571914851665}
{"epoch": 184, "value_loss": 9.15426016827019, "kernel_loss": 40.50032334425011, "seconds": 37.237762689590454, "score": 0.27920290103212364, "samples_all_within_1pct": 0.7872, "kernel_rows_within_5pct": 0.9335970989678763, "kernel_median": 0.01587010733783245}
{"epoch": 185, "value_loss": 11.291044802081828, "kernel_loss": 35.162558818350035, "seconds": 37.20335364341736, "score": 0.22816213232460802, "samples_all_within_1pct": 0.836, "kernel_rows_within_5pct": 0.935837867675392, "kernel_median": 0.008164725266397}
{"epoch": 186, "value_loss": 9.51331304530708, "kernel_loss": 37.23124964383184, "seconds": 37.27457904815674, "score": 0.18219154430922235, "samples_all_within_1pct": 0.8772, "kernel_rows_within_5pct": 0.9406084556907777, "kernel_median": 0.008251725696027279}
{"epoch": 187, "value_loss": 9.314659703751, "kernel_loss": 36.31705417438429, "seconds": 37.21497416496277, "score": 0.15670098910024433, "samples_all_within_1pct": 0.9002, "kernel_rows_within_5pct": 0.9430990108997557, "kernel_median": 0.007433507591485977}
{"epoch": 188, "value_loss": 10.071402296728017, "kernel_loss": 37.35580543595918, "seconds": 37.19534254074097, "score": 0.2126934704430098, "samples_all_within_1pct": 0.8442, "kernel_rows_within_5pct": 0.9431065295569903, "kernel_median": 0.007425955031067133}
{"epoch": 189, "value_loss": 10.143538016445783, "kernel_loss": 35.91375970840454, "seconds": 37.275612354278564, "score": 0.12276266264056501, "samples_all_within_1pct": 0.9286, "kernel_rows_within_5pct": 0.948637337359435, "kernel_median": 0.008238942362368107}
{"epoch": 190, "value_loss": 10.407940154172936, "kernel_loss": 36.46629300409434, "seconds": 37.26626634597778, "score": 0.1733198283908256, "samples_all_within_1pct": 0.8858, "kernel_rows_within_5pct": 0.9408801716091744, "kernel_median": 0.00699316430836916}
{"epoch": 191, "value_loss": 9.301478309290749, "kernel_loss": 34.0295605951426, "seconds": 37.19585609436035, "score": 0.14439286247603167, "samples_all_within_1pct": 0.9115, "kernel_rows_within_5pct": 0.9441071375239684, "kernel_median": 0.008007554337382317}
{"epoch": 192, "value_loss": 10.102745691124273, "kernel_loss": 37.674037349467376, "seconds": 37.716450214385986, "score": 0.16898502726244224, "samples_all_within_1pct": 0.8882, "kernel_rows_within_5pct": 0.9428149727375578, "kernel_median": 0.008858505636453629}
{"epoch": 193, "value_loss": 10.284519236914965, "kernel_loss": 36.86327545010314, "seconds": 37.288570404052734, "score": 0.17678736071948542, "samples_all_within_1pct": 0.8852, "kernel_rows_within_5pct": 0.9380126392805146, "kernel_median": 0.009768635034561157}
{"epoch": 194, "value_loss": 7.644125954229004, "kernel_loss": 36.37739177626006, "seconds": 37.3840913772583, "score": 0.13235444307739475, "samples_all_within_1pct": 0.923, "kernel_rows_within_5pct": 0.9446455569226052, "kernel_median": 0.008168905973434448}
{"epoch": 195, "value_loss": 12.606546245059189, "kernel_loss": 33.99871607216037, "seconds": 37.447659730911255, "score": 0.1651263492595898, "samples_all_within_1pct": 0.8915, "kernel_rows_within_5pct": 0.9433736507404102, "kernel_median": 0.006805634591728449}
{"epoch": 196, "value_loss": 8.424430657406242, "kernel_loss": 33.68231518414556, "seconds": 37.373879194259644, "score": 0.20008476538343378, "samples_all_within_1pct": 0.8622, "kernel_rows_within_5pct": 0.9377152346165663, "kernel_median": 0.008412862196564674}
{"epoch": 197, "value_loss": 8.479295551776886, "kernel_loss": 34.535108001864685, "seconds": 37.43001937866211, "score": 0.26182987185493, "samples_all_within_1pct": 0.7963, "kernel_rows_within_5pct": 0.94187012814507, "kernel_median": 0.011730151250958443}
{"epoch": 198, "value_loss": 7.926136420697582, "kernel_loss": 36.73816277056324, "seconds": 37.37886929512024, "score": 0.1651031667331163, "samples_all_within_1pct": 0.8915, "kernel_rows_within_5pct": 0.9433968332668837, "kernel_median": 0.009723616763949394}
{"epoch": 199, "value_loss": 10.707974072621793, "kernel_loss": 32.19793378090372, "seconds": 37.435842990875244, "score": 0.14268964987910626, "samples_all_within_1pct": 0.913, "kernel_rows_within_5pct": 0.9443103501208937, "kernel_median": 0.008915229700505733}
{"epoch": 200, "value_loss": 10.154450594162455, "kernel_loss": 30.770570667422547, "seconds": 37.436718225479126, "score": 0.1060229168672513, "samples_all_within_1pct": 0.942, "kernel_rows_within_5pct": 0.9519770831327488, "kernel_median": 0.006258437409996986}
{"epoch": 201, "value_loss": 9.392922300465253, "kernel_loss": 31.391562510509882, "seconds": 37.26262927055359, "score": 0.14322934753301375, "samples_all_within_1pct": 0.9094, "kernel_rows_within_5pct": 0.9473706524669863, "kernel_median": 0.006159813143312931}
{"epoch": 202, "value_loss": 8.58679077819902, "kernel_loss": 33.60144566516487, "seconds": 37.25960397720337, "score": 0.16790770570471847, "samples_all_within_1pct": 0.8917, "kernel_rows_within_5pct": 0.9403922942952815, "kernel_median": 0.00828301627188921}
{"epoch": 203, "value_loss": 9.973295096231967, "kernel_loss": 31.20585737423021, "seconds": 37.31239891052246, "score": 0.340768379284512, "samples_all_within_1pct": 0.7244, "kernel_rows_within_5pct": 0.934831620715488, "kernel_median": 0.008271883241832256}
{"epoch": 204, "value_loss": 7.600445889696783, "kernel_loss": 32.09301168091443, "seconds": 37.36762094497681, "score": 0.14199049457936141, "samples_all_within_1pct": 0.9132, "kernel_rows_within_5pct": 0.9448095054206386, "kernel_median": 0.00802968442440033}
{"epoch": 205, "value_loss": 6.209676095417568, "kernel_loss": 34.03213288832684, "seconds": 37.41239905357361, "score": 0.15513074717282826, "samples_all_within_1pct": 0.9031, "kernel_rows_within_5pct": 0.9417692528271717, "kernel_median": 0.009361250326037407}
{"epoch": 206, "value_loss": 7.98191560409507, "kernel_loss": 34.69933031043228, "seconds": 37.45905923843384, "score": 0.16499862776151408, "samples_all_within_1pct": 0.8886, "kernel_rows_within_5pct": 0.946401372238486, "kernel_median": 0.00713195139542222}
{"epoch": 207, "value_loss": 6.81379079332157, "kernel_loss": 31.96728616831254, "seconds": 37.54348707199097, "score": 0.14342742413518217, "samples_all_within_1pct": 0.9138, "kernel_rows_within_5pct": 0.9427725758648179, "kernel_median": 0.008560532703995705}
{"epoch": 208, "value_loss": 7.593973641492883, "kernel_loss": 31.275229035591593, "seconds": 37.44859027862549, "score": 0.13660544004090158, "samples_all_within_1pct": 0.9168, "kernel_rows_within_5pct": 0.9465945599590985, "kernel_median": 0.008012217469513416}
{"epoch": 209, "value_loss": 8.237544101111743, "kernel_loss": 41.22809529791073, "seconds": 37.450053215026855, "score": 0.3573578623538535, "samples_all_within_1pct": 0.7118, "kernel_rows_within_5pct": 0.9308421376461465, "kernel_median": 0.009950254112482071}
{"epoch": 210, "value_loss": 7.999055032827417, "kernel_loss": 33.62165543497825, "seconds": 37.44281077384949, "score": 0.1033256133501278, "samples_all_within_1pct": 0.9457, "kernel_rows_within_5pct": 0.9509743866498722, "kernel_median": 0.006201700307428837}
{"epoch": 211, "value_loss": 12.277866581264806, "kernel_loss": 28.97048027661382, "seconds": 37.51279258728027, "score": 0.12655527301184255, "samples_all_within_1pct": 0.9246, "kernel_rows_within_5pct": 0.9488447269881575, "kernel_median": 0.00657081650570035}
{"epoch": 212, "value_loss": 14.359192323927976, "kernel_loss": 32.84104253807846, "seconds": 37.30791711807251, "score": 0.13480100495208003, "samples_all_within_1pct": 0.919, "kernel_rows_within_5pct": 0.9461989950479199, "kernel_median": 0.007999197579920292}
{"epoch": 213, "value_loss": 7.081115484237671, "kernel_loss": 29.675295031800562, "seconds": 37.2098548412323, "score": 0.19721141474187298, "samples_all_within_1pct": 0.8696, "kernel_rows_within_5pct": 0.933188585258127, "kernel_median": 0.0084309671074152}
{"epoch": 214, "value_loss": 6.7955750458094535, "kernel_loss": 33.225544131532004, "seconds": 37.25712466239929, "score": 0.13817282201730163, "samples_all_within_1pct": 0.9172, "kernel_rows_within_5pct": 0.9446271779826984, "kernel_median": 0.008583905175328255}
{"epoch": 215, "value_loss": 6.801974905996906, "kernel_loss": 31.48037377182318, "seconds": 37.20653033256531, "score": 0.1502665777933535, "samples_all_within_1pct": 0.9062, "kernel_rows_within_5pct": 0.9435334222066465, "kernel_median": 0.008409763686358929}
{"epoch": 216, "value_loss": 8.033403643539973, "kernel_loss": 28.482301254661717, "seconds": 37.17796206474304, "score": 0.13931543156361548, "samples_all_within_1pct": 0.9114, "kernel_rows_within_5pct": 0.9492845684363845, "kernel_median": 0.007793597411364317}
{"epoch": 217, "value_loss": 8.202993987774363, "kernel_loss": 28.58062047374492, "seconds": 37.34066128730774, "score": 0.10282415794693878, "samples_all_within_1pct": 0.9436, "kernel_rows_within_5pct": 0.9535758420530612, "kernel_median": 0.006212238688021898}
{"epoch": 218, "value_loss": 6.672315078122275, "kernel_loss": 30.332113324379435, "seconds": 37.31748652458191, "score": 0.16774776912041522, "samples_all_within_1pct": 0.8871, "kernel_rows_within_5pct": 0.9451522308795848, "kernel_median": 0.007173252757638693}
{"epoch": 219, "value_loss": 8.141900870264793, "kernel_loss": 27.151718344007218, "seconds": 37.237590312957764, "score": 0.09375253114551552, "samples_all_within_1pct": 0.9521, "kernel_rows_within_5pct": 0.9541474688544845, "kernel_median": 0.007346849888563156}
{"epoch": 220, "value_loss": 8.229841475584069, "kernel_loss": 25.017496143068588, "seconds": 37.290523290634155, "score": 0.10324601027675129, "samples_all_within_1pct": 0.9451, "kernel_rows_within_5pct": 0.9516539897232487, "kernel_median": 0.006948874332010746}
{"epoch": 221, "value_loss": 15.45819626535688, "kernel_loss": 31.743261901699768, "seconds": 37.3824188709259, "score": 0.12581324463684784, "samples_all_within_1pct": 0.9257, "kernel_rows_within_5pct": 0.9484867553631522, "kernel_median": 0.006355576682835817}
{"epoch": 222, "value_loss": 5.8646032798046965, "kernel_loss": 29.474811018729696, "seconds": 37.25665354728699, "score": 0.14574953287209158, "samples_all_within_1pct": 0.9041, "kernel_rows_within_5pct": 0.9501504671279084, "kernel_median": 0.007383603602647781}
{"epoch": 223, "value_loss": 5.8862499156776735, "kernel_loss": 27.94654472506776, "seconds": 37.45954942703247, "score": 0.14167992679334074, "samples_all_within_1pct": 0.909, "kernel_rows_within_5pct": 0.9493200732066592, "kernel_median": 0.007518783677369356}
{"epoch": 224, "value_loss": 6.5062883569269765, "kernel_loss": 27.845227241516113, "seconds": 37.36132764816284, "score": 0.12484530389890414, "samples_all_within_1pct": 0.9233, "kernel_rows_within_5pct": 0.9518546961010959, "kernel_median": 0.008971857838332653}
{"epoch": 225, "value_loss": 6.1092599374907355, "kernel_loss": 27.101873446484003, "seconds": 37.46182155609131, "score": 0.1239521960013692, "samples_all_within_1pct": 0.9242, "kernel_rows_within_5pct": 0.9518478039986308, "kernel_median": 0.005648675840348005}
{"epoch": 226, "value_loss": 7.167531725095243, "kernel_loss": 26.00072109455965, "seconds": 37.29210424423218, "score": 0.10808625739830646, "samples_all_within_1pct": 0.9391, "kernel_rows_within_5pct": 0.9528137426016935, "kernel_median": 0.009641792625188828}
{"epoch": 227, "value_loss": 6.247092417308262, "kernel_loss": 25.238104109861414, "seconds": 37.25330662727356, "score": 0.11665619206326361, "samples_all_within_1pct": 0.93, "kernel_rows_within_5pct": 0.9533438079367363, "kernel_median": 0.005572922993451357}
{"epoch": 228, "value_loss": 6.399314200391575, "kernel_loss": 27.67256971281402, "seconds": 37.20326256752014, "score": 0.19277552232216233, "samples_all_within_1pct": 0.8589, "kernel_rows_within_5pct": 0.9483244776778377, "kernel_median": 0.007912385277450085}
{"epoch": 229, "value_loss": 6.803904437288946, "kernel_loss": 26.43523798183519, "seconds": 37.32387685775757, "score": 0.1238894967908909, "samples_all_within_1pct": 0.9288, "kernel_rows_within_5pct": 0.9473105032091091, "kernel_median": 0.007796833291649818}
{"epoch": 230, "value_loss": 6.172365830869091, "kernel_loss": 35.90283539830422, "seconds": 37.31926465034485, "score": 0.15923726256968074, "samples_all_within_1pct": 0.8923, "kernel_rows_within_5pct": 0.9484627374303193, "kernel_median": 0.006955602206289768}
{"epoch": 231, "value_loss": 5.102233199440703, "kernel_loss": 26.92823784691947, "seconds": 37.29351234436035, "score": 0.0899501326312021, "samples_all_within_1pct": 0.9546, "kernel_rows_within_5pct": 0.9554498673687979, "kernel_median": 0.005930560640990734}
{"epoch": 232, "value_loss": 6.615717729743646, "kernel_loss": 23.891354093746262, "seconds": 37.291876554489136, "score": 0.10331842710108352, "samples_all_within_1pct": 0.9413, "kernel_rows_within_5pct": 0.9553815728989165, "kernel_median": 0.005595858674496412}
{"epoch": 233, "value_loss": 6.901275531369812, "kernel_loss": 22.7304937206969, "seconds": 37.19170141220093, "score": 0.08164514807473289, "samples_all_within_1pct": 0.9614, "kernel_rows_within_5pct": 0.9569548519252671, "kernel_median": 0.005903333425521851}
{"epoch": 234, "value_loss": 5.557797423430851, "kernel_loss": 25.329918413746114, "seconds": 37.30378460884094, "score": 0.10828168672303284, "samples_all_within_1pct": 0.9421, "kernel_rows_within_5pct": 0.9496183132769671, "kernel_median": 0.006762858480215073}
{"epoch": 235, "value_loss": 5.6028271682408395, "kernel_loss": 24.84117155172387, "seconds": 37.26039123535156, "score": 0.11861415986628476, "samples_all_within_1pct": 0.9331, "kernel_rows_within_5pct": 0.9482858401337152, "kernel_median": 0.007240336388349533}
{"epoch": 236, "value_loss": 6.689443888712902, "kernel_loss": 25.126470682572347, "seconds": 37.28548073768616, "score": 0.18570627271130502, "samples_all_within_1pct": 0.8656, "kernel_rows_within_5pct": 0.9486937272886949, "kernel_median": 0.007749050855636597}
{"epoch": 237, "value_loss": 8.772729261797302, "kernel_loss": 23.554190742726227, "seconds": 37.29724955558777, "score": 0.08949224082927454, "samples_all_within_1pct": 0.9549, "kernel_rows_within_5pct": 0.9556077591707255, "kernel_median": 0.0084682647138834}
{"epoch": 238, "value_loss": 4.856227871106595, "kernel_loss": 25.151345686036713, "seconds": 37.20784044265747, "score": 0.09178482331886484, "samples_all_within_1pct": 0.9539, "kernel_rows_within_5pct": 0.9543151766811352, "kernel_median": 0.006136316806077957}
{"epoch": 239, "value_loss": 5.782064790628394, "kernel_loss": 22.55830141962791, "seconds": 37.455904722213745, "score": 0.09858576642998906, "samples_all_within_1pct": 0.9458, "kernel_rows_within_5pct": 0.955614233570011, "kernel_median": 0.00503053143620491}
{"epoch": 240, "value_loss": 5.506065531652801, "kernel_loss": 23.145696260491196, "seconds": 37.37970018386841, "score": 0.08507106699562195, "samples_all_within_1pct": 0.9591, "kernel_rows_within_5pct": 0.9558289330043781, "kernel_median": 0.005571418441832066}
{"epoch": 241, "value_loss": 5.4905180614821765, "kernel_loss": 22.813534868006805, "seconds": 37.33018755912781, "score": 0.14036393160193972, "samples_all_within_1pct": 0.9079, "kernel_rows_within_5pct": 0.9517360683980602, "kernel_median": 0.006356752477586269}
{"epoch": 242, "value_loss": 5.532722372181562, "kernel_loss": 25.189497782259572, "seconds": 37.39513444900513, "score": 0.15510206506186497, "samples_all_within_1pct": 0.8956, "kernel_rows_within_5pct": 0.9492979349381351, "kernel_median": 0.008562500588595867}
{"epoch": 243, "value_loss": 6.645983029385002, "kernel_loss": 22.42719115043173, "seconds": 37.33017086982727, "score": 0.16723236439422917, "samples_all_within_1pct": 0.8804, "kernel_rows_within_5pct": 0.9523676356057709, "kernel_median": 0.007229618262499571}
{"epoch": 244, "value_loss": 5.987080432930771, "kernel_loss": 23.473970578641307, "seconds": 37.31133055686951, "score": 0.07819431731532145, "samples_all_within_1pct": 0.9646, "kernel_rows_within_5pct": 0.9572056826846785, "kernel_median": 0.006767127197235823}
{"epoch": 245, "value_loss": 4.0666696538730545, "kernel_loss": 22.98528023155368, "seconds": 37.33190941810608, "score": 0.09768769803568811, "samples_all_within_1pct": 0.9484, "kernel_rows_within_5pct": 0.9539123019643119, "kernel_median": 0.0057894825004041195}
{"epoch": 246, "value_loss": 4.560499984390882, "kernel_loss": 23.572338600547948, "seconds": 37.347261905670166, "score": 0.08550698017518044, "samples_all_within_1pct": 0.9592, "kernel_rows_within_5pct": 0.9552930198248195, "kernel_median": 0.007839212194085121}
{"epoch": 247, "value_loss": 6.169491134127792, "kernel_loss": 21.378987107958114, "seconds": 37.5168194770813, "score": 0.07516004433083845, "samples_all_within_1pct": 0.9665, "kernel_rows_within_5pct": 0.9583399556691615, "kernel_median": 0.006453956477344036}
{"epoch": 248, "value_loss": 5.129884310522858, "kernel_loss": 21.136122309431737, "seconds": 37.48486065864563, "score": 0.07903847411775344, "samples_all_within_1pct": 0.9635, "kernel_rows_within_5pct": 0.9574615258822465, "kernel_median": 0.005010982044041157}
{"epoch": 249, "value_loss": 4.805356638772147, "kernel_loss": 22.467127907032868, "seconds": 37.36982178688049, "score": 0.10387229222347372, "samples_all_within_1pct": 0.9418, "kernel_rows_within_5pct": 0.9543277077765263, "kernel_median": 0.006230609957128763}
{"epoch": 250, "value_loss": 6.012694059586038, "kernel_loss": 27.167281724968735, "seconds": 37.61800837516785, "score": 0.08910302128886916, "samples_all_within_1pct": 0.9551, "kernel_rows_within_5pct": 0.9557969787111309, "kernel_median": 0.005414873361587524}
{"epoch": 251, "value_loss": 5.4450636299289, "kernel_loss": 20.776380894135457, "seconds": 38.00048804283142, "score": 0.11307554199598213, "samples_all_within_1pct": 0.9308, "kernel_rows_within_5pct": 0.9561244580040179, "kernel_median": 0.005544890183955431}
{"epoch": 252, "value_loss": 5.131933409340528, "kernel_loss": 22.75893651222696, "seconds": 37.19648337364197, "score": 0.09511952056446726, "samples_all_within_1pct": 0.9491, "kernel_rows_within_5pct": 0.9557804794355327, "kernel_median": 0.0057373372837901115}
{"epoch": 253, "value_loss": 4.431323941873044, "kernel_loss": 22.422276881276346, "seconds": 37.30105662345886, "score": 0.08477191169587706, "samples_all_within_1pct": 0.9589, "kernel_rows_within_5pct": 0.956328088304123, "kernel_median": 0.005412828177213669}
{"epoch": 254, "value_loss": 4.0685466333311435, "kernel_loss": 19.97423546168269, "seconds": 37.21749925613403, "score": 0.09427599961070066, "samples_all_within_1pct": 0.9497, "kernel_rows_within_5pct": 0.9560240003892994, "kernel_median": 0.008423556573688984}
{"epoch": 255, "value_loss": 4.360027151448386, "kernel_loss": 21.643869122680353, "seconds": 37.142066955566406, "score": 0.10826643782101797, "samples_all_within_1pct": 0.94, "kernel_rows_within_5pct": 0.9517335621789821, "kernel_median": 0.009290492162108421}
{"epoch": 256, "value_loss": 5.9424470383293775, "kernel_loss": 20.514085307413218, "seconds": 37.38429617881775, "score": 0.07106359207191004, "samples_all_within_1pct": 0.9685, "kernel_rows_within_5pct": 0.9604364079280899, "kernel_median": 0.005168511066585779}
{"epoch": 257, "value_loss": 5.051125185222042, "kernel_loss": 18.960605884084895, "seconds": 37.40560221672058, "score": 0.08885732270223046, "samples_all_within_1pct": 0.9554, "kernel_rows_within_5pct": 0.9557426772977695, "kernel_median": 0.005790812894701958}
{"epoch": 258, "value_loss": 4.313388008852394, "kernel_loss": 20.875574496327616, "seconds": 37.473634481430054, "score": 0.09164008916709776, "samples_all_within_1pct": 0.9539, "kernel_rows_within_5pct": 0.9544599108329023, "kernel_median": 0.009279453195631504}
{"epoch": 259, "value_loss": 4.317028874037217, "kernel_loss": 22.10142716096372, "seconds": 37.243048906326294, "score": 0.10100339908050993, "samples_all_within_1pct": 0.9431, "kernel_rows_within_5pct": 0.95589660091949, "kernel_median": 0.00609204825013876}
{"epoch": 260, "value_loss": 4.317672468569814, "kernel_loss": 19.225859389013173, "seconds": 37.40329670906067, "score": 0.07967065585038213, "samples_all_within_1pct": 0.9619, "kernel_rows_within_5pct": 0.9584293441496179, "kernel_median": 0.006097911391407251}
{"epoch": 261, "value_loss": 4.040680927889688, "kernel_loss": 20.311413414624273, "seconds": 37.33585572242737, "score": 0.08077148196284567, "samples_all_within_1pct": 0.9613, "kernel_rows_within_5pct": 0.9579285180371543, "kernel_median": 0.0050162747502326965}
{"epoch": 262, "value_loss": 4.31977949762831, "kernel_loss": 18.937231477426025, "seconds": 38.10194277763367, "score": 0.0780997966620921, "samples_all_within_1pct": 0.9643, "kernel_rows_within_5pct": 0.9576002033379079, "kernel_median": 0.006053795572370291}
{"epoch": 263, "value_loss": 3.595777248849674, "kernel_loss": 21.176043632079143, "seconds": 37.197333097457886, "score": 0.07990344554998874, "samples_all_within_1pct": 0.9617, "kernel_rows_within_5pct": 0.9583965544500113, "kernel_median": 0.00550911296159029}
{"epoch": 264, "value_loss": 4.055209198776557, "kernel_loss": 19.784632711994405, "seconds": 37.48191952705383, "score": 0.08333916846574907, "samples_all_within_1pct": 0.9578, "kernel_rows_within_5pct": 0.958860831534251, "kernel_median": 0.004715055227279663}
{"epoch": 265, "value_loss": 4.308994766400785, "kernel_loss": 18.28291240516974, "seconds": 37.069007873535156, "score": 0.07548321482746034, "samples_all_within_1pct": 0.9646, "kernel_rows_within_5pct": 0.9599167851725396, "kernel_median": 0.00546979159116745}
{"epoch": 266, "value_loss": 4.908644112397213, "kernel_loss": 16.3929187375672, "seconds": 37.24161720275879, "score": 0.07940884233772594, "samples_all_within_1pct": 0.9595, "kernel_rows_within_5pct": 0.961091157662274, "kernel_median": 0.00585077702999115}
{"epoch": 267, "value_loss": 3.8019887123789107, "kernel_loss": 19.443040010880452, "seconds": 37.03107953071594, "score": 0.0811233476863108, "samples_all_within_1pct": 0.9617, "kernel_rows_within_5pct": 0.9571766523136892, "kernel_median": 0.004556941334158182}
{"epoch": 268, "value_loss": 3.8069366362630106, "kernel_loss": 19.4497238324613, "seconds": 37.19886040687561, "score": 0.0690856013119221, "samples_all_within_1pct": 0.9707, "kernel_rows_within_5pct": 0.9602143986880779, "kernel_median": 0.004517555236816406}
{"epoch": 269, "value_loss": 4.149164856696616, "kernel_loss": 18.63123227625477, "seconds": 37.46992516517639, "score": 0.0695241989445059, "samples_all_within_1pct": 0.9702, "kernel_rows_within_5pct": 0.9602758010554941, "kernel_median": 0.004377733916044235}
{"epoch": 270, "value_loss": 4.895430807556425, "kernel_loss": 18.92570029472818, "seconds": 37.48153853416443, "score": 0.08531326431066755, "samples_all_within_1pct": 0.9584, "kernel_rows_within_5pct": 0.9562867356893324, "kernel_median": 0.005430227145552635}
{"epoch": 271, "value_loss": 3.63415895432842, "kernel_loss": 19.414826388261755, "seconds": 37.240936517715454, "score": 0.06762955855666009, "samples_all_within_1pct": 0.9714, "kernel_rows_within_5pct": 0.9609704414433399, "kernel_median": 0.004979278892278671}
{"epoch": 272, "value_loss": 4.432713981185641, "kernel_loss": 17.687746500482366, "seconds": 37.17120099067688, "score": 0.07314998610092671, "samples_all_within_1pct": 0.9658, "kernel_rows_within_5pct": 0.9610500138990733, "kernel_median": 0.006005292758345604}
{"epoch": 273, "value_loss": 4.875415519183996, "kernel_loss": 18.682200519406067, "seconds": 37.14224672317505, "score": 0.0652911391580232, "samples_all_within_1pct": 0.9732, "kernel_rows_within_5pct": 0.9615088608419768, "kernel_median": 0.004149166401475668}
{"epoch": 274, "value_loss": 3.1784515350448843, "kernel_loss": 18.561877085238088, "seconds": 37.063600063323975, "score": 0.0749651365920726, "samples_all_within_1pct": 0.9669, "kernel_rows_within_5pct": 0.9581348634079274, "kernel_median": 0.005225570872426033}
{"epoch": 275, "value_loss": 4.219851767530247, "kernel_loss": 16.874523279618245, "seconds": 37.145169496536255, "score": 0.0628614516146212, "samples_all_within_1pct": 0.975, "kernel_rows_within_5pct": 0.9621385483853788, "kernel_median": 0.004875717218965292}
{"epoch": 276, "value_loss": 3.3227428611443965, "kernel_loss": 17.43169814713147, "seconds": 37.40449285507202, "score": 0.06795948556929488, "samples_all_within_1pct": 0.9723, "kernel_rows_within_5pct": 0.9597405144307051, "kernel_median": 0.005677074659615755}
{"epoch": 277, "value_loss": 2.8364747689694774, "kernel_loss": 18.731079841146663, "seconds": 37.1905779838562, "score": 0.06698193110027817, "samples_all_within_1pct": 0.9725, "kernel_rows_within_5pct": 0.9605180688997218, "kernel_median": 0.005256350617855787}
{"epoch": 278, "value_loss": 3.6733073640842826, "kernel_loss": 18.029323602209285, "seconds": 37.07439112663269, "score": 0.06274322302697388, "samples_all_within_1pct": 0.976, "kernel_rows_within_5pct": 0.9612567769730261, "kernel_median": 0.005091960541903973}
{"epoch": 279, "value_loss": 3.2748578890245787, "kernel_loss": 17.317570292219823, "seconds": 37.06613206863403, "score": 0.06071337583741654, "samples_all_within_1pct": 0.977, "kernel_rows_within_5pct": 0.9622866241625835, "kernel_median": 0.0046319784596562386}
{"epoch": 280, "value_loss": 2.9792902122954934, "kernel_loss": 17.30527327498611, "seconds": 37.11833739280701, "score": 0.07142386106440379, "samples_all_within_1pct": 0.9685, "kernel_rows_within_5pct": 0.9600761389355962, "kernel_median": 0.00526135228574276}
{"epoch": 281, "value_loss": 3.3665822610563163, "kernel_loss": 15.96943330278202, "seconds": 37.092602014541626, "score": 0.06561485638633702, "samples_all_within_1pct": 0.9711, "kernel_rows_within_5pct": 0.963285143613663, "kernel_median": 0.004628932569175959}
{"epoch": 282, "value_loss": 3.574540098710936, "kernel_loss": 15.384118265035202, "seconds": 37.21582770347595, "score": 0.06097506414354459, "samples_all_within_1pct": 0.9749, "kernel_rows_within_5pct": 0.9641249358564554, "kernel_median": 0.005848492030054331}
{"epoch": 283, "value_loss": 2.8371366907139213, "kernel_loss": 15.984894090769242, "seconds": 37.07545566558838, "score": 0.06581022447577733, "samples_all_within_1pct": 0.9729, "kernel_rows_within_5pct": 0.9612897755242227, "kernel_median": 0.005339254625141621}
{"epoch": 284, "value_loss": 2.6580849502767836, "kernel_loss": 16.96183295152625, "seconds": 37.169535875320435, "score": 0.06652393815152557, "samples_all_within_1pct": 0.9715, "kernel_rows_within_5pct": 0.9619760618484744, "kernel_median": 0.003948733676224947}
{"epoch": 285, "value_loss": 3.2695996664008318, "kernel_loss": 16.14905817654668, "seconds": 37.05872392654419, "score": 0.05763955937326981, "samples_all_within_1pct": 0.9782, "kernel_rows_within_5pct": 0.9641604406267302, "kernel_median": 0.004720001481473446}
{"epoch": 286, "value_loss": 3.3970821499824524, "kernel_loss": 16.651654905202438, "seconds": 37.144530296325684, "score": 0.06198323067929612, "samples_all_within_1pct": 0.975, "kernel_rows_within_5pct": 0.9630167693207039, "kernel_median": 0.004226799588650465}
{"epoch": 287, "value_loss": 3.141284347188716, "kernel_loss": 16.0821130713638, "seconds": 37.064205169677734, "score": 0.07781151093891525, "samples_all_within_1pct": 0.9636, "kernel_rows_within_5pct": 0.9585884890610847, "kernel_median": 0.005148234777152538}
{"epoch": 288, "value_loss": 2.9750164595185495, "kernel_loss": 15.868016744146543, "seconds": 37.255521059036255, "score": 0.05937705424857398, "samples_all_within_1pct": 0.9773, "kernel_rows_within_5pct": 0.9633229457514261, "kernel_median": 0.005527872126549482}
{"epoch": 289, "value_loss": 2.944807010645769, "kernel_loss": 15.82775939727316, "seconds": 37.16473150253296, "score": 0.0823129302525496, "samples_all_within_1pct": 0.9569, "kernel_rows_within_5pct": 0.9607870697474504, "kernel_median": 0.005315712653100491}
{"epoch": 290, "value_loss": 2.6131371612451515, "kernel_loss": 16.287412181192515, "seconds": 37.19531226158142, "score": 0.06008363908857994, "samples_all_within_1pct": 0.9774, "kernel_rows_within_5pct": 0.96251636091142, "kernel_median": 0.00403221370652318}
{"epoch": 291, "value_loss": 2.656234476031089, "kernel_loss": 16.138458198430587, "seconds": 37.27581572532654, "score": 0.0830633739264246, "samples_all_within_1pct": 0.957, "kernel_rows_within_5pct": 0.9599366260735754, "kernel_median": 0.004669519606977701}
{"epoch": 292, "value_loss": 2.568006484484186, "kernel_loss": 16.64649859253241, "seconds": 37.3252329826355, "score": 0.06836229631487634, "samples_all_within_1pct": 0.969, "kernel_rows_within_5pct": 0.9626377036851237, "kernel_median": 0.0048308297991752625}
{"epoch": 293, "value_loss": 2.84769926813184, "kernel_loss": 14.574206610115207, "seconds": 37.29470443725586, "score": 0.06605707502513003, "samples_all_within_1pct": 0.9713, "kernel_rows_within_5pct": 0.9626429249748699, "kernel_median": 0.0042219324968755245}
{"epoch": 294, "value_loss": 2.9043793818172143, "kernel_loss": 14.574783797166786, "seconds": 37.26742100715637, "score": 0.06457722318862491, "samples_all_within_1pct": 0.972, "kernel_rows_within_5pct": 0.9634227768113751, "kernel_median": 0.004351623356342316}
{"epoch": 295, "value_loss": 2.8037783187262866, "kernel_loss": 14.707554729617371, "seconds": 37.319899559020996, "score": 0.06997234251493656, "samples_all_within_1pct": 0.9685, "kernel_rows_within_5pct": 0.9615276574850634, "kernel_median": 0.005951714236289263}
{"epoch": 296, "value_loss": 2.463652548741321, "kernel_loss": 15.230762710376661, "seconds": 37.350308656692505, "score": 0.0647758038749906, "samples_all_within_1pct": 0.974, "kernel_rows_within_5pct": 0.9612241961250094, "kernel_median": 0.005848350934684277}
{"epoch": 297, "value_loss": 2.415321774020487, "kernel_loss": 15.62783366806653, "seconds": 37.30047941207886, "score": 0.06686444606606101, "samples_all_within_1pct": 0.9717, "kernel_rows_within_5pct": 0.961435553933939, "kernel_median": 0.004538112320005894}
{"epoch": 298, "value_loss": 2.4623763980914135, "kernel_loss": 14.985914960199473, "seconds": 37.314072608947754, "score": 0.05822422409023731, "samples_all_within_1pct": 0.9779, "kernel_rows_within_5pct": 0.9638757759097627, "kernel_median": 0.003982644993811846}
{"epoch": 299, "value_loss": 2.957108172835136, "kernel_loss": 13.743802532857778, "seconds": 37.29724478721619, "score": 0.0574014592669434, "samples_all_within_1pct": 0.9787, "kernel_rows_within_5pct": 0.9638985407330566, "kernel_median": 0.005114588420838118}
{"epoch": 300, "value_loss": 2.8607518618204155, "kernel_loss": 14.100836364590393, "seconds": 37.31019973754883, "score": 0.05087380829804955, "samples_all_within_1pct": 0.9829, "kernel_rows_within_5pct": 0.9662261917019505, "kernel_median": 0.003528148867189884}
{"epoch": 301, "value_loss": 2.7396180435102813, "kernel_loss": 13.812248371085342, "seconds": 37.20406150817871, "score": 0.05558202677519153, "samples_all_within_1pct": 0.981, "kernel_rows_within_5pct": 0.9634179732248085, "kernel_median": 0.005429190117865801}
{"epoch": 302, "value_loss": 2.0417496981669445, "kernel_loss": 14.827928547956505, "seconds": 37.22485423088074, "score": 0.06401272795889967, "samples_all_within_1pct": 0.9726, "kernel_rows_within_5pct": 0.9633872720411003, "kernel_median": 0.004301274195313454}
{"epoch": 303, "value_loss": 2.552447734438643, "kernel_loss": 14.340552787391507, "seconds": 37.324883699417114, "score": 0.05264997133511928, "samples_all_within_1pct": 0.9826, "kernel_rows_within_5pct": 0.9647500286648807, "kernel_median": 0.004143874626606703}
{"epoch": 304, "value_loss": 2.2986684502387535, "kernel_loss": 13.733993282123487, "seconds": 37.22140908241272, "score": 0.05872574455069646, "samples_all_within_1pct": 0.9765, "kernel_rows_within_5pct": 0.9647742554493035, "kernel_median": 0.004070955794304609}
{"epoch": 305, "value_loss": 2.4102620823042735, "kernel_loss": 14.255439879942914, "seconds": 37.15489888191223, "score": 0.0540796774663127, "samples_all_within_1pct": 0.9808, "kernel_rows_within_5pct": 0.9651203225336873, "kernel_median": 0.005083522293716669}
{"epoch": 306, "value_loss": 2.3158843413907655, "kernel_loss": 13.498207525331146, "seconds": 37.27134466171265, "score": 0.050972932980151375, "samples_all_within_1pct": 0.9827, "kernel_rows_within_5pct": 0.9663270670198486, "kernel_median": 0.00471980357542634}
{"epoch": 307, "value_loss": 2.2647846359379438, "kernel_loss": 13.210350717817034, "seconds": 37.222936153411865, "score": 0.06008515954903926, "samples_all_within_1pct": 0.9765, "kernel_rows_within_5pct": 0.9634148404509607, "kernel_median": 0.006289333570748568}
{"epoch": 308, "value_loss": 2.385328792795843, "kernel_loss": 13.685854352250391, "seconds": 37.25250720977783, "score": 0.04947833250384437, "samples_all_within_1pct": 0.9836, "kernel_rows_within_5pct": 0.9669216674961556, "kernel_median": 0.003889471525326371}
{"epoch": 309, "value_loss": 1.9734720034258706, "kernel_loss": 13.390754792155052, "seconds": 37.139182567596436, "score": 0.050246897060601814, "samples_all_within_1pct": 0.9841, "kernel_rows_within_5pct": 0.9656531029393982, "kernel_median": 0.0040641603991389275}
{"epoch": 310, "value_loss": 1.9507020511189286, "kernel_loss": 14.431258376763791, "seconds": 37.21864628791809, "score": 0.05724923433962903, "samples_all_within_1pct": 0.9772, "kernel_rows_within_5pct": 0.965550765660371, "kernel_median": 0.004616588819772005}
{"epoch": 311, "value_loss": 2.051753450717245, "kernel_loss": 12.73335702078683, "seconds": 37.17364692687988, "score": 0.053090507131342, "samples_all_within_1pct": 0.9812, "kernel_rows_within_5pct": 0.965709492868658, "kernel_median": 0.003478402504697442}
{"epoch": 312, "value_loss": 2.360114079348895, "kernel_loss": 12.857510805130005, "seconds": 37.20462703704834, "score": 0.04819015722138831, "samples_all_within_1pct": 0.9847, "kernel_rows_within_5pct": 0.9671098427786117, "kernel_median": 0.0032535286154597998}
{"epoch": 313, "value_loss": 2.172708906081258, "kernel_loss": 13.22123300785921, "seconds": 37.2141649723053, "score": 0.05457538069989931, "samples_all_within_1pct": 0.98, "kernel_rows_within_5pct": 0.9654246193001007, "kernel_median": 0.005868333391845226}
{"epoch": 314, "value_loss": 1.6163003116237873, "kernel_loss": 13.013830929386373, "seconds": 37.26008868217468, "score": 0.05585489192034654, "samples_all_within_1pct": 0.9776, "kernel_rows_within_5pct": 0.9665451080796534, "kernel_median": 0.0034661514218896627}
{"epoch": 315, "value_loss": 1.9035140209052028, "kernel_loss": 13.125936089729777, "seconds": 37.3114287853241, "score": 0.051074692909843566, "samples_all_within_1pct": 0.9823, "kernel_rows_within_5pct": 0.9666253070901565, "kernel_median": 0.0034668082371354103}
{"epoch": 316, "value_loss": 1.84352209130112, "kernel_loss": 12.986118662114047, "seconds": 37.324739933013916, "score": 0.05117800391763805, "samples_all_within_1pct": 0.9816, "kernel_rows_within_5pct": 0.9672219960823619, "kernel_median": 0.003797632409259677}
{"epoch": 317, "value_loss": 2.0606629100381113, "kernel_loss": 12.536632654618243, "seconds": 37.29372477531433, "score": 0.05096121870332815, "samples_all_within_1pct": 0.9837, "kernel_rows_within_5pct": 0.9653387812966718, "kernel_median": 0.005867694038897753}
{"epoch": 318, "value_loss": 1.9477510373203122, "kernel_loss": 13.086822441646031, "seconds": 37.385411739349365, "score": 0.04640149370657054, "samples_all_within_1pct": 0.9856, "kernel_rows_within_5pct": 0.9679985062934294, "kernel_median": 0.003145052120089531}
{"epoch": 319, "value_loss": 1.670509650999186, "kernel_loss": 12.162251516264313, "seconds": 37.23594260215759, "score": 0.049527433951206845, "samples_all_within_1pct": 0.9847, "kernel_rows_within_5pct": 0.9657725660487931, "kernel_median": 0.0035726132337003946}
{"epoch": 320, "value_loss": 1.7679744961918618, "kernel_loss": 12.164550114651115, "seconds": 37.30480623245239, "score": 0.050455300329630415, "samples_all_within_1pct": 0.9835, "kernel_rows_within_5pct": 0.9660446996703695, "kernel_median": 0.003702639602124691}
{"epoch": 321, "value_loss": 1.8313796356016276, "kernel_loss": 12.086842317970431, "seconds": 37.078389167785645, "score": 0.052870656936410354, "samples_all_within_1pct": 0.9819, "kernel_rows_within_5pct": 0.9652293430635897, "kernel_median": 0.0036500771529972553}
{"epoch": 322, "value_loss": 1.7862745067294763, "kernel_loss": 12.655817056188779, "seconds": 37.26363825798035, "score": 0.05004455978157474, "samples_all_within_1pct": 0.9842, "kernel_rows_within_5pct": 0.9657554402184253, "kernel_median": 0.004444004502147436}
{"epoch": 323, "value_loss": 2.0161269130755444, "kernel_loss": 12.175703905066666, "seconds": 37.28359007835388, "score": 0.046253706604033495, "samples_all_within_1pct": 0.9858, "kernel_rows_within_5pct": 0.9679462933959665, "kernel_median": 0.003423655405640602}
{"epoch": 324, "value_loss": 1.6589087433352763, "kernel_loss": 11.779996485126262, "seconds": 37.509018659591675, "score": 0.0538949515140591, "samples_all_within_1pct": 0.9795, "kernel_rows_within_5pct": 0.9666050484859409, "kernel_median": 0.003618196351453662}
{"epoch": 325, "value_loss": 1.6272186168602534, "kernel_loss": 12.338482126897695, "seconds": 39.297762870788574, "score": 0.04471895741704046, "samples_all_within_1pct": 0.9871, "kernel_rows_within_5pct": 0.9681810425829596, "kernel_median": 0.0035526161082088947}
{"epoch": 326, "value_loss": 1.4765657743020935, "kernel_loss": 11.904581031020808, "seconds": 37.5770537853241, "score": 0.048675497698559944, "samples_all_within_1pct": 0.9841, "kernel_rows_within_5pct": 0.9672245023014401, "kernel_median": 0.0036716717295348644}
{"epoch": 327, "value_loss": 1.6161837127743934, "kernel_loss": 12.003048235056351, "seconds": 37.792425870895386, "score": 0.04768005252199781, "samples_all_within_1pct": 0.985, "kernel_rows_within_5pct": 0.9673199474780022, "kernel_median": 0.005362871568650007}
{"epoch": 328, "value_loss": 2.230501485114195, "kernel_loss": 11.124488499699806, "seconds": 37.200982332229614, "score": 0.04488884287656303, "samples_all_within_1pct": 0.9868, "kernel_rows_within_5pct": 0.968311157123437, "kernel_median": 0.0032808564137667418}
{"epoch": 329, "value_loss": 1.5850393319008302, "kernel_loss": 11.9359420902875, "seconds": 37.24344563484192, "score": 0.050013299836322966, "samples_all_within_1pct": 0.9828, "kernel_rows_within_5pct": 0.967186700163677, "kernel_median": 0.003641437040641904}
{"epoch": 330, "value_loss": 1.514627764723739, "kernel_loss": 11.462281509321564, "seconds": 37.29582214355469, "score": 0.04799982289385185, "samples_all_within_1pct": 0.984, "kernel_rows_within_5pct": 0.9680001771061482, "kernel_median": 0.004135616589337587}
{"epoch": 331, "value_loss": 1.4742480264026292, "kernel_loss": 12.09411797718126, "seconds": 37.26471734046936, "score": 0.04776380200952823, "samples_all_within_1pct": 0.985, "kernel_rows_within_5pct": 0.9672361979904718, "kernel_median": 0.00391145097091794}
{"epoch": 332, "value_loss": 1.5394411485414117, "kernel_loss": 11.564326169539472, "seconds": 37.23663592338562, "score": 0.04840954050770563, "samples_all_within_1pct": 0.9844, "kernel_rows_within_5pct": 0.9671904594922943, "kernel_median": 0.004171847831457853}
{"epoch": 333, "value_loss": 1.4747236784623594, "kernel_loss": 11.076294721389303, "seconds": 37.03780651092529, "score": 0.047189798017538975, "samples_all_within_1pct": 0.9848, "kernel_rows_within_5pct": 0.968010201982461, "kernel_median": 0.0032663121819496155}
{"epoch": 334, "value_loss": 1.445208141998369, "kernel_loss": 11.19734128154054, "seconds": 37.38173246383667, "score": 0.04575194667434124, "samples_all_within_1pct": 0.9866, "kernel_rows_within_5pct": 0.9676480533256587, "kernel_median": 0.004227449651807547}
{"epoch": 335, "value_loss": 1.210915945926491, "kernel_loss": 11.442610069197052, "seconds": 37.410332441329956, "score": 0.04575237367141671, "samples_all_within_1pct": 0.9861, "kernel_rows_within_5pct": 0.9681476263285833, "kernel_median": 0.002980506280437112}
{"epoch": 336, "value_loss": 1.3294759268055156, "kernel_loss": 11.17115762282391, "seconds": 37.39132070541382, "score": 0.04454825513895, "samples_all_within_1pct": 0.9864, "kernel_rows_within_5pct": 0.96905174486105, "kernel_median": 0.003260072786360979}
{"epoch": 337, "value_loss": 1.279853685169804, "kernel_loss": 11.342960046262156, "seconds": 37.44341778755188, "score": 0.045016500403396775, "samples_all_within_1pct": 0.9864, "kernel_rows_within_5pct": 0.9685834995966032, "kernel_median": 0.0033393653575330973}
{"epoch": 338, "value_loss": 1.3662103609162934, "kernel_loss": 10.857884810895335, "seconds": 37.48136758804321, "score": 0.05282928026191658, "samples_all_within_1pct": 0.9787, "kernel_rows_within_5pct": 0.9684707197380834, "kernel_median": 0.004202439449727535}
{"epoch": 339, "value_loss": 1.5672022417491795, "kernel_loss": 11.24396887604071, "seconds": 37.38819861412048, "score": 0.04122962743591441, "samples_all_within_1pct": 0.9896, "kernel_rows_within_5pct": 0.9691703725640856, "kernel_median": 0.0036700614728033543}
{"epoch": 340, "value_loss": 1.9305064316306795, "kernel_loss": 10.527299827458908, "seconds": 37.317201375961304, "score": 0.041473157683576956, "samples_all_within_1pct": 0.9891, "kernel_rows_within_5pct": 0.9694268423164231, "kernel_median": 0.002745881211012602}
{"epoch": 341, "value_loss": 1.3551939449140005, "kernel_loss": 10.658867398086858, "seconds": 37.26094436645508, "score": 0.04276658487342233, "samples_all_within_1pct": 0.9886, "kernel_rows_within_5pct": 0.9686334151265776, "kernel_median": 0.004041894339025021}
{"epoch": 342, "value_loss": 1.2930074033080314, "kernel_loss": 10.53081667179964, "seconds": 37.32633423805237, "score": 0.04300564941462037, "samples_all_within_1pct": 0.9879, "kernel_rows_within_5pct": 0.9690943505853796, "kernel_median": 0.0041288393549621105}
{"epoch": 343, "value_loss": 1.1359715376581465, "kernel_loss": 10.59799406479816, "seconds": 37.246304512023926, "score": 0.044477018159019166, "samples_all_within_1pct": 0.9874, "kernel_rows_within_5pct": 0.9681229818409808, "kernel_median": 0.0031061407644301653}
{"epoch": 344, "value_loss": 1.3445981415558834, "kernel_loss": 10.618250316503097, "seconds": 37.147215843200684, "score": 0.04194015913238036, "samples_all_within_1pct": 0.9886, "kernel_rows_within_5pct": 0.9694598408676196, "kernel_median": 0.0032222631853073835}
{"epoch": 345, "value_loss": 1.125994931070172, "kernel_loss": 10.562375905562421, "seconds": 37.188685178756714, "score": 0.04307319759511563, "samples_all_within_1pct": 0.9876, "kernel_rows_within_5pct": 0.9693268024048843, "kernel_median": 0.0041114529594779015}
{"epoch": 346, "value_loss": 1.2616431074483054, "kernel_loss": 9.941468718100568, "seconds": 37.2930793762207, "score": 0.041012470987903504, "samples_all_within_1pct": 0.9892, "kernel_rows_within_5pct": 0.9697875290120965, "kernel_median": 0.002739801537245512}
{"epoch": 347, "value_loss": 1.1949507512000141, "kernel_loss": 10.23883661202022, "seconds": 37.17068529129028, "score": 0.04148016952065847, "samples_all_within_1pct": 0.9894, "kernel_rows_within_5pct": 0.9691198304793416, "kernel_median": 0.004269525408744812}
{"epoch": 348, "value_loss": 1.026919462242905, "kernel_loss": 10.560678601264954, "seconds": 37.673742055892944, "score": 0.04283209374345376, "samples_all_within_1pct": 0.9879, "kernel_rows_within_5pct": 0.9692679062565462, "kernel_median": 0.0032839151099324226}
{"epoch": 349, "value_loss": 1.4348364898136683, "kernel_loss": 10.122837689458107, "seconds": 37.34736895561218, "score": 0.04065044206571766, "samples_all_within_1pct": 0.9895, "kernel_rows_within_5pct": 0.9698495579342823, "kernel_median": 0.003994409926235676}
{"epoch": 350, "value_loss": 1.2407421728177948, "kernel_loss": 9.727100671554098, "seconds": 37.299585819244385, "score": 0.042138776994329, "samples_all_within_1pct": 0.9886, "kernel_rows_within_5pct": 0.969261223005671, "kernel_median": 0.0033423074055463076}
{"epoch": 351, "value_loss": 0.9866895225583291, "kernel_loss": 10.124461302951891, "seconds": 37.11639857292175, "score": 0.04123097895632266, "samples_all_within_1pct": 0.9888, "kernel_rows_within_5pct": 0.9699690210436773, "kernel_median": 0.0029972956981509924}
{"epoch": 352, "value_loss": 1.0714105008816233, "kernel_loss": 10.03549349308014, "seconds": 37.441285371780396, "score": 0.0422628747502396, "samples_all_within_1pct": 0.9887, "kernel_rows_within_5pct": 0.9690371252497604, "kernel_median": 0.002988361520692706}
{"epoch": 353, "value_loss": 1.1487807403413617, "kernel_loss": 10.014611020380137, "seconds": 37.235600233078, "score": 0.04070495233066884, "samples_all_within_1pct": 0.9895, "kernel_rows_within_5pct": 0.9697950476693311, "kernel_median": 0.003289005719125271}
{"epoch": 354, "value_loss": 1.031400911357938, "kernel_loss": 9.87144055415173, "seconds": 37.313212633132935, "score": 0.041951108532026105, "samples_all_within_1pct": 0.9883, "kernel_rows_within_5pct": 0.9697488914679739, "kernel_median": 0.0028344702441245317}
{"epoch": 355, "value_loss": 0.9682092985936573, "kernel_loss": 10.01889670625025, "seconds": 37.13631749153137, "score": 0.040549895334025754, "samples_all_within_1pct": 0.9898, "kernel_rows_within_5pct": 0.9696501046659742, "kernel_median": 0.0030139104928821325}
{"epoch": 356, "value_loss": 1.0180179215207392, "kernel_loss": 9.76332271585659, "seconds": 37.29701042175293, "score": 0.041010093797337555, "samples_all_within_1pct": 0.989, "kernel_rows_within_5pct": 0.9699899062026625, "kernel_median": 0.002699304837733507}
{"epoch": 357, "value_loss": 1.0450521813971656, "kernel_loss": 9.44640338420868, "seconds": 37.24475812911987, "score": 0.04178260521055488, "samples_all_within_1pct": 0.9884, "kernel_rows_within_5pct": 0.9698173947894452, "kernel_median": 0.0028839458245784044}
{"epoch": 358, "value_loss": 1.1647308696897662, "kernel_loss": 9.463330079098137, "seconds": 37.12861347198486, "score": 0.0399944698396375, "samples_all_within_1pct": 0.9901, "kernel_rows_within_5pct": 0.9699055301603625, "kernel_median": 0.003048872807994485}
{"epoch": 359, "value_loss": 0.848295524412272, "kernel_loss": 9.88702457048455, "seconds": 37.24209189414978, "score": 0.04075604114710485, "samples_all_within_1pct": 0.9893, "kernel_rows_within_5pct": 0.9699439588528952, "kernel_median": 0.0034179026260972023}
{"epoch": 360, "value_loss": 1.0232180554647834, "kernel_loss": 9.5929380387676, "seconds": 37.2535502910614, "score": 0.03923165471652679, "samples_all_within_1pct": 0.9904, "kernel_rows_within_5pct": 0.9703683452834733, "kernel_median": 0.0032907382119446993}
{"epoch": 361, "value_loss": 0.9406684302553838, "kernel_loss": 9.414593944744189, "seconds": 37.53369474411011, "score": 0.0400712074900863, "samples_all_within_1pct": 0.9898, "kernel_rows_within_5pct": 0.9701287925099137, "kernel_median": 0.003101827809587121}
{"epoch": 362, "value_loss": 1.0034906511404076, "kernel_loss": 9.221021562206502, "seconds": 37.51484394073486, "score": 0.03756353848059224, "samples_all_within_1pct": 0.9914, "kernel_rows_within_5pct": 0.9710364615194078, "kernel_median": 0.003117674496024847}
{"epoch": 363, "value_loss": 1.011163663195104, "kernel_loss": 9.297272215084154, "seconds": 37.46589660644531, "score": 0.03842944646601176, "samples_all_within_1pct": 0.9909, "kernel_rows_within_5pct": 0.9706705535339882, "kernel_median": 0.003094236133620143}
{"epoch": 364, "value_loss": 0.8726689049175808, "kernel_loss": 9.37937246536722, "seconds": 37.629122495651245, "score": 0.039085329575118566, "samples_all_within_1pct": 0.9906, "kernel_rows_within_5pct": 0.9703146704248814, "kernel_median": 0.0028094633016735315}
{"epoch": 365, "value_loss": 0.888843736782366, "kernel_loss": 9.341362023840146, "seconds": 37.67816948890686, "score": 0.0376094858303595, "samples_all_within_1pct": 0.9914, "kernel_rows_within_5pct": 0.9709905141696406, "kernel_median": 0.002750089857727289}
{"epoch": 366, "value_loss": 0.8955347136575349, "kernel_loss": 9.316966098182055, "seconds": 37.186551332473755, "score": 0.03890994344507803, "samples_all_within_1pct": 0.9902, "kernel_rows_within_5pct": 0.970890056554922, "kernel_median": 0.002961469115689397}
{"epoch": 367, "value_loss": 0.8377895485989901, "kernel_loss": 9.203985773787206, "seconds": 37.32766270637512, "score": 0.03839570162542927, "samples_all_within_1pct": 0.9906, "kernel_rows_within_5pct": 0.9710042983745707, "kernel_median": 0.002682784339413047}
{"epoch": 368, "value_loss": 0.8657960751835181, "kernel_loss": 9.050910840229113, "seconds": 37.221895694732666, "score": 0.036962991748900276, "samples_all_within_1pct": 0.9922, "kernel_rows_within_5pct": 0.9708370082510998, "kernel_median": 0.0032926041167229414}
{"epoch": 369, "value_loss": 0.7806377395683405, "kernel_loss": 8.964910137410067, "seconds": 37.37512516975403, "score": 0.038281957332037875, "samples_all_within_1pct": 0.9908, "kernel_rows_within_5pct": 0.9709180426679621, "kernel_median": 0.002864440204575658}
{"epoch": 370, "value_loss": 0.8231066066999825, "kernel_loss": 8.968903719162455, "seconds": 37.29783296585083, "score": 0.03794740770273908, "samples_all_within_1pct": 0.9914, "kernel_rows_within_5pct": 0.970652592297261, "kernel_median": 0.0027091451920568943}
{"epoch": 371, "value_loss": 0.7271220230934571, "kernel_loss": 9.16381732055119, "seconds": 37.26420569419861, "score": 0.03829181326829978, "samples_all_within_1pct": 0.9909, "kernel_rows_within_5pct": 0.9708081867317002, "kernel_median": 0.0026283329352736473}
{"epoch": 372, "value_loss": 0.8695613145828247, "kernel_loss": 8.81951593379585, "seconds": 37.18994426727295, "score": 0.040120892844723643, "samples_all_within_1pct": 0.9887, "kernel_rows_within_5pct": 0.9711791071552763, "kernel_median": 0.002877381630241871}
{"epoch": 373, "value_loss": 0.7594603753211547, "kernel_loss": 9.100431349812721, "seconds": 37.19059610366821, "score": 0.03841875512339055, "samples_all_within_1pct": 0.9908, "kernel_rows_within_5pct": 0.9707812448766094, "kernel_median": 0.0031675638165324926}
{"epoch": 374, "value_loss": 0.8917791587965829, "kernel_loss": 8.771485654675232, "seconds": 37.186535596847534, "score": 0.03794649247330206, "samples_all_within_1pct": 0.9912, "kernel_rows_within_5pct": 0.970853507526698, "kernel_median": 0.003148352727293968}
{"epoch": 375, "value_loss": 0.762755500114694, "kernel_loss": 8.761747695961777, "seconds": 37.26863360404968, "score": 0.03679688420578642, "samples_all_within_1pct": 0.9915, "kernel_rows_within_5pct": 0.9717031157942135, "kernel_median": 0.0025208094157278538}
{"epoch": 376, "value_loss": 0.7763988342212171, "kernel_loss": 8.624170113583, "seconds": 37.19732165336609, "score": 0.037579251555265536, "samples_all_within_1pct": 0.991, "kernel_rows_within_5pct": 0.9714207484447345, "kernel_median": 0.0026650934014469385}
{"epoch": 377, "value_loss": 0.7593619175711457, "kernel_loss": 8.72959406035287, "seconds": 38.20877146720886, "score": 0.03837736259706115, "samples_all_within_1pct": 0.9907, "kernel_rows_within_5pct": 0.9709226374029388, "kernel_median": 0.0028433548286557198}
{"epoch": 378, "value_loss": 0.6851622389287365, "kernel_loss": 8.624771580404165, "seconds": 37.515629053115845, "score": 0.036961708021718054, "samples_all_within_1pct": 0.9916, "kernel_rows_within_5pct": 0.9714382919782819, "kernel_median": 0.0026951157487928867}
{"epoch": 379, "value_loss": 0.7086839046405287, "kernel_loss": 8.599982371135633, "seconds": 37.26662468910217, "score": 0.03760114106066115, "samples_all_within_1pct": 0.9909, "kernel_rows_within_5pct": 0.9714988589393388, "kernel_median": 0.002469307743012905}
{"epoch": 380, "value_loss": 0.6843527988815794, "kernel_loss": 8.55730550629752, "seconds": 37.37287664413452, "score": 0.037420564258517364, "samples_all_within_1pct": 0.9911, "kernel_rows_within_5pct": 0.9714794357414827, "kernel_median": 0.0027356771752238274}
{"epoch": 381, "value_loss": 0.6652327839817319, "kernel_loss": 8.464503660493968, "seconds": 37.341960191726685, "score": 0.03640131000071223, "samples_all_within_1pct": 0.992, "kernel_rows_within_5pct": 0.9715986899992878, "kernel_median": 0.0027089156210422516}
{"epoch": 382, "value_loss": 0.693710515389637, "kernel_loss": 8.408551113946098, "seconds": 37.39456605911255, "score": 0.036321528693389005, "samples_all_within_1pct": 0.992, "kernel_rows_within_5pct": 0.971678471306611, "kernel_median": 0.00284195295535028}
{"epoch": 383, "value_loss": 0.6689524211141528, "kernel_loss": 8.427501615212888, "seconds": 37.20360708236694, "score": 0.03531045955912682, "samples_all_within_1pct": 0.993, "kernel_rows_within_5pct": 0.9716895404408732, "kernel_median": 0.002852256176993251}
{"epoch": 384, "value_loss": 0.6170806972956171, "kernel_loss": 8.420563600501236, "seconds": 37.273396492004395, "score": 0.03753484598970491, "samples_all_within_1pct": 0.9912, "kernel_rows_within_5pct": 0.9712651540102951, "kernel_median": 0.002518133958801627}
{"epoch": 385, "value_loss": 0.6234472605342768, "kernel_loss": 8.279381331132383, "seconds": 37.250264406204224, "score": 0.03639078759814196, "samples_all_within_1pct": 0.9918, "kernel_rows_within_5pct": 0.971809212401858, "kernel_median": 0.002743844408541918}
{"epoch": 386, "value_loss": 0.7016713190443662, "kernel_loss": 8.29571756781364, "seconds": 37.15510845184326, "score": 0.035822373393644136, "samples_all_within_1pct": 0.992, "kernel_rows_within_5pct": 0.9721776266063559, "kernel_median": 0.0022818276192992926}
{"epoch": 387, "value_loss": 0.6482439646307303, "kernel_loss": 8.139659261216922, "seconds": 37.6565158367157, "score": 0.036135979364627535, "samples_all_within_1pct": 0.9923, "kernel_rows_within_5pct": 0.9715640206353725, "kernel_median": 0.002711913315579295}
{"epoch": 388, "value_loss": 0.6151384775127683, "kernel_loss": 8.232020728442134, "seconds": 37.474912881851196, "score": 0.03606572540735986, "samples_all_within_1pct": 0.9921, "kernel_rows_within_5pct": 0.9718342745926402, "kernel_median": 0.0025621007662266493}
{"epoch": 389, "value_loss": 0.6604150465252449, "kernel_loss": 8.064238555577337, "seconds": 37.63067817687988, "score": 0.03580507862322524, "samples_all_within_1pct": 0.9921, "kernel_rows_within_5pct": 0.9720949213767748, "kernel_median": 0.002351742470636964}
{"epoch": 390, "value_loss": 0.5839388089216485, "kernel_loss": 8.122305186427369, "seconds": 37.65776562690735, "score": 0.035939450018577346, "samples_all_within_1pct": 0.9923, "kernel_rows_within_5pct": 0.9717605499814227, "kernel_median": 0.0023628734052181244}
{"epoch": 391, "value_loss": 0.58022141912762, "kernel_loss": 8.187961279129496, "seconds": 37.58506107330322, "score": 0.03617834561972422, "samples_all_within_1pct": 0.9917, "kernel_rows_within_5pct": 0.9721216543802758, "kernel_median": 0.002370506292209029}
{"epoch": 392, "value_loss": 0.5884056004638575, "kernel_loss": 8.000929849488395, "seconds": 37.56705188751221, "score": 0.03531009106138161, "samples_all_within_1pct": 0.9926, "kernel_rows_within_5pct": 0.9720899089386184, "kernel_median": 0.002432869514450431}
{"epoch": 393, "value_loss": 0.5510533588881396, "kernel_loss": 8.166235680482826, "seconds": 37.53910684585571, "score": 0.035490329983423385, "samples_all_within_1pct": 0.9926, "kernel_rows_within_5pct": 0.9719096700165766, "kernel_median": 0.0024375312495976686}
{"epoch": 394, "value_loss": 0.6279943285852062, "kernel_loss": 7.891892965959043, "seconds": 37.55523371696472, "score": 0.03434497857078267, "samples_all_within_1pct": 0.9931, "kernel_rows_within_5pct": 0.9725550214292173, "kernel_median": 0.0021822135895490646}
{"epoch": 395, "value_loss": 0.5375972000920043, "kernel_loss": 7.902727024895804, "seconds": 37.35176467895508, "score": 0.03574973295191464, "samples_all_within_1pct": 0.9921, "kernel_rows_within_5pct": 0.9721502670480854, "kernel_median": 0.0022670195903629065}
{"epoch": 396, "value_loss": 0.5377871295323178, "kernel_loss": 7.8874258435502345, "seconds": 37.987183570861816, "score": 0.035618405213436954, "samples_all_within_1pct": 0.9922, "kernel_rows_within_5pct": 0.9721815947865631, "kernel_median": 0.0023685949854552746}
{"epoch": 397, "value_loss": 0.5359305969002296, "kernel_loss": 7.886303308058758, "seconds": 37.559974670410156, "score": 0.03392096063794969, "samples_all_within_1pct": 0.9935, "kernel_rows_within_5pct": 0.9725790393620503, "kernel_median": 0.0024011784698814154}
{"epoch": 398, "value_loss": 0.534331949693816, "kernel_loss": 7.944385825371255, "seconds": 37.52260661125183, "score": 0.03484334766960262, "samples_all_within_1pct": 0.9927, "kernel_rows_within_5pct": 0.9724566523303974, "kernel_median": 0.0023830002173781395}
{"epoch": 399, "value_loss": 0.5190303129505138, "kernel_loss": 7.749147415161133, "seconds": 37.42997646331787, "score": 0.03478261176849473, "samples_all_within_1pct": 0.9928, "kernel_rows_within_5pct": 0.9724173882315053, "kernel_median": 0.002404326805844903}
{"epoch": 400, "value_loss": 0.4997808188199997, "kernel_loss": 7.718259310235783, "seconds": 37.21052622795105, "score": 0.034252328287966316, "samples_all_within_1pct": 0.9933, "kernel_rows_within_5pct": 0.9724476717120337, "kernel_median": 0.0023950710892677307}
{"epoch": 401, "value_loss": 0.4834704122373036, "kernel_loss": 7.860581441801422, "seconds": 37.20763850212097, "score": 0.03485346166288894, "samples_all_within_1pct": 0.9924, "kernel_rows_within_5pct": 0.9727465383371111, "kernel_median": 0.00222046859562397}
{"epoch": 402, "value_loss": 0.5522665110777836, "kernel_loss": 7.5371498720986505, "seconds": 38.55390167236328, "score": 0.03444698726360351, "samples_all_within_1pct": 0.9928, "kernel_rows_within_5pct": 0.9727530127363965, "kernel_median": 0.0021284541580826044}
{"epoch": 403, "value_loss": 0.5010468175216597, "kernel_loss": 7.642864852535482, "seconds": 37.205254793167114, "score": 0.034015490585074803, "samples_all_within_1pct": 0.9933, "kernel_rows_within_5pct": 0.9726845094149252, "kernel_median": 0.00230824900791049}
{"epoch": 404, "value_loss": 0.47481018365645894, "kernel_loss": 7.657714298793247, "seconds": 37.246339321136475, "score": 0.03446318857063857, "samples_all_within_1pct": 0.9931, "kernel_rows_within_5pct": 0.9724368114293614, "kernel_median": 0.0023155759554356337}
{"epoch": 405, "value_loss": 0.4837166706518251, "kernel_loss": 7.659759942366152, "seconds": 37.31572365760803, "score": 0.03440375498450421, "samples_all_within_1pct": 0.9928, "kernel_rows_within_5pct": 0.9727962450154958, "kernel_median": 0.0022608439903706312}
{"epoch": 406, "value_loss": 0.44846705560173306, "kernel_loss": 7.686500833958996, "seconds": 37.57875394821167, "score": 0.03441628607989533, "samples_all_within_1pct": 0.9928, "kernel_rows_within_5pct": 0.9727837139201047, "kernel_median": 0.0022500555496662855}
{"epoch": 407, "value_loss": 0.4674092683256889, "kernel_loss": 7.549150753994377, "seconds": 37.442803382873535, "score": 0.03413132339436464, "samples_all_within_1pct": 0.9931, "kernel_rows_within_5pct": 0.9727686766056354, "kernel_median": 0.002133948728442192}
{"epoch": 408, "value_loss": 0.45583869015075723, "kernel_loss": 7.469114904501001, "seconds": 37.46046829223633, "score": 0.0334250179351302, "samples_all_within_1pct": 0.9937, "kernel_rows_within_5pct": 0.9728749820648698, "kernel_median": 0.0022522658109664917}
{"epoch": 409, "value_loss": 0.45811676568522747, "kernel_loss": 7.598335815935719, "seconds": 37.234766483306885, "score": 0.03359928927803979, "samples_all_within_1pct": 0.9934, "kernel_rows_within_5pct": 0.9730007107219603, "kernel_median": 0.0023698462173342705}
{"epoch": 410, "value_loss": 0.4460392828498568, "kernel_loss": 7.574981336690942, "seconds": 37.2109534740448, "score": 0.03453483395985324, "samples_all_within_1pct": 0.9926, "kernel_rows_within_5pct": 0.9728651660401467, "kernel_median": 0.002198469825088978}
{"epoch": 411, "value_loss": 0.5000215863086739, "kernel_loss": 7.447578877818827, "seconds": 37.18662357330322, "score": 0.03343283456092827, "samples_all_within_1pct": 0.9934, "kernel_rows_within_5pct": 0.9731671654390718, "kernel_median": 0.0022271855268627405}
{"epoch": 412, "value_loss": 0.4550344197421658, "kernel_loss": 7.362141555669356, "seconds": 37.21332907676697, "score": 0.03364269049719004, "samples_all_within_1pct": 0.9933, "kernel_rows_within_5pct": 0.97305730950281, "kernel_median": 0.0022570935543626547}
{"epoch": 413, "value_loss": 0.4364324954091286, "kernel_loss": 7.408317371290558, "seconds": 37.28712248802185, "score": 0.03366708622166381, "samples_all_within_1pct": 0.9932, "kernel_rows_within_5pct": 0.9731329137783362, "kernel_median": 0.0021710111759603024}
{"epoch": 414, "value_loss": 0.43016037116853556, "kernel_loss": 7.388979875311559, "seconds": 37.275402307510376, "score": 0.03376625081530438, "samples_all_within_1pct": 0.9931, "kernel_rows_within_5pct": 0.9731337491846956, "kernel_median": 0.002074077958241105}
{"epoch": 415, "value_loss": 0.428483499860277, "kernel_loss": 7.395833589592758, "seconds": 37.299437284469604, "score": 0.033157856840171474, "samples_all_within_1pct": 0.9936, "kernel_rows_within_5pct": 0.9732421431598285, "kernel_median": 0.002241474110633135}
{"epoch": 416, "value_loss": 0.4178029830966677, "kernel_loss": 7.309245627753588, "seconds": 37.18837118148804, "score": 0.03368462975521136, "samples_all_within_1pct": 0.9932, "kernel_rows_within_5pct": 0.9731153702447887, "kernel_median": 0.0022909941617399454}
{"epoch": 417, "value_loss": 0.41516171973578786, "kernel_loss": 7.24906806556546, "seconds": 37.18169021606445, "score": 0.03334198411934286, "samples_all_within_1pct": 0.9934, "kernel_rows_within_5pct": 0.9732580158806572, "kernel_median": 0.0021007691975682974}
{"epoch": 418, "value_loss": 0.41315582303368314, "kernel_loss": 7.272531769713577, "seconds": 37.253429889678955, "score": 0.03318020396028554, "samples_all_within_1pct": 0.9936, "kernel_rows_within_5pct": 0.9732197960397144, "kernel_median": 0.002110291039571166}
{"epoch": 419, "value_loss": 0.41138544693893314, "kernel_loss": 7.362880470801373, "seconds": 37.34264039993286, "score": 0.03322055222866571, "samples_all_within_1pct": 0.9937, "kernel_rows_within_5pct": 0.9730794477713343, "kernel_median": 0.002343477914109826}
{"epoch": 420, "value_loss": 0.4032580169792078, "kernel_loss": 7.180796684051047, "seconds": 37.20411157608032, "score": 0.032751551380937105, "samples_all_within_1pct": 0.9939, "kernel_rows_within_5pct": 0.9733484486190629, "kernel_median": 0.0021123120095580816}
{"epoch": 421, "value_loss": 0.40343436537956706, "kernel_loss": 7.167762291674712, "seconds": 37.56180286407471, "score": 0.03322636016164271, "samples_all_within_1pct": 0.9936, "kernel_rows_within_5pct": 0.9731736398383573, "kernel_median": 0.0020240761805325747}
{"epoch": 422, "value_loss": 0.4065449329055085, "kernel_loss": 7.178042080937599, "seconds": 37.25601029396057, "score": 0.03292068125717795, "samples_all_within_1pct": 0.9938, "kernel_rows_within_5pct": 0.973279318742822, "kernel_median": 0.0020527392625808716}
{"epoch": 423, "value_loss": 0.40403259956106846, "kernel_loss": 7.123341594423566, "seconds": 37.10767841339111, "score": 0.033295788006446836, "samples_all_within_1pct": 0.9933, "kernel_rows_within_5pct": 0.9734042119935532, "kernel_median": 0.0020428537391126156}
{"epoch": 424, "value_loss": 0.3892077937418101, "kernel_loss": 7.238089026237021, "seconds": 38.19173502922058, "score": 0.03324866737021803, "samples_all_within_1pct": 0.9935, "kernel_rows_within_5pct": 0.9732513326297819, "kernel_median": 0.002015645382925868}
{"epoch": 425, "value_loss": 0.3884172266235157, "kernel_loss": 7.122639712022275, "seconds": 37.12684488296509, "score": 0.0333081501617869, "samples_all_within_1pct": 0.9934, "kernel_rows_within_5pct": 0.9732918498382132, "kernel_median": 0.00198909523896873}
{"epoch": 426, "value_loss": 0.3784219712323072, "kernel_loss": 6.968014785221645, "seconds": 37.20397162437439, "score": 0.031821854543639394, "samples_all_within_1pct": 0.9947, "kernel_rows_within_5pct": 0.9734781454563606, "kernel_median": 0.0021401511039584875}
{"epoch": 427, "value_loss": 0.37446039367695244, "kernel_loss": 7.14339004000839, "seconds": 37.18269395828247, "score": 0.03225401768847658, "samples_all_within_1pct": 0.9943, "kernel_rows_within_5pct": 0.9734459823115235, "kernel_median": 0.0020015782210975885}
{"epoch": 428, "value_loss": 0.37018338803734097, "kernel_loss": 7.032316657961632, "seconds": 37.12719774246216, "score": 0.032672814331563216, "samples_all_within_1pct": 0.9939, "kernel_rows_within_5pct": 0.9734271856684368, "kernel_median": 0.0019981039222329855}
{"epoch": 429, "value_loss": 0.3667596654624355, "kernel_loss": 7.002682070342862, "seconds": 37.3427300453186, "score": 0.032478582353001384, "samples_all_within_1pct": 0.9939, "kernel_rows_within_5pct": 0.9736214176469986, "kernel_median": 0.001959707122296095}
{"epoch": 430, "value_loss": 0.3831701461149722, "kernel_loss": 6.876069346252753, "seconds": 37.21522545814514, "score": 0.0325205216110227, "samples_all_within_1pct": 0.9938, "kernel_rows_within_5pct": 0.9736794783889773, "kernel_median": 0.0019786979537457228}
{"epoch": 431, "value_loss": 0.3659000211224264, "kernel_loss": 6.988892869073517, "seconds": 37.208574533462524, "score": 0.032438731610878624, "samples_all_within_1pct": 0.994, "kernel_rows_within_5pct": 0.9735612683891214, "kernel_median": 0.001961449161171913}
{"epoch": 432, "value_loss": 0.3689834119714036, "kernel_loss": 7.058032714590734, "seconds": 37.36424899101257, "score": 0.03222473855435859, "samples_all_within_1pct": 0.9942, "kernel_rows_within_5pct": 0.9735752614456414, "kernel_median": 0.0019869471434503794}
{"epoch": 433, "value_loss": 0.3601649725923733, "kernel_loss": 7.008369504189004, "seconds": 37.49634313583374, "score": 0.03266667781237986, "samples_all_within_1pct": 0.9937, "kernel_rows_within_5pct": 0.9736333221876201, "kernel_median": 0.0019521929789334536}
{"epoch": 434, "value_loss": 0.35847234710746884, "kernel_loss": 7.002713266684085, "seconds": 37.41113495826721, "score": 0.03222432085117888, "samples_all_within_1pct": 0.9942, "kernel_rows_within_5pct": 0.9735756791488211, "kernel_median": 0.002007890259847045}
{"epoch": 435, "value_loss": 0.3519784380890885, "kernel_loss": 6.9123914825673, "seconds": 37.556885719299316, "score": 0.032411998607377646, "samples_all_within_1pct": 0.994, "kernel_rows_within_5pct": 0.9735880013926224, "kernel_median": 0.0019549403805285692}
{"epoch": 436, "value_loss": 0.3490035958131965, "kernel_loss": 6.999748808997018, "seconds": 37.47139382362366, "score": 0.0319295022293864, "samples_all_within_1pct": 0.9944, "kernel_rows_within_5pct": 0.9736704977706137, "kernel_median": 0.001963133690878749}
{"epoch": 437, "value_loss": 0.34683425055474654, "kernel_loss": 6.860581821324874, "seconds": 37.47391366958618, "score": 0.03224391298908602, "samples_all_within_1pct": 0.9941, "kernel_rows_within_5pct": 0.973656087010914, "kernel_median": 0.0019210459431633353}
{"epoch": 438, "value_loss": 0.35086291633090194, "kernel_loss": 6.9385974918093, "seconds": 37.45781445503235, "score": 0.032554773271758264, "samples_all_within_1pct": 0.9938, "kernel_rows_within_5pct": 0.9736452267282417, "kernel_median": 0.001919987378641963}
{"epoch": 439, "value_loss": 0.3434624948671886, "kernel_loss": 6.882300296608283, "seconds": 37.47256660461426, "score": 0.03217144148740758, "samples_all_within_1pct": 0.9941, "kernel_rows_within_5pct": 0.9737285585125924, "kernel_median": 0.0019810181111097336}
{"epoch": 440, "value_loss": 0.3394386617808926, "kernel_loss": 6.84260634256869, "seconds": 37.44916296005249, "score": 0.03171856212363644, "samples_all_within_1pct": 0.9944, "kernel_rows_within_5pct": 0.9738814378763636, "kernel_median": 0.001937366439960897}
{"epoch": 441, "value_loss": 0.3377095669203875, "kernel_loss": 6.880783674668293, "seconds": 37.43776226043701, "score": 0.03212173480902303, "samples_all_within_1pct": 0.9941, "kernel_rows_within_5pct": 0.973778265190977, "kernel_median": 0.0019449832616373897}
{"epoch": 442, "value_loss": 0.33991950461450887, "kernel_loss": 6.880414787603884, "seconds": 37.45353174209595, "score": 0.03215849268883686, "samples_all_within_1pct": 0.9941, "kernel_rows_within_5pct": 0.9737415073111632, "kernel_median": 0.0019165787380188704}
{"epoch": 443, "value_loss": 0.33922523959558837, "kernel_loss": 6.8249262182080015, "seconds": 37.58876705169678, "score": 0.032296712529779614, "samples_all_within_1pct": 0.994, "kernel_rows_within_5pct": 0.9737032874702204, "kernel_median": 0.0019292484503239393}
{"epoch": 444, "value_loss": 0.3357954233580706, "kernel_loss": 6.777992340983177, "seconds": 37.36268711090088, "score": 0.03196179440273561, "samples_all_within_1pct": 0.9942, "kernel_rows_within_5pct": 0.9738382055972644, "kernel_median": 0.001890387269668281}
{"epoch": 445, "value_loss": 0.33377646381149484, "kernel_loss": 6.808979075782153, "seconds": 37.364502906799316, "score": 0.0320891539610062, "samples_all_within_1pct": 0.9941, "kernel_rows_within_5pct": 0.9738108460389938, "kernel_median": 0.0018783750711008906}
{"epoch": 446, "value_loss": 0.33028706725762813, "kernel_loss": 6.769662827861552, "seconds": 38.39797806739807, "score": 0.031589740604236805, "samples_all_within_1pct": 0.9945, "kernel_rows_within_5pct": 0.9739102593957631, "kernel_median": 0.0018808647291734815}
{"epoch": 447, "value_loss": 0.3298152029818418, "kernel_loss": 6.840506682590562, "seconds": 37.54971718788147, "score": 0.03158476807761923, "samples_all_within_1pct": 0.9946, "kernel_rows_within_5pct": 0.9738152319223807, "kernel_median": 0.0018853438086807728}
{"epoch": 448, "value_loss": 0.3282975070938772, "kernel_loss": 6.81072213211838, "seconds": 37.43868899345398, "score": 0.03214111809534037, "samples_all_within_1pct": 0.994, "kernel_rows_within_5pct": 0.9738588819046596, "kernel_median": 0.0018847421742975712}
{"epoch": 449, "value_loss": 0.32749663110898464, "kernel_loss": 6.728528149273931, "seconds": 37.70381236076355, "score": 0.031695379597162954, "samples_all_within_1pct": 0.9944, "kernel_rows_within_5pct": 0.9739046204028371, "kernel_median": 0.0018675222527235746}
{"epoch": 450, "value_loss": 0.32415252923965454, "kernel_loss": 6.755350621379152, "seconds": 37.352949142456055, "score": 0.032188487494697826, "samples_all_within_1pct": 0.9939, "kernel_rows_within_5pct": 0.9739115125053022, "kernel_median": 0.0018665961688384414}
{"epoch": 451, "value_loss": 0.32091924487328044, "kernel_loss": 6.728122195419, "seconds": 37.32846927642822, "score": 0.03186154563960697, "samples_all_within_1pct": 0.9942, "kernel_rows_within_5pct": 0.9739384543603931, "kernel_median": 0.0018620387418195605}
{"epoch": 452, "value_loss": 0.32292404634003735, "kernel_loss": 6.750482510547249, "seconds": 37.3189857006073, "score": 0.03140352480916708, "samples_all_within_1pct": 0.9947, "kernel_rows_within_5pct": 0.9738964751908329, "kernel_median": 0.0018460580613464117}
{"epoch": 453, "value_loss": 0.32011913812282133, "kernel_loss": 6.777616583571142, "seconds": 37.46638488769531, "score": 0.03201998417322649, "samples_all_within_1pct": 0.994, "kernel_rows_within_5pct": 0.9739800158267735, "kernel_median": 0.0018430888885632157}
{"epoch": 454, "value_loss": 0.3172790879497723, "kernel_loss": 6.708851804538649, "seconds": 37.53756546974182, "score": 0.031468020038892264, "samples_all_within_1pct": 0.9946, "kernel_rows_within_5pct": 0.9739319799611077, "kernel_median": 0.0018544539343565702}
{"epoch": 455, "value_loss": 0.3185652012423593, "kernel_loss": 6.702148330454924, "seconds": 37.50063443183899, "score": 0.03198556357243987, "samples_all_within_1pct": 0.9941, "kernel_rows_within_5pct": 0.9739144364275601, "kernel_median": 0.0018442447762936354}
{"epoch": 456, "value_loss": 0.3171486729870037, "kernel_loss": 6.661386205225575, "seconds": 37.2317316532135, "score": 0.03169199806018652, "samples_all_within_1pct": 0.9943, "kernel_rows_within_5pct": 0.9740080019398135, "kernel_median": 0.0018727192655205727}
{"epoch": 457, "value_loss": 0.3147064797124084, "kernel_loss": 6.628871331409532, "seconds": 37.58383774757385, "score": 0.03129909901424133, "samples_all_within_1pct": 0.9947, "kernel_rows_within_5pct": 0.9740009009857586, "kernel_median": 0.001851069275289774}
{"epoch": 458, "value_loss": 0.31427307822266404, "kernel_loss": 6.638373100027746, "seconds": 37.49026346206665, "score": 0.03158552366090106, "samples_all_within_1pct": 0.9944, "kernel_rows_within_5pct": 0.974014476339099, "kernel_median": 0.0018339705420657992}
{"epoch": 459, "value_loss": 0.31346217071523474, "kernel_loss": 6.70777094120882, "seconds": 37.50237059593201, "score": 0.03150762201788648, "samples_all_within_1pct": 0.9944, "kernel_rows_within_5pct": 0.9740923779821136, "kernel_median": 0.001859028940089047}
{"epoch": 460, "value_loss": 0.31417132518729385, "kernel_loss": 6.716190717658218, "seconds": 37.65155649185181, "score": 0.031632266505489004, "samples_all_within_1pct": 0.9943, "kernel_rows_within_5pct": 0.974067733494511, "kernel_median": 0.00182718422729522}
{"epoch": 461, "value_loss": 0.3123499381603027, "kernel_loss": 6.674912523250191, "seconds": 37.68025875091553, "score": 0.03158468825454164, "samples_all_within_1pct": 0.9944, "kernel_rows_within_5pct": 0.9740153117454584, "kernel_median": 0.0018402223940938711}
{"epoch": 462, "value_loss": 0.31010396900225656, "kernel_loss": 6.635958698331093, "seconds": 37.63134145736694, "score": 0.03154291793657138, "samples_all_within_1pct": 0.9944, "kernel_rows_within_5pct": 0.9740570820634287, "kernel_median": 0.0018240447388961911}
{"epoch": 463, "value_loss": 0.30988168016988404, "kernel_loss": 6.616208502224514, "seconds": 37.49746322631836, "score": 0.03205273396129438, "samples_all_within_1pct": 0.9939, "kernel_rows_within_5pct": 0.9740472660387056, "kernel_median": 0.0018208471592515707}
{"epoch": 464, "value_loss": 0.30575603474767843, "kernel_loss": 6.4423821969908115, "seconds": 37.390050411224365, "score": 0.03183247535707878, "samples_all_within_1pct": 0.9941, "kernel_rows_within_5pct": 0.9740675246429212, "kernel_median": 0.0018093211110681295}
{"epoch": 465, "value_loss": 0.307027771764872, "kernel_loss": 6.610720135727707, "seconds": 37.48150682449341, "score": 0.03148464834300291, "samples_all_within_1pct": 0.9944, "kernel_rows_within_5pct": 0.9741153516569971, "kernel_median": 0.0018162272172048688}
{"epoch": 466, "value_loss": 0.30569598276396187, "kernel_loss": 6.567267413042029, "seconds": 37.366474866867065, "score": 0.03130657775993717, "samples_all_within_1pct": 0.9946, "kernel_rows_within_5pct": 0.9740934222400628, "kernel_median": 0.0018108229851350188}
{"epoch": 467, "value_loss": 0.3077891911475026, "kernel_loss": 6.607289929779208, "seconds": 37.406033515930176, "score": 0.031420361964867305, "samples_all_within_1pct": 0.9945, "kernel_rows_within_5pct": 0.9740796380351326, "kernel_median": 0.0017998177791014314}
{"epoch": 468, "value_loss": 0.3071219489282491, "kernel_loss": 6.624914176610051, "seconds": 37.29472279548645, "score": 0.031469024385302746, "samples_all_within_1pct": 0.9945, "kernel_rows_within_5pct": 0.9740309756146972, "kernel_median": 0.001799287972971797}
{"epoch": 469, "value_loss": 0.3055894835566988, "kernel_loss": 6.6140720309043415, "seconds": 37.353363275527954, "score": 0.031195299774085194, "samples_all_within_1pct": 0.9947, "kernel_rows_within_5pct": 0.9741047002259148, "kernel_median": 0.0018021182622760534}
{"epoch": 470, "value_loss": 0.30294493631440766, "kernel_loss": 6.531828902205643, "seconds": 37.65905785560608, "score": 0.031136861240465663, "samples_all_within_1pct": 0.9948, "kernel_rows_within_5pct": 0.9740631387595343, "kernel_median": 0.0018105384660884738}
{"epoch": 471, "value_loss": 0.3025058430372452, "kernel_loss": 6.559404587259098, "seconds": 37.57451820373535, "score": 0.03127002873171314, "samples_all_within_1pct": 0.9946, "kernel_rows_within_5pct": 0.9741299712682868, "kernel_median": 0.0017901455285027623}
{"epoch": 472, "value_loss": 0.3018893917300263, "kernel_loss": 6.697143162999835, "seconds": 37.57058620452881, "score": 0.03118819882003021, "samples_all_within_1pct": 0.9947, "kernel_rows_within_5pct": 0.9741118011799698, "kernel_median": 0.0017937327502295375}
{"epoch": 473, "value_loss": 0.30162418101515087, "kernel_loss": 6.591934002175623, "seconds": 37.312415599823, "score": 0.03128172442074484, "samples_all_within_1pct": 0.9946, "kernel_rows_within_5pct": 0.9741182755792551, "kernel_median": 0.0017890763701871037}
{"epoch": 474, "value_loss": 0.30167277491822536, "kernel_loss": 6.577733499663217, "seconds": 37.441065311431885, "score": 0.031259586152220575, "samples_all_within_1pct": 0.9946, "kernel_rows_within_5pct": 0.9741404138477794, "kernel_median": 0.0017922953702509403}
{"epoch": 475, "value_loss": 0.3022205642595583, "kernel_loss": 6.58954960716014, "seconds": 38.25258684158325, "score": 0.031073161505560942, "samples_all_within_1pct": 0.9948, "kernel_rows_within_5pct": 0.974126838494439, "kernel_median": 0.0017963182181119919}
{"epoch": 476, "value_loss": 0.2990966728147195, "kernel_loss": 6.575682260552231, "seconds": 37.31884169578552, "score": 0.031162092371298855, "samples_all_within_1pct": 0.9947, "kernel_rows_within_5pct": 0.9741379076287011, "kernel_median": 0.0017887463327497244}
{"epoch": 477, "value_loss": 0.29854848722414096, "kernel_loss": 6.490199152304202, "seconds": 37.32929348945618, "score": 0.03092992922646176, "samples_all_within_1pct": 0.9949, "kernel_rows_within_5pct": 0.9741700707735382, "kernel_median": 0.0017796115716919303}
{"epoch": 478, "value_loss": 0.29981156833926026, "kernel_loss": 6.6375007507752395, "seconds": 37.39049744606018, "score": 0.03142784071056326, "samples_all_within_1pct": 0.9944, "kernel_rows_within_5pct": 0.9741721592894368, "kernel_median": 0.0017884612316265702}
{"epoch": 479, "value_loss": 0.29866873412107936, "kernel_loss": 6.545213519310464, "seconds": 37.1452260017395, "score": 0.03134663735364984, "samples_all_within_1pct": 0.9945, "kernel_rows_within_5pct": 0.9741533626463501, "kernel_median": 0.0017827644478529692}
{"epoch": 480, "value_loss": 0.2980659912739481, "kernel_loss": 6.585310257211024, "seconds": 37.15705060958862, "score": 0.031223663678766167, "samples_all_within_1pct": 0.9946, "kernel_rows_within_5pct": 0.9741763363212338, "kernel_median": 0.0017781138885766268}
{"epoch": 481, "value_loss": 0.2975858638481218, "kernel_loss": 6.524706091199603, "seconds": 37.15037417411804, "score": 0.03131593616994166, "samples_all_within_1pct": 0.9945, "kernel_rows_within_5pct": 0.9741840638300583, "kernel_median": 0.0017760081682354212}
{"epoch": 482, "value_loss": 0.2975396118601974, "kernel_loss": 6.595895703958005, "seconds": 37.22265911102295, "score": 0.031010088325425844, "samples_all_within_1pct": 0.9948, "kernel_rows_within_5pct": 0.9741899116745741, "kernel_median": 0.0017710933461785316}
{"epoch": 483, "value_loss": 0.2970396071976545, "kernel_loss": 6.615798862612977, "seconds": 37.25083255767822, "score": 0.03142721415579375, "samples_all_within_1pct": 0.9944, "kernel_rows_within_5pct": 0.9741727858442063, "kernel_median": 0.0017748615937307477}
{"epoch": 484, "value_loss": 0.29599863336402543, "kernel_loss": 6.55569576243965, "seconds": 37.26964783668518, "score": 0.0312979749332144, "samples_all_within_1pct": 0.9945, "kernel_rows_within_5pct": 0.9742020250667855, "kernel_median": 0.001772125717252493}
{"epoch": 485, "value_loss": 0.29690641696963993, "kernel_loss": 6.625805412020002, "seconds": 37.45114493370056, "score": 0.03141948664696925, "samples_all_within_1pct": 0.9944, "kernel_rows_within_5pct": 0.9741805133530308, "kernel_median": 0.0017711122054606676}
{"epoch": 486, "value_loss": 0.29618093021670167, "kernel_loss": 6.595168790038751, "seconds": 37.33861565589905, "score": 0.031196512972085477, "samples_all_within_1pct": 0.9946, "kernel_rows_within_5pct": 0.9742034870279145, "kernel_median": 0.0017697516595944762}
{"epoch": 487, "value_loss": 0.2944522141193857, "kernel_loss": 6.623317973954337, "seconds": 37.42103171348572, "score": 0.031205493590449107, "samples_all_within_1pct": 0.9946, "kernel_rows_within_5pct": 0.9741945064095509, "kernel_median": 0.0017692038090899587}
{"epoch": 488, "value_loss": 0.2956050035296654, "kernel_loss": 6.429134271582779, "seconds": 37.409876346588135, "score": 0.03140632899680862, "samples_all_within_1pct": 0.9944, "kernel_rows_within_5pct": 0.9741936710031914, "kernel_median": 0.00176763825584203}
{"epoch": 489, "value_loss": 0.29333366940216143, "kernel_loss": 6.51929865807903, "seconds": 37.51926636695862, "score": 0.03100215196501155, "samples_all_within_1pct": 0.9948, "kernel_rows_within_5pct": 0.9741978480349884, "kernel_median": 0.0017684646882116795}
{"epoch": 490, "value_loss": 0.2963668678183945, "kernel_loss": 6.598220956568816, "seconds": 37.386141300201416, "score": 0.031277716328998895, "samples_all_within_1pct": 0.9945, "kernel_rows_within_5pct": 0.974222283671001, "kernel_median": 0.001767096109688282}
{"epoch": 491, "value_loss": 0.29495861518139743, "kernel_loss": 6.5388719573312875, "seconds": 37.3758065700531, "score": 0.03119087397915954, "samples_all_within_1pct": 0.9946, "kernel_rows_within_5pct": 0.9742091260208404, "kernel_median": 0.001766010420396924}
{"epoch": 492, "value_loss": 0.2944929250040833, "kernel_loss": 6.591291181895198, "seconds": 37.44240713119507, "score": 0.031296095268905755, "samples_all_within_1pct": 0.9945, "kernel_rows_within_5pct": 0.9742039047310942, "kernel_median": 0.0017652877140790224}
{"epoch": 493, "value_loss": 0.294523724791955, "kernel_loss": 6.464858011323578, "seconds": 37.33919882774353, "score": 0.031283981876694344, "samples_all_within_1pct": 0.9945, "kernel_rows_within_5pct": 0.9742160181233056, "kernel_median": 0.0017673004185780883}
{"epoch": 494, "value_loss": 0.2963447742620293, "kernel_loss": 6.5416547911507745, "seconds": 37.48222541809082, "score": 0.031380640251256864, "samples_all_within_1pct": 0.9944, "kernel_rows_within_5pct": 0.9742193597487432, "kernel_median": 0.0017636215779930353}
{"epoch": 495, "value_loss": 0.2960984890862387, "kernel_loss": 6.445910375945422, "seconds": 37.43241477012634, "score": 0.031195051010956543, "samples_all_within_1pct": 0.9946, "kernel_rows_within_5pct": 0.9742049489890434, "kernel_median": 0.0017636733828112483}
{"epoch": 496, "value_loss": 0.2937774075841417, "kernel_loss": 6.526970036175786, "seconds": 37.38466668128967, "score": 0.031163096717709227, "samples_all_within_1pct": 0.9946, "kernel_rows_within_5pct": 0.9742369032822907, "kernel_median": 0.0017633514944463968}
{"epoch": 497, "value_loss": 0.2939304549779211, "kernel_loss": 6.504875020105011, "seconds": 37.310967683792114, "score": 0.03128481728305377, "samples_all_within_1pct": 0.9945, "kernel_rows_within_5pct": 0.9742151827169462, "kernel_median": 0.0017643154133111238}
{"epoch": 498, "value_loss": 0.29352135469718854, "kernel_loss": 6.5183422857401325, "seconds": 37.300923109054565, "score": 0.031284399579874056, "samples_all_within_1pct": 0.9945, "kernel_rows_within_5pct": 0.9742156004201259, "kernel_median": 0.0017636811826378107}
{"epoch": 499, "value_loss": 0.29428495588351267, "kernel_loss": 6.52112082315951, "seconds": 37.346248388290405, "score": 0.031181057954436486, "samples_all_within_1pct": 0.9946, "kernel_rows_within_5pct": 0.9742189420455635, "kernel_median": 0.0017628454370424151}
runs/kernel-wide-768/best.pt
[2026-10-08 21:49:58] stage 3: evaluation and figures -> results/forward-kernel-wide-768
{"base": {"samples_all_within_1pct": 0.96674, "points_within_1pct": 0.9997545531825734, "max_relative_error": 0.06437602639198303, "kernel_rows_within_5pct": 0.9212895259744356, "kernel_median": 0.00740455836057663}}
{"finetuned": {"samples_all_within_1pct": 0.99562, "points_within_1pct": 0.9999700083705051, "max_relative_error": 0.04546383023262024, "kernel_rows_within_5pct": 0.9758298465305529, "kernel_median": 0.0017556053353473544}}
/home/smbu/swave/scripts/evaluate_forward_kernels.py:255: UserWarning: Creating legend with loc="best" can be slow with large amounts of data.
  figure.tight_layout()
/home/smbu/swave/scripts/evaluate_forward_kernels.py:256: UserWarning: Creating legend with loc="best" can be slow with large amounts of data.
  figure.savefig(output)
[2026-10-08 21:52:40] stage 4: acceptance check
model       curves<=1%  points<=1%  max rel  kernel<=5%  kernel med
base          96.6740%    99.9755%   6.438%    92.1290%      0.740%
finetuned     99.5620%    99.9970%   4.546%    97.5830%      0.176%
ACCEPTANCE: NOT YET (see runbook: tuning)
[2026-10-08 21:52:40] done. Report back: runs/kernel-wide-768.log and results/forward-kernel-wide-768/summary.json
