nohup: ignoring input
[2026-10-09 09:18:30] stage 0: preflight
..........                                                               [100%]
=============================== warnings summary ===============================
tests/test_kernels.py: 18 warnings
  /opt/anaconda3/lib/python3.13/site-packages/torch/jit/_script.py:1488: DeprecationWarning: `torch.jit.script` is deprecated. Please switch to `torch.compile` or `torch.export`.
    warnings.warn(

-- Docs: https://docs.pytest.org/en/stable/how-to/capture-warnings.html
10 passed, 18 warnings in 0.62s
[2026-10-09 09:18:35] stage 1: physical sensitivity-kernel labels -> data/kernels
[2026-10-09 09:18:37] stage 2: Sobolev fine-tuning on cuda -> runs/kernel-wide-pf
{"epoch": -1, "score": 2.0}
{"epoch": 0, "value_loss": 46082.32926972058, "kernel_loss": 4819.03167288644, "seconds": 24.29766035079956, "score": 1.9932386386301508, "samples_all_within_1pct": 0.0, "kernel_rows_within_5pct": 0.006761361369849224, "kernel_median": 0.14963071048259735}
{"epoch": 1, "value_loss": 1781.2759277966559, "kernel_loss": 976.7197972511758, "seconds": 24.022029161453247, "score": 1.915544385244301, "samples_all_within_1pct": 0.0, "kernel_rows_within_5pct": 0.08445561475569899, "kernel_median": 0.09465310722589493}
{"epoch": 2, "value_loss": 1064.655339299416, "kernel_loss": 676.601672425562, "seconds": 23.63414239883423, "score": 1.6238156809532989, "samples_all_within_1pct": 0.0, "kernel_rows_within_5pct": 0.3761843190467011, "kernel_median": 0.058737512677907944}
{"epoch": 3, "value_loss": 864.0471596231266, "kernel_loss": 502.1224363677356, "seconds": 23.96573495864868, "score": 1.5855131347809115, "samples_all_within_1pct": 0.0, "kernel_rows_within_5pct": 0.41448686521908845, "kernel_median": 0.056526001542806625}
{"epoch": 4, "value_loss": 883.1801838777503, "kernel_loss": 498.3037450362225, "seconds": 23.006598949432373, "score": 1.8266339660770716, "samples_all_within_1pct": 0.0, "kernel_rows_within_5pct": 0.17336603392292832, "kernel_median": 0.08714020252227783}
{"epoch": 5, "value_loss": 687.4600945297552, "kernel_loss": 493.6929708986866, "seconds": 24.119040966033936, "score": 1.7309206240736126, "samples_all_within_1pct": 0.0, "kernel_rows_within_5pct": 0.2690793759263873, "kernel_median": 0.0735267773270607}
{"epoch": 6, "value_loss": 798.5887114855708, "kernel_loss": 444.00537685472136, "seconds": 23.658594131469727, "score": 1.750083592848838, "samples_all_within_1pct": 0.0, "kernel_rows_within_5pct": 0.24991640715116198, "kernel_median": 0.08062192052602768}
{"epoch": 7, "value_loss": 828.2421544911911, "kernel_loss": 458.82001588782487, "seconds": 22.589832305908203, "score": 1.731452777924554, "samples_all_within_1pct": 0.0, "kernel_rows_within_5pct": 0.26854722207544596, "kernel_median": 0.07626654952764511}
{"epoch": 8, "value_loss": 888.7497181795081, "kernel_loss": 467.64354892652864, "seconds": 22.980454206466675, "score": 1.8282366931775913, "samples_all_within_1pct": 0.0, "kernel_rows_within_5pct": 0.1717633068224087, "kernel_median": 0.09498503059148788}
{"epoch": 9, "value_loss": 958.104333682936, "kernel_loss": 458.41141385448225, "seconds": 23.654521226882935, "score": 1.35385286280184, "samples_all_within_1pct": 0.0, "kernel_rows_within_5pct": 0.6461471371981599, "kernel_median": 0.03950382024049759}
{"epoch": 10, "value_loss": 634.0248365596849, "kernel_loss": 394.18353006791097, "seconds": 23.916084051132202, "score": 1.4761672141014923, "samples_all_within_1pct": 0.0, "kernel_rows_within_5pct": 0.5238327858985077, "kernel_median": 0.04816022887825966}
{"epoch": 11, "value_loss": 562.0243119998854, "kernel_loss": 400.1008869093292, "seconds": 23.508915662765503, "score": 1.4410338923942307, "samples_all_within_1pct": 0.0008, "kernel_rows_within_5pct": 0.5581661076057692, "kernel_median": 0.04593896120786667}
{"epoch": 12, "value_loss": 425.95916966029574, "kernel_loss": 344.328712151975, "seconds": 22.615365266799927, "score": 1.498574901176649, "samples_all_within_1pct": 0.0, "kernel_rows_within_5pct": 0.5014250988233511, "kernel_median": 0.049883123487234116}
{"epoch": 13, "value_loss": 398.6591611978959, "kernel_loss": 342.24960560701334, "seconds": 23.88269281387329, "score": 1.2867613780779763, "samples_all_within_1pct": 0.0, "kernel_rows_within_5pct": 0.7132386219220236, "kernel_median": 0.032041627913713455}
{"epoch": 14, "value_loss": 301.34962494519294, "kernel_loss": 303.7520890527842, "seconds": 23.587489366531372, "score": 1.669256774466807, "samples_all_within_1pct": 0.0, "kernel_rows_within_5pct": 0.3307432255331929, "kernel_median": 0.069320447742939}
{"epoch": 15, "value_loss": 286.80840398827377, "kernel_loss": 282.3646241791394, "seconds": 23.103495836257935, "score": 1.5020769246352772, "samples_all_within_1pct": 0.0, "kernel_rows_within_5pct": 0.49792307536472274, "kernel_median": 0.05023430287837982}
{"epoch": 16, "value_loss": 272.44086335629834, "kernel_loss": 277.11881583077565, "seconds": 24.46584415435791, "score": 1.223104457749219, "samples_all_within_1pct": 0.0, "kernel_rows_within_5pct": 0.7768955422507811, "kernel_median": 0.025825100019574165}
{"epoch": 17, "value_loss": 205.73309259998555, "kernel_loss": 265.6958119139379, "seconds": 22.34293007850647, "score": 1.172466433602216, "samples_all_within_1pct": 0.0176, "kernel_rows_within_5pct": 0.8099335663977841, "kernel_median": 0.027596881613135338}
{"epoch": 18, "value_loss": 178.79335021972656, "kernel_loss": 238.82012830461775, "seconds": 24.436532735824585, "score": 1.361619635725234, "samples_all_within_1pct": 0.0, "kernel_rows_within_5pct": 0.638380364274766, "kernel_median": 0.03865901753306389}
{"epoch": 19, "value_loss": 167.29464301284477, "kernel_loss": 240.61938881387516, "seconds": 23.924540042877197, "score": 1.2104077151656956, "samples_all_within_1pct": 0.0015, "kernel_rows_within_5pct": 0.7880922848343045, "kernel_median": 0.02526285871863365}
{"epoch": 20, "value_loss": 134.21060772331393, "kernel_loss": 226.5299736334353, "seconds": 24.12751579284668, "score": 1.1342207984229198, "samples_all_within_1pct": 0.0435, "kernel_rows_within_5pct": 0.8222792015770801, "kernel_median": 0.024078665301203728}
{"epoch": 21, "value_loss": 139.66029741326156, "kernel_loss": 230.90838257147342, "seconds": 24.964309215545654, "score": 1.07821808443828, "samples_all_within_1pct": 0.0927, "kernel_rows_within_5pct": 0.82908191556172, "kernel_median": 0.022423092275857925}
{"epoch": 22, "value_loss": 122.63151167850106, "kernel_loss": 205.22259404707927, "seconds": 24.327752590179443, "score": 0.9174163797080631, "samples_all_within_1pct": 0.2351, "kernel_rows_within_5pct": 0.8474836202919369, "kernel_median": 0.018855441361665726}
{"epoch": 23, "value_loss": 131.61866777770373, "kernel_loss": 206.10489701251595, "seconds": 24.91065788269043, "score": 1.2699311006750293, "samples_all_within_1pct": 0.0749, "kernel_rows_within_5pct": 0.6551688993249708, "kernel_median": 0.04094882309436798}
{"epoch": 24, "value_loss": 142.48328240063725, "kernel_loss": 196.5042018501126, "seconds": 24.255070686340332, "score": 0.9413955743721555, "samples_all_within_1pct": 0.2113, "kernel_rows_within_5pct": 0.8473044256278445, "kernel_median": 0.01975676417350769}
{"epoch": 25, "value_loss": 124.57921269475197, "kernel_loss": 191.2308112163933, "seconds": 24.620315313339233, "score": 1.1736088359468673, "samples_all_within_1pct": 0.0207, "kernel_rows_within_5pct": 0.8056911640531327, "kernel_median": 0.025510242208838463}
{"epoch": 26, "value_loss": 128.98435382453764, "kernel_loss": 197.00765337262834, "seconds": 23.902833223342896, "score": 1.3462705976852143, "samples_all_within_1pct": 0.0018, "kernel_rows_within_5pct": 0.6519294023147857, "kernel_median": 0.03987510874867439}
{"epoch": 27, "value_loss": 103.71830694042906, "kernel_loss": 186.46699500570492, "seconds": 24.40761971473694, "score": 1.1814808241241965, "samples_all_within_1pct": 0.0007, "kernel_rows_within_5pct": 0.8178191758758034, "kernel_median": 0.022502053529024124}
{"epoch": 28, "value_loss": 130.53311302223983, "kernel_loss": 189.30600162428252, "seconds": 24.530747175216675, "score": 1.1353624692022224, "samples_all_within_1pct": 0.0118, "kernel_rows_within_5pct": 0.8528375307977776, "kernel_median": 0.02015678770840168}
{"epoch": 29, "value_loss": 82.17395813611088, "kernel_loss": 185.26207608592753, "seconds": 24.863029718399048, "score": 0.8495618169378222, "samples_all_within_1pct": 0.2855, "kernel_rows_within_5pct": 0.8649381830621778, "kernel_median": 0.01990787871181965}
{"epoch": 30, "value_loss": 98.00878250355623, "kernel_loss": 192.08702764705737, "seconds": 24.581093788146973, "score": 1.3273447924631308, "samples_all_within_1pct": 0.0, "kernel_rows_within_5pct": 0.6726552075368691, "kernel_median": 0.0408686101436615}
{"epoch": 31, "value_loss": 125.51231733633547, "kernel_loss": 181.11192804453324, "seconds": 23.4767746925354, "score": 0.9858633816957036, "samples_all_within_1pct": 0.1594, "kernel_rows_within_5pct": 0.8547366183042964, "kernel_median": 0.01945303939282894}
{"epoch": 32, "value_loss": 130.08353440615596, "kernel_loss": 175.9170126623037, "seconds": 23.9884672164917, "score": 1.5124217036483658, "samples_all_within_1pct": 0.0166, "kernel_rows_within_5pct": 0.47097829635163424, "kernel_median": 0.05219773203134537}
{"epoch": 33, "value_loss": 101.66748811760728, "kernel_loss": 170.0038455262476, "seconds": 21.483545064926147, "score": 1.1577352031468087, "samples_all_within_1pct": 0.0001, "kernel_rows_within_5pct": 0.8421647968531913, "kernel_median": 0.020486455410718918}
{"epoch": 34, "value_loss": 114.82782551707054, "kernel_loss": 169.5981392763099, "seconds": 24.067853689193726, "score": 0.9710382375097873, "samples_all_within_1pct": 0.1876, "kernel_rows_within_5pct": 0.8413617624902127, "kernel_median": 0.020360514521598816}
{"epoch": 35, "value_loss": 138.93631440766003, "kernel_loss": 173.1474930120974, "seconds": 24.420986652374268, "score": 1.0173605239585146, "samples_all_within_1pct": 0.1558, "kernel_rows_within_5pct": 0.8268394760414854, "kernel_median": 0.031065719202160835}
{"epoch": 36, "value_loss": 79.0340002021011, "kernel_loss": 179.5907479889539, "seconds": 24.544331550598145, "score": 1.1007631438763983, "samples_all_within_1pct": 0.0528, "kernel_rows_within_5pct": 0.8464368561236018, "kernel_median": 0.018836315721273422}
{"epoch": 37, "value_loss": 81.1777379804728, "kernel_loss": 166.45460358444527, "seconds": 24.10474705696106, "score": 0.8192021394965715, "samples_all_within_1pct": 0.3039, "kernel_rows_within_5pct": 0.8768978605034284, "kernel_median": 0.01707386039197445}
{"epoch": 38, "value_loss": 134.68493498588094, "kernel_loss": 163.4446070924097, "seconds": 24.23313570022583, "score": 0.7977338439406618, "samples_all_within_1pct": 0.3321, "kernel_rows_within_5pct": 0.8701661560593381, "kernel_median": 0.020568959414958954}
{"epoch": 39, "value_loss": 75.65747647382776, "kernel_loss": 171.73240864033602, "seconds": 22.442768812179565, "score": 0.7870512436798899, "samples_all_within_1pct": 0.3393, "kernel_rows_within_5pct": 0.8736487563201102, "kernel_median": 0.019345665350556374}
{"epoch": 40, "value_loss": 87.93068259102958, "kernel_loss": 156.79341491387814, "seconds": 24.215317964553833, "score": 1.003330690406966, "samples_all_within_1pct": 0.1411, "kernel_rows_within_5pct": 0.8555693095930339, "kernel_median": 0.021602654829621315}
{"epoch": 41, "value_loss": 88.26430625331645, "kernel_loss": 156.16811141189262, "seconds": 24.82663345336914, "score": 0.7711564393017758, "samples_all_within_1pct": 0.3813, "kernel_rows_within_5pct": 0.8475435606982242, "kernel_median": 0.024280225858092308}
{"epoch": 42, "value_loss": 94.99774148999428, "kernel_loss": 148.83419176996972, "seconds": 23.4898464679718, "score": 1.080954580919444, "samples_all_within_1pct": 0.0344, "kernel_rows_within_5pct": 0.8846454190805559, "kernel_median": 0.017916936427354813}
{"epoch": 43, "value_loss": 77.47410079411098, "kernel_loss": 146.91520021399674, "seconds": 23.382521629333496, "score": 1.0991073121447825, "samples_all_within_1pct": 0.0401, "kernel_rows_within_5pct": 0.8607926878552173, "kernel_median": 0.020037846639752388}
{"epoch": 44, "value_loss": 94.3897429583024, "kernel_loss": 159.33581928331026, "seconds": 24.30857563018799, "score": 1.2276653587683937, "samples_all_within_1pct": 0.0, "kernel_rows_within_5pct": 0.7723346412316062, "kernel_median": 0.03129930794239044}
{"epoch": 45, "value_loss": 102.02234698315056, "kernel_loss": 147.0348115648542, "seconds": 23.193011045455933, "score": 0.6702198038507639, "samples_all_within_1pct": 0.4464, "kernel_rows_within_5pct": 0.8833801961492361, "kernel_median": 0.016414597630500793}
{"epoch": 46, "value_loss": 53.87191446460023, "kernel_loss": 154.15396398427535, "seconds": 24.177729845046997, "score": 0.8273340631721757, "samples_all_within_1pct": 0.2952, "kernel_rows_within_5pct": 0.8774659368278243, "kernel_median": 0.016259031370282173}
{"epoch": 47, "value_loss": 63.07947747561396, "kernel_loss": 151.17791946566834, "seconds": 24.21814250946045, "score": 1.1805248797798036, "samples_all_within_1pct": 0.0001, "kernel_rows_within_5pct": 0.8193751202201964, "kernel_median": 0.02593899704515934}
{"epoch": 48, "value_loss": 93.97019461223057, "kernel_loss": 134.12652502254565, "seconds": 23.527538061141968, "score": 0.3568290977256271, "samples_all_within_1pct": 0.7407, "kernel_rows_within_5pct": 0.9024709022743729, "kernel_median": 0.014888626523315907}
{"epoch": 49, "value_loss": 75.30781747856919, "kernel_loss": 148.18534290547274, "seconds": 24.15029501914978, "score": 0.9978965349432728, "samples_all_within_1pct": 0.1211, "kernel_rows_within_5pct": 0.8810034650567272, "kernel_median": 0.01923987828195095}
{"epoch": 50, "value_loss": 86.37577094350543, "kernel_loss": 140.3539218513333, "seconds": 24.474819660186768, "score": 0.42021828556236107, "samples_all_within_1pct": 0.6837, "kernel_rows_within_5pct": 0.896081714437639, "kernel_median": 0.014629560522735119}
{"epoch": 51, "value_loss": 90.1743715052702, "kernel_loss": 136.38402070804517, "seconds": 23.183309078216553, "score": 1.2394366427817027, "samples_all_within_1pct": 0.0005, "kernel_rows_within_5pct": 0.7600633572182973, "kernel_median": 0.035957127809524536}
{"epoch": 52, "value_loss": 74.54925712760614, "kernel_loss": 133.8613232593147, "seconds": 24.144808530807495, "score": 1.080294824866455, "samples_all_within_1pct": 0.1307, "kernel_rows_within_5pct": 0.789005175133545, "kernel_median": 0.03546931594610214}
{"epoch": 53, "value_loss": 44.75846186949282, "kernel_loss": 143.85363960266113, "seconds": 24.283597230911255, "score": 0.4831908833565959, "samples_all_within_1pct": 0.6185, "kernel_rows_within_5pct": 0.8983091166434041, "kernel_median": 0.014455428346991539}
{"epoch": 54, "value_loss": 84.63599712508065, "kernel_loss": 134.6194239246602, "seconds": 23.164864778518677, "score": 1.0089947072203544, "samples_all_within_1pct": 0.1117, "kernel_rows_within_5pct": 0.8793052927796455, "kernel_median": 0.01751658506691456}
{"epoch": 55, "value_loss": 96.81698685762834, "kernel_loss": 126.92056546892438, "seconds": 24.155416011810303, "score": 0.7490705006736509, "samples_all_within_1pct": 0.3795, "kernel_rows_within_5pct": 0.8714294993263492, "kernel_median": 0.023149078711867332}
{"epoch": 56, "value_loss": 80.42521592548916, "kernel_loss": 133.9823937318763, "seconds": 23.94161891937256, "score": 0.5472807272797142, "samples_all_within_1pct": 0.5682, "kernel_rows_within_5pct": 0.8845192727202857, "kernel_median": 0.01739439368247986}
{"epoch": 57, "value_loss": 54.57470731832543, "kernel_loss": 131.50727602900292, "seconds": 23.470706462860107, "score": 0.6532738472071008, "samples_all_within_1pct": 0.4638, "kernel_rows_within_5pct": 0.8829261527928992, "kernel_median": 0.02129739709198475}
{"epoch": 58, "value_loss": 79.64965583840196, "kernel_loss": 127.00283848509497, "seconds": 23.939920663833618, "score": 0.6450670152538935, "samples_all_within_1pct": 0.48, "kernel_rows_within_5pct": 0.8749329847461065, "kernel_median": 0.0176798515021801}
{"epoch": 59, "value_loss": 44.02054324442027, "kernel_loss": 124.47082756976693, "seconds": 23.8934907913208, "score": 1.194329294108777, "samples_all_within_1pct": 0.0005, "kernel_rows_within_5pct": 0.805170705891223, "kernel_median": 0.023013141006231308}
{"epoch": 60, "value_loss": 77.12787552755707, "kernel_loss": 133.1491741258271, "seconds": 22.839139461517334, "score": 1.2253162464607485, "samples_all_within_1pct": 0.0692, "kernel_rows_within_5pct": 0.7054837535392513, "kernel_median": 0.03778453543782234}
{"epoch": 61, "value_loss": 67.53524551586229, "kernel_loss": 123.37177829353176, "seconds": 23.394195556640625, "score": 0.3858119626013634, "samples_all_within_1pct": 0.7122, "kernel_rows_within_5pct": 0.9019880373986365, "kernel_median": 0.014565644785761833}
{"epoch": 62, "value_loss": 90.35299810098142, "kernel_loss": 113.77827430257992, "seconds": 23.821523904800415, "score": 1.0669948461066618, "samples_all_within_1pct": 0.0687, "kernel_rows_within_5pct": 0.8643051538933383, "kernel_median": 0.0190497525036335}
{"epoch": 63, "value_loss": 98.85350220543998, "kernel_loss": 145.605535818606, "seconds": 23.017135620117188, "score": 0.9178128795224983, "samples_all_within_1pct": 0.2275, "kernel_rows_within_5pct": 0.8546871204775016, "kernel_median": 0.019737962633371353}
{"epoch": 64, "value_loss": 77.46468209733769, "kernel_loss": 125.563302799147, "seconds": 23.83339762687683, "score": 0.2868652662262544, "samples_all_within_1pct": 0.8087, "kernel_rows_within_5pct": 0.9044347337737456, "kernel_median": 0.013045096769928932}
{"epoch": 65, "value_loss": 96.39592064643392, "kernel_loss": 114.28973384779327, "seconds": 23.166961908340454, "score": 0.49586751056632405, "samples_all_within_1pct": 0.6048, "kernel_rows_within_5pct": 0.8993324894336759, "kernel_median": 0.019537262618541718}
{"epoch": 66, "value_loss": 83.4124637477252, "kernel_loss": 110.96555760441994, "seconds": 23.780325174331665, "score": 0.7739757071975897, "samples_all_within_1pct": 0.3509, "kernel_rows_within_5pct": 0.8751242928024103, "kernel_median": 0.026769297197461128}
{"epoch": 67, "value_loss": 48.186063990301015, "kernel_loss": 119.44418817636918, "seconds": 24.08026385307312, "score": 0.9457262695200528, "samples_all_within_1pct": 0.1871, "kernel_rows_within_5pct": 0.8671737304799472, "kernel_median": 0.018200017511844635}
{"epoch": 68, "value_loss": 56.385851032879884, "kernel_loss": 111.78100757209621, "seconds": 23.22640037536621, "score": 0.5033288090509596, "samples_all_within_1pct": 0.594, "kernel_rows_within_5pct": 0.9026711909490405, "kernel_median": 0.015354669652879238}
{"epoch": 69, "value_loss": 39.232024085764984, "kernel_loss": 101.2598221448003, "seconds": 22.066431045532227, "score": 0.43391723965448425, "samples_all_within_1pct": 0.6611, "kernel_rows_within_5pct": 0.9049827603455157, "kernel_median": 0.014177927747368813}
{"epoch": 70, "value_loss": 61.387639483627005, "kernel_loss": 105.28676321068589, "seconds": 24.17994213104248, "score": 0.9277556771187837, "samples_all_within_1pct": 0.1893, "kernel_rows_within_5pct": 0.8829443228812163, "kernel_median": 0.021001184359192848}
{"epoch": 71, "value_loss": 88.05826418740409, "kernel_loss": 108.39361860314195, "seconds": 24.05944275856018, "score": 0.8041636041853023, "samples_all_within_1pct": 0.3134, "kernel_rows_within_5pct": 0.8824363958146977, "kernel_median": 0.02069866843521595}
{"epoch": 72, "value_loss": 86.28003486808466, "kernel_loss": 103.9475184654703, "seconds": 23.95843768119812, "score": 0.8676116657605989, "samples_all_within_1pct": 0.2621, "kernel_rows_within_5pct": 0.8702883342394011, "kernel_median": 0.0198834165930748}
{"epoch": 73, "value_loss": 41.89600435081793, "kernel_loss": 106.51522192663076, "seconds": 23.257256507873535, "score": 0.9225640989756038, "samples_all_within_1pct": 0.1931, "kernel_rows_within_5pct": 0.8843359010243962, "kernel_median": 0.015858083963394165}
{"epoch": 74, "value_loss": 54.75927967927894, "kernel_loss": 107.48893212298958, "seconds": 22.766626358032227, "score": 0.36754010015269134, "samples_all_within_1pct": 0.7246, "kernel_rows_within_5pct": 0.9078598998473086, "kernel_median": 0.012790683656930923}
{"epoch": 75, "value_loss": 41.57918302380309, "kernel_loss": 104.25099466284927, "seconds": 24.197659254074097, "score": 0.7291358695713467, "samples_all_within_1pct": 0.3906, "kernel_rows_within_5pct": 0.8802641304286533, "kernel_median": 0.01975884847342968}
{"epoch": 76, "value_loss": 46.11055682629955, "kernel_loss": 111.63166377009178, "seconds": 23.863291025161743, "score": 0.460186048066358, "samples_all_within_1pct": 0.6477, "kernel_rows_within_5pct": 0.892113951933642, "kernel_median": 0.016515560448169708}
{"epoch": 77, "value_loss": 64.72957242751608, "kernel_loss": 100.61578209546147, "seconds": 24.028015851974487, "score": 0.8352200914394031, "samples_all_within_1pct": 0.2884, "kernel_rows_within_5pct": 0.8763799085605969, "kernel_median": 0.019714664667844772}
{"epoch": 78, "value_loss": 64.0797453510518, "kernel_loss": 94.17090890845473, "seconds": 23.56439208984375, "score": 0.4868305995982949, "samples_all_within_1pct": 0.6108, "kernel_rows_within_5pct": 0.9023694004017051, "kernel_median": 0.015076006762683392}
{"epoch": 79, "value_loss": 64.78435473052822, "kernel_loss": 96.89527663406061, "seconds": 23.729400157928467, "score": 1.0105585102741408, "samples_all_within_1pct": 0.0979, "kernel_rows_within_5pct": 0.8915414897258593, "kernel_median": 0.015673495829105377}
{"epoch": 80, "value_loss": 50.074753469350384, "kernel_loss": 101.14543969290597, "seconds": 23.304795742034912, "score": 0.7417733627967232, "samples_all_within_1pct": 0.3699, "kernel_rows_within_5pct": 0.8883266372032768, "kernel_median": 0.020145751535892487}
{"epoch": 81, "value_loss": 42.947779154290956, "kernel_loss": 94.6809777240364, "seconds": 23.939026594161987, "score": 0.3790907909397675, "samples_all_within_1pct": 0.7051, "kernel_rows_within_5pct": 0.9158092090602326, "kernel_median": 0.014721742831170559}
{"epoch": 82, "value_loss": 42.53239260887613, "kernel_loss": 92.75765370349495, "seconds": 23.42267632484436, "score": 1.0244972698084767, "samples_all_within_1pct": 0.1471, "kernel_rows_within_5pct": 0.8284027301915232, "kernel_median": 0.026458293199539185}
{"epoch": 83, "value_loss": 77.75529389478723, "kernel_loss": 86.7243072937946, "seconds": 23.23253631591797, "score": 0.6327141856176859, "samples_all_within_1pct": 0.4693, "kernel_rows_within_5pct": 0.8979858143823141, "kernel_median": 0.01963965594768524}
{"epoch": 84, "value_loss": 38.10397674842756, "kernel_loss": 86.6660396030971, "seconds": 23.147926330566406, "score": 1.0881132687800914, "samples_all_within_1pct": 0.043, "kernel_rows_within_5pct": 0.8688867312199084, "kernel_median": 0.022724907845258713}
{"epoch": 85, "value_loss": 45.30668060633601, "kernel_loss": 85.59351539611816, "seconds": 23.280121326446533, "score": 0.9369128800446275, "samples_all_within_1pct": 0.1859, "kernel_rows_within_5pct": 0.8771871199553726, "kernel_median": 0.021180016919970512}
{"epoch": 86, "value_loss": 52.485039691535796, "kernel_loss": 87.45417005188611, "seconds": 24.045180559158325, "score": 0.3661396649477485, "samples_all_within_1pct": 0.7202, "kernel_rows_within_5pct": 0.9136603350522515, "kernel_median": 0.013075001537799835}
{"epoch": 87, "value_loss": 41.0612625297235, "kernel_loss": 85.11155449614233, "seconds": 24.382883071899414, "score": 1.1400833533169497, "samples_all_within_1pct": 0.0521, "kernel_rows_within_5pct": 0.8078166466830504, "kernel_median": 0.028185423463582993}
{"epoch": 88, "value_loss": 54.948505318894675, "kernel_loss": 78.17279761178153, "seconds": 24.45709204673767, "score": 0.9890272049454385, "samples_all_within_1pct": 0.1137, "kernel_rows_within_5pct": 0.8972727950545615, "kernel_median": 0.014440185390412807}
{"epoch": 89, "value_loss": 45.97419085307997, "kernel_loss": 77.71572566518978, "seconds": 23.856631994247437, "score": 0.2703426604852166, "samples_all_within_1pct": 0.8099, "kernel_rows_within_5pct": 0.9197573395147834, "kernel_median": 0.013255768455564976}
{"epoch": 90, "value_loss": 49.95444797009838, "kernel_loss": 92.52650461391526, "seconds": 24.244131326675415, "score": 0.614362148218214, "samples_all_within_1pct": 0.4849, "kernel_rows_within_5pct": 0.900737851781786, "kernel_median": 0.021314607933163643}
{"epoch": 91, "value_loss": 45.969516720090596, "kernel_loss": 88.05051052327059, "seconds": 24.310431957244873, "score": 0.6050877041132694, "samples_all_within_1pct": 0.4991, "kernel_rows_within_5pct": 0.8958122958867306, "kernel_median": 0.015542157925665379}
{"epoch": 92, "value_loss": 53.63848381626363, "kernel_loss": 83.56213065556118, "seconds": 23.507102727890015, "score": 1.2508184371677302, "samples_all_within_1pct": 0.0, "kernel_rows_within_5pct": 0.7491815628322698, "kernel_median": 0.03196382522583008}
{"epoch": 93, "value_loss": 61.6286351875383, "kernel_loss": 82.69872747148786, "seconds": 22.26530146598816, "score": 0.43669492423804146, "samples_all_within_1pct": 0.6521, "kernel_rows_within_5pct": 0.9112050757619585, "kernel_median": 0.014248937368392944}
{"epoch": 94, "value_loss": 24.24544588400393, "kernel_loss": 87.97121106361857, "seconds": 23.909640789031982, "score": 0.30231348249792345, "samples_all_within_1pct": 0.7791, "kernel_rows_within_5pct": 0.9185865175020765, "kernel_median": 0.012184963561594486}
{"epoch": 95, "value_loss": 28.510143496552292, "kernel_loss": 75.71931687179877, "seconds": 23.87294578552246, "score": 0.5005335831059113, "samples_all_within_1pct": 0.5894, "kernel_rows_within_5pct": 0.9100664168940886, "kernel_median": 0.013164945878088474}
{"epoch": 96, "value_loss": 53.926638617807505, "kernel_loss": 85.39701212668905, "seconds": 23.523734092712402, "score": 0.23233704116611031, "samples_all_within_1pct": 0.8401, "kernel_rows_within_5pct": 0.9275629588338897, "kernel_median": 0.011221556924283504}
{"epoch": 97, "value_loss": 39.54491116319384, "kernel_loss": 73.65129394920505, "seconds": 24.1742045879364, "score": 0.9203297543759107, "samples_all_within_1pct": 0.2003, "kernel_rows_within_5pct": 0.8793702456240893, "kernel_median": 0.02036697417497635}
{"epoch": 98, "value_loss": 41.976508408176656, "kernel_loss": 73.6665749452552, "seconds": 22.738518476486206, "score": 0.6515908450949847, "samples_all_within_1pct": 0.4589, "kernel_rows_within_5pct": 0.8895091549050154, "kernel_median": 0.016818031668663025}
{"epoch": 99, "value_loss": 67.02649396779586, "kernel_loss": 71.07932493638019, "seconds": 22.209088802337646, "score": 0.824366594814758, "samples_all_within_1pct": 0.2986, "kernel_rows_within_5pct": 0.877033405185242, "kernel_median": 0.021819086745381355}
{"epoch": 100, "value_loss": 51.6767526208138, "kernel_loss": 82.00339272557473, "seconds": 23.90720796585083, "score": 0.2920921851076703, "samples_all_within_1pct": 0.7935, "kernel_rows_within_5pct": 0.9144078148923297, "kernel_median": 0.013386094942688942}
{"epoch": 101, "value_loss": 29.55546507543447, "kernel_loss": 74.07126578506158, "seconds": 22.229058980941772, "score": 0.18825303088559975, "samples_all_within_1pct": 0.8824, "kernel_rows_within_5pct": 0.9293469691144003, "kernel_median": 0.010910400189459324}
{"epoch": 102, "value_loss": 32.3606890999541, "kernel_loss": 72.32322704548739, "seconds": 21.91361904144287, "score": 0.3934492759428657, "samples_all_within_1pct": 0.6882, "kernel_rows_within_5pct": 0.9183507240571342, "kernel_median": 0.014289558865129948}
{"epoch": 103, "value_loss": 49.88827101551757, "kernel_loss": 79.0802787080103, "seconds": 23.751625061035156, "score": 1.1823308922202576, "samples_all_within_1pct": 0.0254, "kernel_rows_within_5pct": 0.7922691077797426, "kernel_median": 0.035660091787576675}
{"epoch": 104, "value_loss": 30.896117828330215, "kernel_loss": 86.27390849833586, "seconds": 23.686705350875854, "score": 0.7407983238406806, "samples_all_within_1pct": 0.3696, "kernel_rows_within_5pct": 0.8896016761593195, "kernel_median": 0.018326634541153908}
{"epoch": 105, "value_loss": 41.66522993360247, "kernel_loss": 76.56693160777189, "seconds": 24.057525873184204, "score": 0.9370670518655773, "samples_all_within_1pct": 0.1703, "kernel_rows_within_5pct": 0.8926329481344227, "kernel_median": 0.01625707745552063}
{"epoch": 106, "value_loss": 48.06401704768745, "kernel_loss": 77.74162045303656, "seconds": 21.228479862213135, "score": 1.0986399493618435, "samples_all_within_1pct": 0.0915, "kernel_rows_within_5pct": 0.8098600506381565, "kernel_median": 0.02838083729147911}
{"epoch": 107, "value_loss": 104.24144652911595, "kernel_loss": 123.94417854231232, "seconds": 23.752809524536133, "score": 0.5393922868183946, "samples_all_within_1pct": 0.5632, "kernel_rows_within_5pct": 0.8974077131816054, "kernel_median": 0.023993488401174545}
{"epoch": 108, "value_loss": 35.61042905583673, "kernel_loss": 66.60192154864876, "seconds": 23.275754928588867, "score": 0.5866749280767337, "samples_all_within_1pct": 0.5127, "kernel_rows_within_5pct": 0.9006250719232662, "kernel_median": 0.01780524104833603}
{"epoch": 109, "value_loss": 34.79605185498997, "kernel_loss": 64.88996573856899, "seconds": 23.376186847686768, "score": 0.3698526137463193, "samples_all_within_1pct": 0.7165, "kernel_rows_within_5pct": 0.9136473862536807, "kernel_median": 0.017098259180784225}
{"epoch": 110, "value_loss": 36.46042311191559, "kernel_loss": 61.74976021902902, "seconds": 23.697593450546265, "score": 0.3023851781786011, "samples_all_within_1pct": 0.7714, "kernel_rows_within_5pct": 0.9262148218213989, "kernel_median": 0.011945362202823162}
{"epoch": 111, "value_loss": 32.54832809312003, "kernel_loss": 68.64982719810642, "seconds": 23.009756088256836, "score": 0.40062485780861634, "samples_all_within_1pct": 0.6868, "kernel_rows_within_5pct": 0.9125751421913837, "kernel_median": 0.013500666245818138}
{"epoch": 112, "value_loss": 1335.3123657168173, "kernel_loss": 6580.14479679964, "seconds": 24.183182954788208, "score": 0.8507218158434399, "samples_all_within_1pct": 0.2835, "kernel_rows_within_5pct": 0.8657781841565602, "kernel_median": 0.019556045532226562}
{"epoch": 113, "value_loss": 46.68269995767243, "kernel_loss": 118.26594539564483, "seconds": 23.89957571029663, "score": 0.5590058441478427, "samples_all_within_1pct": 0.5603, "kernel_rows_within_5pct": 0.8806941558521573, "kernel_median": 0.015674058347940445}
{"epoch": 114, "value_loss": 35.829627436034535, "kernel_loss": 97.13554685942981, "seconds": 23.50556516647339, "score": 0.7041814248857948, "samples_all_within_1pct": 0.3895, "kernel_rows_within_5pct": 0.9063185751142052, "kernel_median": 0.014969834126532078}
{"epoch": 115, "value_loss": 40.5514323127513, "kernel_loss": 92.32656718273552, "seconds": 23.825034856796265, "score": 1.0427823953564772, "samples_all_within_1pct": 0.0706, "kernel_rows_within_5pct": 0.8866176046435227, "kernel_median": 0.014141608960926533}
{"epoch": 116, "value_loss": 33.31682695661272, "kernel_loss": 73.82754670357218, "seconds": 23.19634771347046, "score": 0.41099186581535974, "samples_all_within_1pct": 0.6738, "kernel_rows_within_5pct": 0.9152081341846403, "kernel_median": 0.012971736490726471}
{"epoch": 117, "value_loss": 43.17409262365224, "kernel_loss": 69.64096248393156, "seconds": 23.343518495559692, "score": 0.36516719344607007, "samples_all_within_1pct": 0.7211, "kernel_rows_within_5pct": 0.91373280655393, "kernel_median": 0.013842598535120487}
{"epoch": 118, "value_loss": 32.885062655624075, "kernel_loss": 77.74583232646086, "seconds": 23.26769709587097, "score": 0.4919252394222413, "samples_all_within_1pct": 0.5907, "kernel_rows_within_5pct": 0.9173747605777587, "kernel_median": 0.012758529745042324}
{"epoch": 119, "value_loss": 46.53496553946515, "kernel_loss": 68.62613364628383, "seconds": 23.516727685928345, "score": 0.28212046753934605, "samples_all_within_1pct": 0.7943, "kernel_rows_within_5pct": 0.9235795324606539, "kernel_median": 0.01254812441766262}
{"epoch": 120, "value_loss": 39.075375834289865, "kernel_loss": 62.91164707650944, "seconds": 22.44632649421692, "score": 0.4150272202333749, "samples_all_within_1pct": 0.6689, "kernel_rows_within_5pct": 0.916072779766625, "kernel_median": 0.019042788073420525}
{"epoch": 121, "value_loss": 46.983655725206646, "kernel_loss": 62.7528370837776, "seconds": 23.174091577529907, "score": 0.292060808163758, "samples_all_within_1pct": 0.7939, "kernel_rows_within_5pct": 0.9140391918362419, "kernel_median": 0.016758529469370842}
{"epoch": 122, "value_loss": 40.37025608821791, "kernel_loss": 69.0159283073581, "seconds": 23.262648582458496, "score": 0.5220581849460192, "samples_all_within_1pct": 0.5657, "kernel_rows_within_5pct": 0.9122418150539808, "kernel_median": 0.013222966343164444}
{"epoch": 123, "value_loss": 21.9981495482581, "kernel_loss": 74.81209696555624, "seconds": 22.7833514213562, "score": 0.1946935295062393, "samples_all_within_1pct": 0.877, "kernel_rows_within_5pct": 0.9283064704937607, "kernel_median": 0.011106833815574646}
{"epoch": 124, "value_loss": 27.852144170780573, "kernel_loss": 57.6398337422585, "seconds": 23.430227518081665, "score": 0.2287470392467642, "samples_all_within_1pct": 0.8384, "kernel_rows_within_5pct": 0.9328529607532358, "kernel_median": 0.010900377295911312}
{"epoch": 125, "value_loss": 24.609193089056987, "kernel_loss": 61.256109004118, "seconds": 23.538925170898438, "score": 1.12076570638098, "samples_all_within_1pct": 0.0073, "kernel_rows_within_5pct": 0.8719342936190201, "kernel_median": 0.017662126570940018}
{"epoch": 126, "value_loss": 20.59300599292833, "kernel_loss": 70.94578211648124, "seconds": 21.569988489151, "score": 0.39405865294066167, "samples_all_within_1pct": 0.6865, "kernel_rows_within_5pct": 0.9194413470593383, "kernel_median": 0.013112975284457207}
{"epoch": 127, "value_loss": 34.50268321621175, "kernel_loss": 56.40238106007479, "seconds": 23.828726291656494, "score": 0.5695695176509876, "samples_all_within_1pct": 0.5602, "kernel_rows_within_5pct": 0.8702304823490123, "kernel_median": 0.027710765600204468}
{"epoch": 128, "value_loss": 30.85873145959815, "kernel_loss": 56.81618994109485, "seconds": 21.239558458328247, "score": 0.33843884374329714, "samples_all_within_1pct": 0.7359, "kernel_rows_within_5pct": 0.9256611562567029, "kernel_median": 0.014120570383965969}
{"epoch": 129, "value_loss": 32.77346086015507, "kernel_loss": 58.98979441973628, "seconds": 22.845908880233765, "score": 0.39152340514138306, "samples_all_within_1pct": 0.6954, "kernel_rows_within_5pct": 0.9130765948586169, "kernel_median": 0.015533526428043842}
{"epoch": 130, "value_loss": 16.870769722121103, "kernel_loss": 58.536788259233745, "seconds": 23.85908269882202, "score": 0.2344339696275487, "samples_all_within_1pct": 0.8392, "kernel_rows_within_5pct": 0.9263660303724514, "kernel_median": 0.01629135198891163}
{"epoch": 131, "value_loss": 30.482308073919647, "kernel_loss": 60.41978684250189, "seconds": 23.641695261001587, "score": 0.41503392698005404, "samples_all_within_1pct": 0.6564, "kernel_rows_within_5pct": 0.928566073019946, "kernel_median": 0.011833829805254936}
{"epoch": 132, "value_loss": 1285.0818593380402, "kernel_loss": 10888.224190011317, "seconds": 24.313624382019043, "score": 1.0714151277680928, "samples_all_within_1pct": 0.1507, "kernel_rows_within_5pct": 0.7778848722319072, "kernel_median": 0.03174028545618057}
{"epoch": 133, "value_loss": 46.57142438207354, "kernel_loss": 139.47072519574846, "seconds": 23.172685384750366, "score": 0.819417994193508, "samples_all_within_1pct": 0.3204, "kernel_rows_within_5pct": 0.860182005806492, "kernel_median": 0.02324487641453743}
{"epoch": 134, "value_loss": 56.303782881522665, "kernel_loss": 89.09481097240837, "seconds": 23.151646852493286, "score": 0.2935651382837704, "samples_all_within_1pct": 0.7954, "kernel_rows_within_5pct": 0.9110348617162296, "kernel_median": 0.013740437105298042}
{"epoch": 135, "value_loss": 30.38185436871587, "kernel_loss": 94.07852780089087, "seconds": 22.466487884521484, "score": 0.6405448977452174, "samples_all_within_1pct": 0.4699, "kernel_rows_within_5pct": 0.8895551022547826, "kernel_median": 0.015805881470441818}
{"epoch": 136, "value_loss": 56.499931948525564, "kernel_loss": 85.31738997478874, "seconds": 21.776611328125, "score": 0.42818924424754845, "samples_all_within_1pct": 0.6673, "kernel_rows_within_5pct": 0.9045107557524515, "kernel_median": 0.016197387129068375}
{"epoch": 137, "value_loss": 51.2408084139532, "kernel_loss": 65.32362647932403, "seconds": 22.76516366004944, "score": 0.37332490975000676, "samples_all_within_1pct": 0.7158, "kernel_rows_within_5pct": 0.9108750902499932, "kernel_median": 0.014557549729943275}
{"epoch": 138, "value_loss": 28.686330544705292, "kernel_loss": 61.73667968049341, "seconds": 23.046146869659424, "score": 0.5486707493950093, "samples_all_within_1pct": 0.5418, "kernel_rows_within_5pct": 0.9095292506049908, "kernel_median": 0.017565401270985603}
{"epoch": 139, "value_loss": 19.82244795925763, "kernel_loss": 61.620952489424724, "seconds": 22.657548427581787, "score": 0.3184214259801771, "samples_all_within_1pct": 0.7761, "kernel_rows_within_5pct": 0.9054785740198229, "kernel_median": 0.019126858562231064}
{"epoch": 140, "value_loss": 35.98778966494969, "kernel_loss": 68.09747970347502, "seconds": 23.310781478881836, "score": 0.33917344696391394, "samples_all_within_1pct": 0.7455, "kernel_rows_within_5pct": 0.915326553036086, "kernel_median": 0.015563882887363434}
{"epoch": 141, "value_loss": 35.26059887360553, "kernel_loss": 52.27728421347482, "seconds": 23.17319631576538, "score": 0.40620602672590256, "samples_all_within_1pct": 0.6853, "kernel_rows_within_5pct": 0.9084939732740974, "kernel_median": 0.013026566244661808}
{"epoch": 142, "value_loss": 28.507974853321, "kernel_loss": 69.1905762614036, "seconds": 21.81624436378479, "score": 0.30667054875128674, "samples_all_within_1pct": 0.7901, "kernel_rows_within_5pct": 0.9032294512487132, "kernel_median": 0.015159562230110168}
{"epoch": 143, "value_loss": 29.032964813465973, "kernel_loss": 51.64466715832146, "seconds": 23.708640813827515, "score": 0.42080943453640896, "samples_all_within_1pct": 0.6986, "kernel_rows_within_5pct": 0.880590565463591, "kernel_median": 0.018182974308729172}
{"epoch": 144, "value_loss": 21.0119063367649, "kernel_loss": 50.60560845355598, "seconds": 21.487117052078247, "score": 0.16746565218399234, "samples_all_within_1pct": 0.8961, "kernel_rows_within_5pct": 0.9364343478160077, "kernel_median": 0.010421046987175941}
{"epoch": 145, "value_loss": 20.612380378100337, "kernel_loss": 54.191585015277475, "seconds": 23.355347871780396, "score": 0.161727413755258, "samples_all_within_1pct": 0.9028, "kernel_rows_within_5pct": 0.9354725862447419, "kernel_median": 0.010510656051337719}
{"epoch": 146, "value_loss": 22.123106129315435, "kernel_loss": 48.879739800278024, "seconds": 22.47113847732544, "score": 0.38281313640995396, "samples_all_within_1pct": 0.6925, "kernel_rows_within_5pct": 0.924686863590046, "kernel_median": 0.01308379601687193}
{"epoch": 147, "value_loss": 19.10972810034849, "kernel_loss": 51.17204239903664, "seconds": 24.265363693237305, "score": 0.3452159821590618, "samples_all_within_1pct": 0.7388, "kernel_rows_within_5pct": 0.9159840178409382, "kernel_median": 0.017176324501633644}
{"epoch": 148, "value_loss": 28.328684128060633, "kernel_loss": 62.841813749196575, "seconds": 22.126607179641724, "score": 0.19098492012157675, "samples_all_within_1pct": 0.8832, "kernel_rows_within_5pct": 0.9258150798784233, "kernel_median": 0.012660790234804153}
{"epoch": 149, "value_loss": 25.439789321957804, "kernel_loss": 58.14079993111746, "seconds": 23.342053413391113, "score": 0.1503571997095292, "samples_all_within_1pct": 0.914, "kernel_rows_within_5pct": 0.9356428002904708, "kernel_median": 0.011022680439054966}
{"epoch": 150, "value_loss": 26.46515045360643, "kernel_loss": 58.67143885943354, "seconds": 23.447640419006348, "score": 0.31069438845017294, "samples_all_within_1pct": 0.7867, "kernel_rows_within_5pct": 0.9026056115498271, "kernel_median": 0.020517222583293915}
{"epoch": 151, "value_loss": 29.047250584680206, "kernel_loss": 49.38256304604666, "seconds": 21.422471046447754, "score": 0.1759992734679744, "samples_all_within_1pct": 0.8923, "kernel_rows_within_5pct": 0.9317007265320256, "kernel_median": 0.012526636011898518}
{"epoch": 152, "value_loss": 19.545439995065028, "kernel_loss": 47.350661900578714, "seconds": 22.52295756340027, "score": 0.6468117510138178, "samples_all_within_1pct": 0.4491, "kernel_rows_within_5pct": 0.9040882489861821, "kernel_median": 0.014804244972765446}
{"epoch": 153, "value_loss": 23.704250912277065, "kernel_loss": 45.601434474088705, "seconds": 23.614550352096558, "score": 0.536864684491036, "samples_all_within_1pct": 0.5473, "kernel_rows_within_5pct": 0.915835315508964, "kernel_median": 0.016827493906021118}
{"epoch": 154, "value_loss": 82.70603251943783, "kernel_loss": 8420.276593733806, "seconds": 22.64059352874756, "score": 0.5765987705115757, "samples_all_within_1pct": 0.5255, "kernel_rows_within_5pct": 0.8979012294884243, "kernel_median": 0.01909700222313404}
{"epoch": 155, "value_loss": 35.809151566758445, "kernel_loss": 61.74459945912264, "seconds": 22.758715867996216, "score": 0.813194201528, "samples_all_within_1pct": 0.3392, "kernel_rows_within_5pct": 0.847605798472, "kernel_median": 0.023577289655804634}
{"epoch": 156, "value_loss": 38.76147965995633, "kernel_loss": 68.25474170762665, "seconds": 23.234420776367188, "score": 0.5775571467238808, "samples_all_within_1pct": 0.5301, "kernel_rows_within_5pct": 0.8923428532761192, "kernel_median": 0.021352998912334442}
{"epoch": 157, "value_loss": 21.751473857431996, "kernel_loss": 54.32983515213947, "seconds": 23.233348846435547, "score": 0.1934559843394723, "samples_all_within_1pct": 0.8846, "kernel_rows_within_5pct": 0.9219440156605276, "kernel_median": 0.015586364082992077}
{"epoch": 158, "value_loss": 85.95613262118125, "kernel_loss": 5666.458099637713, "seconds": 23.222649812698364, "score": 0.7250371719280907, "samples_all_within_1pct": 0.4325, "kernel_rows_within_5pct": 0.8424628280719093, "kernel_median": 0.025691315531730652}
{"epoch": 159, "value_loss": 26.484864692298732, "kernel_loss": 80.2686057188073, "seconds": 22.789337873458862, "score": 0.8898137712143613, "samples_all_within_1pct": 0.23, "kernel_rows_within_5pct": 0.8801862287856387, "kernel_median": 0.02592432126402855}
{"epoch": 160, "value_loss": 27.400089463409113, "kernel_loss": 67.20296803299262, "seconds": 24.08038020133972, "score": 0.3567885323977896, "samples_all_within_1pct": 0.7343, "kernel_rows_within_5pct": 0.9089114676022104, "kernel_median": 0.014408961869776249}
{"epoch": 161, "value_loss": 34.172446946708526, "kernel_loss": 70.17088950410181, "seconds": 21.41936755180359, "score": 0.27954648104912005, "samples_all_within_1pct": 0.8019, "kernel_rows_within_5pct": 0.91855351895088, "kernel_median": 0.0136532261967659}
{"epoch": 162, "value_loss": 30.009683769576405, "kernel_loss": 67.01821615258042, "seconds": 22.94459581375122, "score": 0.8823390685720337, "samples_all_within_1pct": 0.3035, "kernel_rows_within_5pct": 0.8141609314279663, "kernel_median": 0.02440875582396984}
{"epoch": 163, "value_loss": 30.53154926883931, "kernel_loss": 66.59151258274001, "seconds": 24.04885458946228, "score": 0.631551167637026, "samples_all_within_1pct": 0.4517, "kernel_rows_within_5pct": 0.916748832362974, "kernel_median": 0.015817783772945404}
{"epoch": 164, "value_loss": 36.024723816891104, "kernel_loss": 58.04253494496248, "seconds": 23.18339252471924, "score": 0.6851469818752325, "samples_all_within_1pct": 0.4143, "kernel_rows_within_5pct": 0.9005530181247675, "kernel_median": 0.015861453488469124}
{"epoch": 165, "value_loss": 42.547683212221884, "kernel_loss": 69734.47920287386, "seconds": 23.766429662704468, "score": 0.5008634680349509, "samples_all_within_1pct": 0.6038, "kernel_rows_within_5pct": 0.8953365319650491, "kernel_median": 0.015829188749194145}
{"epoch": 166, "value_loss": 26.561743047772623, "kernel_loss": 52.04635236701187, "seconds": 23.459101915359497, "score": 0.1902049791680982, "samples_all_within_1pct": 0.8835, "kernel_rows_within_5pct": 0.9262950208319018, "kernel_median": 0.012190213426947594}
{"epoch": 167, "value_loss": 24.180928816600723, "kernel_loss": 51.24464235500414, "seconds": 24.94648766517639, "score": 0.23941979177914197, "samples_all_within_1pct": 0.8374, "kernel_rows_within_5pct": 0.923180208220858, "kernel_median": 0.014609298668801785}
{"epoch": 168, "value_loss": 21.208469371406398, "kernel_loss": 61.715195130328745, "seconds": 23.027093172073364, "score": 0.42495334965578124, "samples_all_within_1pct": 0.669, "kernel_rows_within_5pct": 0.9060466503442187, "kernel_median": 0.016446659341454506}
{"epoch": 169, "value_loss": 23.087932754536066, "kernel_loss": 55.09348162826227, "seconds": 24.265976428985596, "score": 0.6892010931083361, "samples_all_within_1pct": 0.4857, "kernel_rows_within_5pct": 0.8250989068916639, "kernel_median": 0.033279210329055786}
{"epoch": 170, "value_loss": 26.337563597426122, "kernel_loss": 51.802637431086325, "seconds": 24.370840787887573, "score": 0.3065756109170068, "samples_all_within_1pct": 0.7673, "kernel_rows_within_5pct": 0.9261243890829932, "kernel_median": 0.015720225870609283}
{"epoch": 171, "value_loss": 21.421779995061915, "kernel_loss": 48.41924548635677, "seconds": 23.59548544883728, "score": 0.1645503994599934, "samples_all_within_1pct": 0.9016, "kernel_rows_within_5pct": 0.9338496005400067, "kernel_median": 0.012103427201509476}
{"epoch": 172, "value_loss": 15.74676361862494, "kernel_loss": 49.11248645003961, "seconds": 21.20017123222351, "score": 0.7471752490189719, "samples_all_within_1pct": 0.3619, "kernel_rows_within_5pct": 0.8909247509810281, "kernel_median": 0.022853322327136993}
{"epoch": 173, "value_loss": 20.58662199000923, "kernel_loss": 51.75595402231022, "seconds": 22.620810985565186, "score": 0.3404698336016728, "samples_all_within_1pct": 0.7341, "kernel_rows_within_5pct": 0.9254301663983272, "kernel_median": 0.014654557220637798}
{"epoch": 174, "value_loss": 22.679186782058405, "kernel_loss": 57.05225292517214, "seconds": 24.038938760757446, "score": 0.31423491056661645, "samples_all_within_1pct": 0.7717, "kernel_rows_within_5pct": 0.9140650894333835, "kernel_median": 0.014174471609294415}
{"epoch": 175, "value_loss": 16.890662499836512, "kernel_loss": 48.876922101390605, "seconds": 23.405043601989746, "score": 0.13784211701160942, "samples_all_within_1pct": 0.9222, "kernel_rows_within_5pct": 0.9399578829883906, "kernel_median": 0.00972732063382864}
{"epoch": 176, "value_loss": 21.32477998246952, "kernel_loss": 44.8301014413639, "seconds": 23.851248502731323, "score": 0.271196665016043, "samples_all_within_1pct": 0.8026, "kernel_rows_within_5pct": 0.926203334983957, "kernel_median": 0.013059211894869804}
{"epoch": 177, "value_loss": 17.541637530132217, "kernel_loss": 42.74848733629499, "seconds": 23.65564513206482, "score": 0.12166816222505472, "samples_all_within_1pct": 0.9372, "kernel_rows_within_5pct": 0.9411318377749452, "kernel_median": 0.0102881770581007}
{"epoch": 178, "value_loss": 18.43705242507312, "kernel_loss": 42.074112541821535, "seconds": 24.261929750442505, "score": 0.1648896515290338, "samples_all_within_1pct": 0.8997, "kernel_rows_within_5pct": 0.9354103484709662, "kernel_median": 0.014210645109415054}
{"epoch": 179, "value_loss": 12.966995095720096, "kernel_loss": 47.11277492678895, "seconds": 24.059251070022583, "score": 0.16287572079382817, "samples_all_within_1pct": 0.8961, "kernel_rows_within_5pct": 0.9410242792061718, "kernel_median": 0.010004263371229172}
{"epoch": 180, "value_loss": 15.098578253570867, "kernel_loss": 42.968898189311126, "seconds": 22.734809398651123, "score": 0.3585113283608554, "samples_all_within_1pct": 0.7107, "kernel_rows_within_5pct": 0.9307886716391446, "kernel_median": 0.012015162035822868}
{"epoch": 181, "value_loss": 21.389318908963883, "kernel_loss": 52.39364443019945, "seconds": 23.70901370048523, "score": 0.1524792767427674, "samples_all_within_1pct": 0.9107, "kernel_rows_within_5pct": 0.9368207232572326, "kernel_median": 0.010327656753361225}
{"epoch": 182, "value_loss": 21.1855065919915, "kernel_loss": 48.65550409044538, "seconds": 23.487240314483643, "score": 0.25582702666972146, "samples_all_within_1pct": 0.8093, "kernel_rows_within_5pct": 0.9348729733302785, "kernel_median": 0.012989679351449013}
{"epoch": 183, "value_loss": 19.727919506783387, "kernel_loss": 42.21388184294409, "seconds": 24.342785835266113, "score": 0.10864489440359193, "samples_all_within_1pct": 0.9458, "kernel_rows_within_5pct": 0.9455551055964081, "kernel_median": 0.009387221187353134}
{"epoch": 184, "value_loss": 18.499589157347778, "kernel_loss": 37.055399369220346, "seconds": 23.341266870498657, "score": 0.15626459863214737, "samples_all_within_1pct": 0.9078, "kernel_rows_within_5pct": 0.9359354013678526, "kernel_median": 0.0094574224203825}
{"epoch": 185, "value_loss": 15.277281938766947, "kernel_loss": 44.02909566918198, "seconds": 21.97300934791565, "score": 0.17500064466220233, "samples_all_within_1pct": 0.8847, "kernel_rows_within_5pct": 0.9402993553377976, "kernel_median": 0.010888636112213135}
{"epoch": 186, "value_loss": 14.503893207530586, "kernel_loss": 42.58673739919857, "seconds": 24.265872716903687, "score": 0.11082622678901743, "samples_all_within_1pct": 0.9434, "kernel_rows_within_5pct": 0.9457737732109825, "kernel_median": 0.009058798663318157}
{"epoch": 187, "value_loss": 9.128751500528686, "kernel_loss": 37.72232217204814, "seconds": 21.61870551109314, "score": 0.2004265493811832, "samples_all_within_1pct": 0.8724, "kernel_rows_within_5pct": 0.9271734506188168, "kernel_median": 0.012662802822887897}
{"epoch": 188, "value_loss": 18.005093297179865, "kernel_loss": 43.3974206885513, "seconds": 21.800926446914673, "score": 0.14435210306241164, "samples_all_within_1pct": 0.9088, "kernel_rows_within_5pct": 0.9468478969375883, "kernel_median": 0.009133567102253437}
{"epoch": 189, "value_loss": 17.415568203342204, "kernel_loss": 41.71815006100402, "seconds": 24.12396264076233, "score": 0.1951173434954948, "samples_all_within_1pct": 0.8651, "kernel_rows_within_5pct": 0.9397826565045052, "kernel_median": 0.010722966864705086}
{"epoch": 190, "value_loss": 22.81630324830814, "kernel_loss": 36.58913933500952, "seconds": 23.35775065422058, "score": 0.14249544634613098, "samples_all_within_1pct": 0.9272, "kernel_rows_within_5pct": 0.930304553653869, "kernel_median": 0.012216110713779926}
{"epoch": 191, "value_loss": 20.718650080719772, "kernel_loss": 48.597429703693, "seconds": 24.029892683029175, "score": 0.3062640426065598, "samples_all_within_1pct": 0.7585, "kernel_rows_within_5pct": 0.9352359573934402, "kernel_median": 0.010041316971182823}
{"epoch": 192, "value_loss": 20.683474878875575, "kernel_loss": 48.434242871342875, "seconds": 24.15961503982544, "score": 0.20142211811434585, "samples_all_within_1pct": 0.8671, "kernel_rows_within_5pct": 0.9314778818856542, "kernel_median": 0.011151912622153759}
{"epoch": 193, "value_loss": 16.70126684587829, "kernel_loss": 43.501523747736094, "seconds": 23.361284255981445, "score": 0.16678169766685624, "samples_all_within_1pct": 0.892, "kernel_rows_within_5pct": 0.9412183023331437, "kernel_median": 0.010280209593474865}
{"epoch": 194, "value_loss": 11.433060144891543, "kernel_loss": 38.14548760044332, "seconds": 24.093647956848145, "score": 0.1327754692947436, "samples_all_within_1pct": 0.924, "kernel_rows_within_5pct": 0.9432245307052564, "kernel_median": 0.01018520351499319}
{"epoch": 195, "value_loss": 16.440610109543314, "kernel_loss": 39.382910524095806, "seconds": 23.978106021881104, "score": 0.26680333623706665, "samples_all_within_1pct": 0.8054, "kernel_rows_within_5pct": 0.9277966637629333, "kernel_median": 0.010529950261116028}
{"epoch": 196, "value_loss": 17.850687817651398, "kernel_loss": 45.48004852995581, "seconds": 24.068692922592163, "score": 0.16644423888110682, "samples_all_within_1pct": 0.8963, "kernel_rows_within_5pct": 0.9372557611188932, "kernel_median": 0.01115390658378601}
{"epoch": 197, "value_loss": 15.520791435728269, "kernel_loss": 38.649154439264414, "seconds": 23.35477876663208, "score": 0.1442102835390069, "samples_all_within_1pct": 0.9093, "kernel_rows_within_5pct": 0.9464897164609931, "kernel_median": 0.010574610903859138}
{"epoch": 198, "value_loss": 18.94248361733495, "kernel_loss": 37.45038740975516, "seconds": 23.5062096118927, "score": 0.298632684250439, "samples_all_within_1pct": 0.7655, "kernel_rows_within_5pct": 0.9358673157495611, "kernel_median": 0.013116614893078804}
{"epoch": 199, "value_loss": 13.596379749628962, "kernel_loss": 33.28690303101831, "seconds": 24.13206672668457, "score": 0.09819616527595876, "samples_all_within_1pct": 0.9508, "kernel_rows_within_5pct": 0.9510038347240413, "kernel_median": 0.008608588017523289}
{"epoch": 200, "value_loss": 13.263094436149208, "kernel_loss": 38.23037519260328, "seconds": 23.6789071559906, "score": 0.12153115940409631, "samples_all_within_1pct": 0.9325, "kernel_rows_within_5pct": 0.9459688405959037, "kernel_median": 0.00892225094139576}
{"epoch": 201, "value_loss": 11.968704255259766, "kernel_loss": 33.76896166314884, "seconds": 22.90553855895996, "score": 0.4143282918091121, "samples_all_within_1pct": 0.6524, "kernel_rows_within_5pct": 0.9332717081908879, "kernel_median": 0.013324043713510036}
{"epoch": 202, "value_loss": 12.738835446688594, "kernel_loss": 34.34593672655067, "seconds": 23.74434757232666, "score": 0.10625118783297471, "samples_all_within_1pct": 0.9467, "kernel_rows_within_5pct": 0.9470488121670253, "kernel_median": 0.008736864663660526}
{"epoch": 203, "value_loss": 11.334859908843526, "kernel_loss": 32.174985690992706, "seconds": 23.26871371269226, "score": 0.14852919335877002, "samples_all_within_1pct": 0.9079, "kernel_rows_within_5pct": 0.9435708066412299, "kernel_median": 0.012526196427643299}
{"epoch": 204, "value_loss": 16.180981040000916, "kernel_loss": 31.312480099347173, "seconds": 24.05125880241394, "score": 0.2244506974285565, "samples_all_within_1pct": 0.8414, "kernel_rows_within_5pct": 0.9341493025714435, "kernel_median": 0.014373497106134892}
{"epoch": 205, "value_loss": 13.883300884645813, "kernel_loss": 33.353994028908865, "seconds": 23.099907636642456, "score": 0.2950008568136474, "samples_all_within_1pct": 0.7825, "kernel_rows_within_5pct": 0.9224991431863526, "kernel_median": 0.011878181248903275}
{"epoch": 206, "value_loss": 10.178212905416684, "kernel_loss": 30.983101504189626, "seconds": 24.198885440826416, "score": 0.09748308471291989, "samples_all_within_1pct": 0.9496, "kernel_rows_within_5pct": 0.9529169152870801, "kernel_median": 0.008664479479193687}
{"epoch": 207, "value_loss": 16.956525316043777, "kernel_loss": 52.95570354072415, "seconds": 21.356822967529297, "score": 0.3218248818683195, "samples_all_within_1pct": 0.7688, "kernel_rows_within_5pct": 0.9093751181316805, "kernel_median": 0.014046713709831238}
{"epoch": 208, "value_loss": 14.209545838589571, "kernel_loss": 40.73126491235227, "seconds": 24.00290083885193, "score": 0.15147589520579086, "samples_all_within_1pct": 0.9116, "kernel_rows_within_5pct": 0.9369241047942092, "kernel_median": 0.010607007890939713}
{"epoch": 209, "value_loss": 14.78400005126486, "kernel_loss": 31.619348730359757, "seconds": 23.777987003326416, "score": 0.12246822181041328, "samples_all_within_1pct": 0.9287, "kernel_rows_within_5pct": 0.9488317781895867, "kernel_median": 0.00979927834123373}
{"epoch": 210, "value_loss": 11.45665236881801, "kernel_loss": 33.3450433964632, "seconds": 22.5228271484375, "score": 0.2322124628218064, "samples_all_within_1pct": 0.8299, "kernel_rows_within_5pct": 0.9378875371781936, "kernel_median": 0.00919185671955347}
{"epoch": 211, "value_loss": 15.573112614300786, "kernel_loss": 33.19753252730078, "seconds": 24.12801742553711, "score": 0.1274005500733173, "samples_all_within_1pct": 0.9284, "kernel_rows_within_5pct": 0.9441994499266827, "kernel_median": 0.009192031808197498}
{"epoch": 212, "value_loss": 15.048953184059688, "kernel_loss": 33.83961315544284, "seconds": 23.188085079193115, "score": 0.2730130352631289, "samples_all_within_1pct": 0.801, "kernel_rows_within_5pct": 0.925986964736871, "kernel_median": 0.010388401336967945}
{"epoch": 213, "value_loss": 14.013021398563774, "kernel_loss": 32.74072792092148, "seconds": 23.72243571281433, "score": 0.28636867451711945, "samples_all_within_1pct": 0.7764, "kernel_rows_within_5pct": 0.9372313254828806, "kernel_median": 0.012987077236175537}
{"epoch": 214, "value_loss": 11.876048348387894, "kernel_loss": 38.6625280380249, "seconds": 24.234346389770508, "score": 0.33015742280479754, "samples_all_within_1pct": 0.7604, "kernel_rows_within_5pct": 0.9094425771952025, "kernel_median": 0.016022730618715286}
{"epoch": 215, "value_loss": 13.560862443885025, "kernel_loss": 33.91471543604014, "seconds": 23.976542472839355, "score": 0.19623902032731633, "samples_all_within_1pct": 0.8686, "kernel_rows_within_5pct": 0.9351609796726836, "kernel_median": 0.01509901974350214}
{"epoch": 216, "value_loss": 16.52181237814378, "kernel_loss": 33.4597402105526, "seconds": 23.80888557434082, "score": 0.5230542757872713, "samples_all_within_1pct": 0.5413, "kernel_rows_within_5pct": 0.9356457242127287, "kernel_median": 0.013665657490491867}
{"epoch": 217, "value_loss": 13.295519707154254, "kernel_loss": 30.45745256968907, "seconds": 24.442278385162354, "score": 0.09472543511618103, "samples_all_within_1pct": 0.9549, "kernel_rows_within_5pct": 0.950374564883819, "kernel_median": 0.008747830055654049}
{"epoch": 218, "value_loss": 14.241483873250534, "kernel_loss": 32.687404233582164, "seconds": 24.35598087310791, "score": 0.1236480003817807, "samples_all_within_1pct": 0.9255, "kernel_rows_within_5pct": 0.9508519996182193, "kernel_median": 0.00921563245356083}
{"epoch": 219, "value_loss": 15.02203801700047, "kernel_loss": 33.79820985210185, "seconds": 23.641723155975342, "score": 0.2702594358417314, "samples_all_within_1pct": 0.7929, "kernel_rows_within_5pct": 0.9368405641582686, "kernel_median": 0.010394349694252014}
{"epoch": 220, "value_loss": 15.560988732746669, "kernel_loss": 40.373921228914845, "seconds": 24.036786556243896, "score": 0.2267920232476882, "samples_all_within_1pct": 0.8338, "kernel_rows_within_5pct": 0.9394079767523118, "kernel_median": 0.010683981701731682}
{"epoch": 221, "value_loss": 16.204791633450256, "kernel_loss": 54.10661627321827, "seconds": 24.04443120956421, "score": 0.11730895990028589, "samples_all_within_1pct": 0.9355, "kernel_rows_within_5pct": 0.9471910400997141, "kernel_median": 0.010173178277909756}
{"epoch": 222, "value_loss": 11.379151590016424, "kernel_loss": 33.88228533219318, "seconds": 23.924612998962402, "score": 0.14219131521991346, "samples_all_within_1pct": 0.9093, "kernel_rows_within_5pct": 0.9485086847800865, "kernel_median": 0.009709303267300129}
{"epoch": 223, "value_loss": 12.9685270591658, "kernel_loss": 29.797839320435816, "seconds": 23.638748168945312, "score": 0.08821701052340503, "samples_all_within_1pct": 0.9607, "kernel_rows_within_5pct": 0.951082989476595, "kernel_median": 0.009412912651896477}
{"epoch": 224, "value_loss": 12.863081567141474, "kernel_loss": 32.4005915388769, "seconds": 23.86518430709839, "score": 0.16842519182496396, "samples_all_within_1pct": 0.8853, "kernel_rows_within_5pct": 0.9462748081750361, "kernel_median": 0.01063002459704876}
{"epoch": 225, "value_loss": 18.4375205210277, "kernel_loss": 45.143113428232624, "seconds": 23.330525875091553, "score": 0.4079249441896339, "samples_all_within_1pct": 0.6771, "kernel_rows_within_5pct": 0.9149750558103661, "kernel_median": 0.01607649400830269}
{"epoch": 226, "value_loss": 30.875530671100226, "kernel_loss": 105.51799242837089, "seconds": 24.185314416885376, "score": 0.6618060404056818, "samples_all_within_1pct": 0.4402, "kernel_rows_within_5pct": 0.8979939595943183, "kernel_median": 0.01614377833902836}
{"epoch": 227, "value_loss": 18.862731009113546, "kernel_loss": 59.40155813645343, "seconds": 23.69878363609314, "score": 0.33732103285882953, "samples_all_within_1pct": 0.7379, "kernel_rows_within_5pct": 0.9247789671411705, "kernel_median": 0.011225339025259018}
{"epoch": 228, "value_loss": 16.9851688535846, "kernel_loss": 52.118520736694336, "seconds": 23.27820134162903, "score": 0.4915069282755604, "samples_all_within_1pct": 0.5897, "kernel_rows_within_5pct": 0.9187930717244396, "kernel_median": 0.013417797163128853}
{"epoch": 229, "value_loss": 20.05706207119689, "kernel_loss": 36.113967087804056, "seconds": 23.930105209350586, "score": 0.21784635254273677, "samples_all_within_1pct": 0.8413, "kernel_rows_within_5pct": 0.9408536474572632, "kernel_median": 0.012477889657020569}
{"epoch": 230, "value_loss": 21.306259048228362, "kernel_loss": 34.00109098395523, "seconds": 22.962378978729248, "score": 0.7944314360906826, "samples_all_within_1pct": 0.2964, "kernel_rows_within_5pct": 0.9091685639093174, "kernel_median": 0.01909727230668068}
{"epoch": 231, "value_loss": 13787.525326062221, "kernel_loss": 195062.72143640323, "seconds": 23.974522352218628, "score": 1.4314911439616096, "samples_all_within_1pct": 0.0, "kernel_rows_within_5pct": 0.5685088560383903, "kernel_median": 0.04464633762836456}
{"epoch": 232, "value_loss": 102.64162515134228, "kernel_loss": 229.96562350526148, "seconds": 22.682795524597168, "score": 1.1964028165098852, "samples_all_within_1pct": 0.0723, "kernel_rows_within_5pct": 0.7312971834901147, "kernel_median": 0.03202600032091141}
{"epoch": 233, "value_loss": 66.45286109496136, "kernel_loss": 160.7939965773602, "seconds": 23.342968702316284, "score": 0.9455596415605475, "samples_all_within_1pct": 0.2526, "kernel_rows_within_5pct": 0.8018403584394526, "kernel_median": 0.02683558128774166}
{"epoch": 234, "value_loss": 150.5997768518876, "kernel_loss": 357.34943771362305, "seconds": 23.47608780860901, "score": 0.8623947564675594, "samples_all_within_1pct": 0.2961, "kernel_rows_within_5pct": 0.8415052435324406, "kernel_median": 0.02228298783302307}
{"epoch": 235, "value_loss": 57.76728906436842, "kernel_loss": 136.3395936148507, "seconds": 22.473387479782104, "score": 1.1938570899580188, "samples_all_within_1pct": 0.0, "kernel_rows_within_5pct": 0.8061429100419812, "kernel_median": 0.02581796422600746}
{"epoch": 236, "value_loss": 43.13364465869203, "kernel_loss": 124.44813039351483, "seconds": 23.530800580978394, "score": 1.147581406381544, "samples_all_within_1pct": 0.0235, "kernel_rows_within_5pct": 0.8289185936184561, "kernel_median": 0.025700053200125694}
{"epoch": 237, "value_loss": 37.213232546436544, "kernel_loss": 122.62431736381687, "seconds": 23.805492401123047, "score": 0.5089192691489235, "samples_all_within_1pct": 0.6095, "kernel_rows_within_5pct": 0.8815807308510765, "kernel_median": 0.018112586811184883}
{"epoch": 238, "value_loss": 34.168700558798655, "kernel_loss": 108.72584794492138, "seconds": 22.216284036636353, "score": 0.919818054342766, "samples_all_within_1pct": 0.228, "kernel_rows_within_5pct": 0.852181945657234, "kernel_median": 0.023474697023630142}
{"epoch": 239, "value_loss": 265.35318174167554, "kernel_loss": 589.6718700175383, "seconds": 23.613945960998535, "score": 0.6996344557296241, "samples_all_within_1pct": 0.4265, "kernel_rows_within_5pct": 0.8738655442703759, "kernel_median": 0.020335553213953972}
{"epoch": 240, "value_loss": 45.1538470229324, "kernel_loss": 93.43398448399135, "seconds": 23.7744083404541, "score": 0.8448278145623441, "samples_all_within_1pct": 0.2678, "kernel_rows_within_5pct": 0.8873721854376558, "kernel_median": 0.021814294159412384}
{"epoch": 241, "value_loss": 35.98171913867094, "kernel_loss": 103.83425482925104, "seconds": 23.147783041000366, "score": 0.938964288153374, "samples_all_within_1pct": 0.1845, "kernel_rows_within_5pct": 0.876535711846626, "kernel_median": 0.02130669541656971}
{"epoch": 242, "value_loss": 42.68395930406999, "kernel_loss": 107.63859464684312, "seconds": 23.79787254333496, "score": 0.6749746066123666, "samples_all_within_1pct": 0.4372, "kernel_rows_within_5pct": 0.8878253933876333, "kernel_median": 0.020755920559167862}
{"epoch": 243, "value_loss": 33.723309025472524, "kernel_loss": 90.09689848763603, "seconds": 22.611419200897217, "score": 0.7984031722467982, "samples_all_within_1pct": 0.3006, "kernel_rows_within_5pct": 0.9009968277532018, "kernel_median": 0.01766916923224926}
{"epoch": 244, "value_loss": 5256.8680076501805, "kernel_loss": 148719.9647702976, "seconds": 23.597166776657104, "score": 1.9870808583549722, "samples_all_within_1pct": 0.0, "kernel_rows_within_5pct": 0.012919141645027901, "kernel_median": 0.17271673679351807}
{"epoch": 245, "value_loss": 320.1387390895766, "kernel_loss": 270.3003267560686, "seconds": 23.988094329833984, "score": 1.0408997743776274, "samples_all_within_1pct": 0.1218, "kernel_rows_within_5pct": 0.8373002256223725, "kernel_median": 0.022011948749423027}
{"epoch": 246, "value_loss": 193.08975490258663, "kernel_loss": 1825.7636819956253, "seconds": 23.856930017471313, "score": 1.1749391287212916, "samples_all_within_1pct": 0.0189, "kernel_rows_within_5pct": 0.8061608712787085, "kernel_median": 0.027241123840212822}
{"epoch": 247, "value_loss": 55.44790424619402, "kernel_loss": 109.77358226386868, "seconds": 22.608113765716553, "score": 0.7999733589747392, "samples_all_within_1pct": 0.3164, "kernel_rows_within_5pct": 0.8836266410252608, "kernel_median": 0.018044011667370796}
{"epoch": 248, "value_loss": 38.59458808023103, "kernel_loss": 102.43201228550502, "seconds": 23.033786058425903, "score": 0.958601678059869, "samples_all_within_1pct": 0.1691, "kernel_rows_within_5pct": 0.872298321940131, "kernel_median": 0.020047854632139206}
{"epoch": 249, "value_loss": 53.3886356256446, "kernel_loss": 138.01347160339355, "seconds": 23.36188817024231, "score": 1.5050365605150615, "samples_all_within_1pct": 0.0, "kernel_rows_within_5pct": 0.49496343948493854, "kernel_median": 0.05040362849831581}
{"epoch": 250, "value_loss": 85.6207584945523, "kernel_loss": 111.9706817938357, "seconds": 23.224093437194824, "score": 0.888786658769292, "samples_all_within_1pct": 0.2222, "kernel_rows_within_5pct": 0.8890133412307081, "kernel_median": 0.01768532395362854}
{"epoch": 251, "value_loss": 41.009849762429994, "kernel_loss": 111.82686848543128, "seconds": 22.997971534729004, "score": 0.8055056855877157, "samples_all_within_1pct": 0.3066, "kernel_rows_within_5pct": 0.8878943144122843, "kernel_median": 0.01947910711169243}
{"epoch": 252, "value_loss": 32.607599287616964, "kernel_loss": 96.44207273210797, "seconds": 23.512632846832275, "score": 0.8086182101251668, "samples_all_within_1pct": 0.3061, "kernel_rows_within_5pct": 0.8852817898748332, "kernel_median": 0.02495758794248104}
{"epoch": 253, "value_loss": 36.90375258971234, "kernel_loss": 99.04747363499233, "seconds": 22.713031768798828, "score": 0.595614824202307, "samples_all_within_1pct": 0.508, "kernel_rows_within_5pct": 0.896385175797693, "kernel_median": 0.01973123289644718}
{"epoch": 254, "value_loss": 960.476210890984, "kernel_loss": 42091.348303814324, "seconds": 23.806355237960815, "score": 1.75903371888033, "samples_all_within_1pct": 0.0, "kernel_rows_within_5pct": 0.24096628111967008, "kernel_median": 0.08476319909095764}
{"epoch": 255, "value_loss": 67728.39833660515, "kernel_loss": 686589.236042879, "seconds": 23.8373863697052, "score": 1.991444812324917, "samples_all_within_1pct": 0.0, "kernel_rows_within_5pct": 0.008555187675082898, "kernel_median": 0.15832678973674774}
{"epoch": 256, "value_loss": 1152.4730504094339, "kernel_loss": 578.4533702305386, "seconds": 23.458609342575073, "score": 1.6360821613800411, "samples_all_within_1pct": 0.0, "kernel_rows_within_5pct": 0.3639178386199588, "kernel_median": 0.059379275888204575}
{"epoch": 257, "value_loss": 1045.9337033641582, "kernel_loss": 1503.3283773149763, "seconds": 22.522844076156616, "score": 1.9999935256007146, "samples_all_within_1pct": 0.0, "kernel_rows_within_5pct": 6.4743992853934e-06, "kernel_median": 0.907598078250885}
{"epoch": 258, "value_loss": 4784.637761096565, "kernel_loss": 8637.092104074907, "seconds": 23.64571738243103, "score": 1.2270080765833717, "samples_all_within_1pct": 0.0104, "kernel_rows_within_5pct": 0.7625919234166282, "kernel_median": 0.029179465025663376}
{"epoch": 259, "value_loss": 78.71441603680046, "kernel_loss": 169.67413719332947, "seconds": 24.15778398513794, "score": 1.220356667910726, "samples_all_within_1pct": 0.0007, "kernel_rows_within_5pct": 0.778943332089274, "kernel_median": 0.027976464480161667}
{"epoch": 260, "value_loss": 53.16539815007424, "kernel_loss": 140.64378465924943, "seconds": 21.000473976135254, "score": 1.051363138968386, "samples_all_within_1pct": 0.1137, "kernel_rows_within_5pct": 0.834936861031614, "kernel_median": 0.023194534704089165}
{"epoch": 261, "value_loss": 45.98484566746926, "kernel_loss": 129.4273167045749, "seconds": 24.074364185333252, "score": 0.9324571511515346, "samples_all_within_1pct": 0.2244, "kernel_rows_within_5pct": 0.8431428488484655, "kernel_median": 0.024728089570999146}
{"epoch": 262, "value_loss": 40.218108050677245, "kernel_loss": 122.28001216966278, "seconds": 23.154024362564087, "score": 0.8818623172000353, "samples_all_within_1pct": 0.2555, "kernel_rows_within_5pct": 0.8626376827999647, "kernel_median": 0.018101688474416733}
{"epoch": 263, "value_loss": 39.70103366034372, "kernel_loss": 117.02385081077108, "seconds": 23.53231978416443, "score": 0.7141739724136289, "samples_all_within_1pct": 0.4074, "kernel_rows_within_5pct": 0.8784260275863711, "kernel_median": 0.01657291129231453}
{"epoch": 264, "value_loss": 35.11471274434304, "kernel_loss": 116.38566978610292, "seconds": 23.101305723190308, "score": 0.9957367263014535, "samples_all_within_1pct": 0.1251, "kernel_rows_within_5pct": 0.8791632736985465, "kernel_median": 0.017090503126382828}
{"epoch": 265, "value_loss": 48.87483198302133, "kernel_loss": 120.45651891280194, "seconds": 22.943093061447144, "score": 0.8749942856951908, "samples_all_within_1pct": 0.2504, "kernel_rows_within_5pct": 0.8746057143048093, "kernel_median": 0.021353939548134804}
{"epoch": 266, "value_loss": 3202.384612375376, "kernel_loss": 594107.3385577688, "seconds": 23.341404676437378, "score": 1.9818453667005773, "samples_all_within_1pct": 0.0, "kernel_rows_within_5pct": 0.018154633299422795, "kernel_median": 0.15133637189865112}
{"epoch": 267, "value_loss": 1237.387638928939, "kernel_loss": 2981.808021701112, "seconds": 23.575007677078247, "score": 1.2300299425929635, "samples_all_within_1pct": 0.0198, "kernel_rows_within_5pct": 0.7501700574070365, "kernel_median": 0.03133844956755638}
{"epoch": 268, "value_loss": 56.46379668372018, "kernel_loss": 169.27227717029805, "seconds": 23.475085496902466, "score": 1.1730611702288742, "samples_all_within_1pct": 0.0305, "kernel_rows_within_5pct": 0.7964388297711258, "kernel_median": 0.026168260723352432}
{"epoch": 269, "value_loss": 42.87344874167929, "kernel_loss": 125.58918010945223, "seconds": 24.010002613067627, "score": 1.0051433253851378, "samples_all_within_1pct": 0.1427, "kernel_rows_within_5pct": 0.852156674614862, "kernel_median": 0.019754065200686455}
{"epoch": 270, "value_loss": 39.70966158107836, "kernel_loss": 122.93065627740354, "seconds": 23.043585538864136, "score": 1.0741063986070434, "samples_all_within_1pct": 0.112, "kernel_rows_within_5pct": 0.8138936013929565, "kernel_median": 0.025945322588086128}
{"epoch": 271, "value_loss": 42.149959106834565, "kernel_loss": 126.03740334024235, "seconds": 23.350101947784424, "score": 0.8178001187738991, "samples_all_within_1pct": 0.3039, "kernel_rows_within_5pct": 0.8782998812261008, "kernel_median": 0.01859658770263195}
{"epoch": 272, "value_loss": 52.41326650308103, "kernel_loss": 113.60299499667421, "seconds": 23.752933263778687, "score": 0.7843696160618568, "samples_all_within_1pct": 0.3446, "kernel_rows_within_5pct": 0.8710303839381431, "kernel_median": 0.01841897889971733}
{"epoch": 273, "value_loss": 35.40637986514033, "kernel_loss": 119.76249523552097, "seconds": 23.58611035346985, "score": 0.9963268293676245, "samples_all_within_1pct": 0.1311, "kernel_rows_within_5pct": 0.8725731706323755, "kernel_median": 0.017443310469388962}
{"epoch": 274, "value_loss": 32.24842148411031, "kernel_loss": 95.15413404970752, "seconds": 23.073043823242188, "score": 0.6773718078966369, "samples_all_within_1pct": 0.4393, "kernel_rows_within_5pct": 0.8833281921033631, "kernel_median": 0.021879766136407852}
{"epoch": 275, "value_loss": 40.858312582483094, "kernel_loss": 110.54866927010673, "seconds": 23.108285665512085, "score": 1.1845696265253216, "samples_all_within_1pct": 0.0135, "kernel_rows_within_5pct": 0.8019303734746785, "kernel_median": 0.02776544727385044}
{"epoch": 276, "value_loss": 43.37718737855249, "kernel_loss": 113.93829271744708, "seconds": 23.481354475021362, "score": 0.9587825916560866, "samples_all_within_1pct": 0.1755, "kernel_rows_within_5pct": 0.8657174083439134, "kernel_median": 0.02260264754295349}
{"epoch": 277, "value_loss": 40.95830856050764, "kernel_loss": 123.53978927768007, "seconds": 23.703035831451416, "score": 1.1026626387061729, "samples_all_within_1pct": 0.0601, "kernel_rows_within_5pct": 0.8372373612938272, "kernel_median": 0.02544131502509117}
{"epoch": 278, "value_loss": 7226.553325662808, "kernel_loss": 38170.00568572842, "seconds": 23.998014450073242, "score": 1.8379610320526623, "samples_all_within_1pct": 0.0, "kernel_rows_within_5pct": 0.16203896794733766, "kernel_median": 0.09239904582500458}
{"epoch": 279, "value_loss": 502.3441296013034, "kernel_loss": 610.883184316207, "seconds": 24.18661117553711, "score": 1.377965196553364, "samples_all_within_1pct": 0.0, "kernel_rows_within_5pct": 0.622034803446636, "kernel_median": 0.04040689021348953}
{"epoch": 280, "value_loss": 97.22206090421093, "kernel_loss": 321.6686877815091, "seconds": 24.544692039489746, "score": 1.2142108108057306, "samples_all_within_1pct": 0.0379, "kernel_rows_within_5pct": 0.7478891891942694, "kernel_median": 0.0301163662225008}
{"epoch": 281, "value_loss": 61.963729780547474, "kernel_loss": 238.28766733286332, "seconds": 23.690752506256104, "score": 1.1315800499948936, "samples_all_within_1pct": 0.09, "kernel_rows_within_5pct": 0.7784199500051064, "kernel_median": 0.02999892458319664}
{"epoch": 282, "value_loss": 45.21182356075365, "kernel_loss": 208.6082594735282, "seconds": 23.72545623779297, "score": 1.1217879917854492, "samples_all_within_1pct": 0.0658, "kernel_rows_within_5pct": 0.8124120082145507, "kernel_median": 0.028242021799087524}
{"epoch": 283, "value_loss": 40.19021860434084, "kernel_loss": 172.15324534202108, "seconds": 23.515893936157227, "score": 0.7730129101401415, "samples_all_within_1pct": 0.3729, "kernel_rows_within_5pct": 0.8540870898598585, "kernel_median": 0.020310936495661736}
{"epoch": 284, "value_loss": 1214.4596148607682, "kernel_loss": 5924.054286956787, "seconds": 22.951009273529053, "score": 1.9997635800002882, "samples_all_within_1pct": 0.0, "kernel_rows_within_5pct": 0.00023641999971178482, "kernel_median": 0.2792368531227112}
{"epoch": 285, "value_loss": 58850.85182407924, "kernel_loss": 13685.10714659399, "seconds": 21.56304621696472, "score": 1.99949416144938, "samples_all_within_1pct": 0.0, "kernel_rows_within_5pct": 0.0005058385506200909, "kernel_median": 0.4037770926952362}
{"epoch": 286, "value_loss": 39044.02849345304, "kernel_loss": 5393.352918975207, "seconds": 22.422932863235474, "score": 1.9973133331481516, "samples_all_within_1pct": 0.0, "kernel_rows_within_5pct": 0.00268666685184841, "kernel_median": 0.2274385690689087}
{"epoch": 287, "value_loss": 2786.490509033203, "kernel_loss": 1085.4865021997568, "seconds": 23.694159746170044, "score": 1.8173640882615172, "samples_all_within_1pct": 0.0, "kernel_rows_within_5pct": 0.18263591173848273, "kernel_median": 0.08457164466381073}
{"epoch": 288, "value_loss": 1321.216865383849, "kernel_loss": 657.0738148591956, "seconds": 24.128796577453613, "score": 1.647590301684033, "samples_all_within_1pct": 0.0, "kernel_rows_within_5pct": 0.35240969831596697, "kernel_median": 0.06320182234048843}
{"epoch": 289, "value_loss": 990.5518026546556, "kernel_loss": 593.1285143482442, "seconds": 21.729601860046387, "score": 1.735163235269854, "samples_all_within_1pct": 0.0, "kernel_rows_within_5pct": 0.264836764730146, "kernel_median": 0.07774725556373596}
{"epoch": 290, "value_loss": 646.046740784937, "kernel_loss": 520.9285807706872, "seconds": 23.833149909973145, "score": 1.500556693912749, "samples_all_within_1pct": 0.0, "kernel_rows_within_5pct": 0.49944330608725107, "kernel_median": 0.05004187300801277}
{"epoch": 291, "value_loss": 354.21046580100545, "kernel_loss": 424.4601359464684, "seconds": 23.85432767868042, "score": 1.489331129809826, "samples_all_within_1pct": 0.0, "kernel_rows_within_5pct": 0.510668870190174, "kernel_median": 0.04908692091703415}
{"epoch": 292, "value_loss": 737.1180818518814, "kernel_loss": 475.8726596443021, "seconds": 22.328972339630127, "score": 1.4844220731903688, "samples_all_within_1pct": 0.0, "kernel_rows_within_5pct": 0.5155779268096311, "kernel_median": 0.04863782599568367}
{"epoch": 293, "value_loss": 461.55359470600985, "kernel_loss": 427.8132321104711, "seconds": 22.988083600997925, "score": 1.5358375752831663, "samples_all_within_1pct": 0.0, "kernel_rows_within_5pct": 0.4641624247168338, "kernel_median": 0.05274512991309166}
{"epoch": 294, "value_loss": 1125.787161029115, "kernel_loss": 921.9847528885822, "seconds": 22.77591872215271, "score": 1.4642417883209773, "samples_all_within_1pct": 0.0, "kernel_rows_within_5pct": 0.5357582116790227, "kernel_median": 0.04713376984000206}
{"epoch": 295, "value_loss": 363.6725393606692, "kernel_loss": 357.7125341454331, "seconds": 23.00249981880188, "score": 1.3029841341712738, "samples_all_within_1pct": 0.0, "kernel_rows_within_5pct": 0.6970158658287262, "kernel_median": 0.03600547835230827}
{"epoch": 296, "value_loss": 86.7656672341483, "kernel_loss": 206.18523111148755, "seconds": 22.151085376739502, "score": 1.1901358330432035, "samples_all_within_1pct": 0.0237, "kernel_rows_within_5pct": 0.7861641669567964, "kernel_median": 0.027173439040780067}
{"epoch": 297, "value_loss": 47.182122016439635, "kernel_loss": 164.22425141626474, "seconds": 23.67036724090576, "score": 1.1194450514391021, "samples_all_within_1pct": 0.0479, "kernel_rows_within_5pct": 0.8326549485608977, "kernel_median": 0.021857958287000656}
{"epoch": 298, "value_loss": 40.447822921130125, "kernel_loss": 158.27891661196338, "seconds": 23.889138221740723, "score": 1.1579832013147624, "samples_all_within_1pct": 0.0244, "kernel_rows_within_5pct": 0.8176167986852375, "kernel_median": 0.024904362857341766}
{"epoch": 299, "value_loss": 34.58530311195218, "kernel_loss": 151.7922255457664, "seconds": 22.282562971115112, "score": 0.9547380937154677, "samples_all_within_1pct": 0.2004, "kernel_rows_within_5pct": 0.8448619062845323, "kernel_median": 0.0208613071590662}
{"epoch": 300, "value_loss": 33.37914612828469, "kernel_loss": 141.66547639029366, "seconds": 23.65797996520996, "score": 1.0313219251981323, "samples_all_within_1pct": 0.1105, "kernel_rows_within_5pct": 0.8581780748018677, "kernel_median": 0.019126087427139282}
{"epoch": 301, "value_loss": 33.60654433892698, "kernel_loss": 138.41976298118124, "seconds": 22.528172492980957, "score": 1.0051891453563209, "samples_all_within_1pct": 0.1518, "kernel_rows_within_5pct": 0.8430108546436793, "kernel_median": 0.022909486666321754}
{"epoch": 302, "value_loss": 31.312164326103368, "kernel_loss": 124.86458657712353, "seconds": 23.42890691757202, "score": 0.8342316652217617, "samples_all_within_1pct": 0.3027, "kernel_rows_within_5pct": 0.8630683347782383, "kernel_median": 0.017269620671868324}
{"epoch": 303, "value_loss": 34.36677220402932, "kernel_loss": 127.72230848974111, "seconds": 21.72422170639038, "score": 1.0985164720831213, "samples_all_within_1pct": 0.0333, "kernel_rows_within_5pct": 0.8681835279168787, "kernel_median": 0.017744280397892}
{"epoch": 304, "value_loss": 30.716114559952093, "kernel_loss": 129.7937847448855, "seconds": 22.02940821647644, "score": 1.0300541758100152, "samples_all_within_1pct": 0.1026, "kernel_rows_within_5pct": 0.8673458241899847, "kernel_median": 0.017557870596647263}
{"epoch": 305, "value_loss": 34.50011631420681, "kernel_loss": 124.8757766412229, "seconds": 23.346845626831055, "score": 1.0834403380137672, "samples_all_within_1pct": 0.0386, "kernel_rows_within_5pct": 0.8779596619862329, "kernel_median": 0.017171621322631836}
{"epoch": 306, "value_loss": 34.61169465707273, "kernel_loss": 332.7796633194904, "seconds": 23.797592639923096, "score": 1.021101367539325, "samples_all_within_1pct": 0.1278, "kernel_rows_within_5pct": 0.8510986324606749, "kernel_median": 0.01989229954779148}
{"epoch": 307, "value_loss": 81.74080193772608, "kernel_loss": 460.86202411262354, "seconds": 23.219635486602783, "score": 1.1817328374639653, "samples_all_within_1pct": 0.0, "kernel_rows_within_5pct": 0.8182671625360347, "kernel_median": 0.022988151758909225}
{"epoch": 308, "value_loss": 58.15313860834861, "kernel_loss": 124.22674463233169, "seconds": 23.55555820465088, "score": 0.860476707722016, "samples_all_within_1pct": 0.269, "kernel_rows_within_5pct": 0.870523292277984, "kernel_median": 0.017884379252791405}
{"epoch": 309, "value_loss": 33.850001821712574, "kernel_loss": 99.35164264756806, "seconds": 23.252871990203857, "score": 0.81133012669564, "samples_all_within_1pct": 0.305, "kernel_rows_within_5pct": 0.8836698733043601, "kernel_median": 0.016566721722483635}
{"epoch": 310, "value_loss": 36.14277250912725, "kernel_loss": 127.01447778818559, "seconds": 23.56834650039673, "score": 1.1700586601460414, "samples_all_within_1pct": 0.0, "kernel_rows_within_5pct": 0.8299413398539585, "kernel_median": 0.02044079639017582}
{"epoch": 311, "value_loss": 39.932149809234, "kernel_loss": 118.58662869978924, "seconds": 23.975993633270264, "score": 0.8793408431839925, "samples_all_within_1pct": 0.2335, "kernel_rows_within_5pct": 0.8871591568160074, "kernel_median": 0.015363733284175396}
{"epoch": 312, "value_loss": 44.51197149802228, "kernel_loss": 127.16310388214734, "seconds": 22.26575016975403, "score": 1.087722511841363, "samples_all_within_1pct": 0.054, "kernel_rows_within_5pct": 0.858277488158637, "kernel_median": 0.017815930768847466}
{"epoch": 313, "value_loss": 40.82263359731557, "kernel_loss": 119.62876203108807, "seconds": 23.594338417053223, "score": 1.1303099583361962, "samples_all_within_1pct": 0.0171, "kernel_rows_within_5pct": 0.8525900416638037, "kernel_median": 0.020215772092342377}
{"epoch": 314, "value_loss": 43.86440135994736, "kernel_loss": 110.23902067846181, "seconds": 23.890198230743408, "score": 0.7022676029831526, "samples_all_within_1pct": 0.4159, "kernel_rows_within_5pct": 0.8818323970168475, "kernel_median": 0.015334696508944035}
{"epoch": 315, "value_loss": 36.00597648717919, "kernel_loss": 111.94014300132284, "seconds": 23.840513706207275, "score": 0.9778708484533183, "samples_all_within_1pct": 0.2039, "kernel_rows_within_5pct": 0.8182291515466817, "kernel_median": 0.023347947746515274}
{"epoch": 316, "value_loss": 34.7694761509798, "kernel_loss": 117.23255686857263, "seconds": 23.613752603530884, "score": 1.046802521193737, "samples_all_within_1pct": 0.1479, "kernel_rows_within_5pct": 0.8052974788062628, "kernel_median": 0.023372145369648933}
{"epoch": 317, "value_loss": 185.82183877789245, "kernel_loss": 259.3898294020672, "seconds": 23.730806350708008, "score": 1.5973738165685725, "samples_all_within_1pct": 0.0, "kernel_rows_within_5pct": 0.4026261834314274, "kernel_median": 0.05828671157360077}
{"epoch": 318, "value_loss": 81.39392202727649, "kernel_loss": 154.1008085134078, "seconds": 22.938957691192627, "score": 1.0417021515264233, "samples_all_within_1pct": 0.083, "kernel_rows_within_5pct": 0.8752978484735768, "kernel_median": 0.01649901643395424}
{"epoch": 319, "value_loss": 55995.64312414247, "kernel_loss": 5000539.972860375, "seconds": 23.701404094696045, "score": 1.9954357573553874, "samples_all_within_1pct": 0.0, "kernel_rows_within_5pct": 0.004564242644612496, "kernel_median": 0.1492375284433365}
{"epoch": 320, "value_loss": 1467.9613248863998, "kernel_loss": 700.6928044533242, "seconds": 23.6171395778656, "score": 1.7149873362838495, "samples_all_within_1pct": 0.0, "kernel_rows_within_5pct": 0.28501266371615064, "kernel_median": 0.06940007954835892}
{"epoch": 321, "value_loss": 250.29565480290626, "kernel_loss": 301.15039576316366, "seconds": 22.972782611846924, "score": 1.3386549709915585, "samples_all_within_1pct": 0.0074, "kernel_rows_within_5pct": 0.6539450290084415, "kernel_median": 0.03957562893629074}
{"epoch": 322, "value_loss": 352.8099011401741, "kernel_loss": 286.27828076420997, "seconds": 23.389870166778564, "score": 1.996052078397039, "samples_all_within_1pct": 0.0, "kernel_rows_within_5pct": 0.0039479216029610145, "kernel_median": 0.2221049964427948}
{"epoch": 323, "value_loss": 44370.41735466159, "kernel_loss": 6499.580387660435, "seconds": 23.62963366508484, "score": 1.9948956671440317, "samples_all_within_1pct": 0.0, "kernel_rows_within_5pct": 0.005104332855968216, "kernel_median": 0.22037246823310852}
{"epoch": 324, "value_loss": 7112.405393016582, "kernel_loss": 2113.41560644033, "seconds": 23.65365433692932, "score": 1.9991380694886831, "samples_all_within_1pct": 0.0, "kernel_rows_within_5pct": 0.0008619305113167278, "kernel_median": 0.23939117789268494}
{"epoch": 325, "value_loss": 9240.857903928172, "kernel_loss": 2383.514446024992, "seconds": 23.67283821105957, "score": 1.9999450720318692, "samples_all_within_1pct": 0.0, "kernel_rows_within_5pct": 5.4927968130918204e-05, "kernel_median": 0.3875357210636139}
{"epoch": 326, "value_loss": 10113.876248729472, "kernel_loss": 2349.286796725526, "seconds": 23.17853617668152, "score": 1.9964488964177567, "samples_all_within_1pct": 0.0, "kernel_rows_within_5pct": 0.003551103582243354, "kernel_median": 0.8503895998001099}
{"epoch": 327, "value_loss": 7144.542368363361, "kernel_loss": 2535.027128881338, "seconds": 22.511399507522583, "score": 1.95593878894064, "samples_all_within_1pct": 0.0, "kernel_rows_within_5pct": 0.044061211059360006, "kernel_median": 0.16674326360225677}
{"epoch": 328, "value_loss": 1504.5426486268336, "kernel_loss": 885.8615224410077, "seconds": 23.35245370864868, "score": 1.9995708099828553, "samples_all_within_1pct": 0.0, "kernel_rows_within_5pct": 0.000429190017144627, "kernel_median": 0.4280543029308319}
{"epoch": 329, "value_loss": 1826.396748445472, "kernel_loss": 853.9720195848115, "seconds": 23.093610763549805, "score": 1.5645755540467188, "samples_all_within_1pct": 0.0, "kernel_rows_within_5pct": 0.43542444595328117, "kernel_median": 0.05594835802912712}
{"epoch": 330, "value_loss": 480.4284903078663, "kernel_loss": 482.70384434291293, "seconds": 23.150362014770508, "score": 1.4306031070015615, "samples_all_within_1pct": 0.0, "kernel_rows_within_5pct": 0.5693968929984384, "kernel_median": 0.04446319490671158}
{"epoch": 331, "value_loss": 333.0978407567861, "kernel_loss": 403.01308923838087, "seconds": 23.430473566055298, "score": 1.3297302953224137, "samples_all_within_1pct": 0.0, "kernel_rows_within_5pct": 0.6702697046775864, "kernel_median": 0.03629261627793312}
{"epoch": 332, "value_loss": 250.7135843549456, "kernel_loss": 360.8751440242845, "seconds": 23.121236562728882, "score": 1.3245378270955281, "samples_all_within_1pct": 0.0, "kernel_rows_within_5pct": 0.6754621729044719, "kernel_median": 0.033765505999326706}
{"epoch": 333, "value_loss": 2290.20265610364, "kernel_loss": 2159.143143323003, "seconds": 21.812093496322632, "score": 1.8529423742958828, "samples_all_within_1pct": 0.0, "kernel_rows_within_5pct": 0.14705762570411704, "kernel_median": 0.0892825797200203}
{"epoch": 334, "value_loss": 247.65999914675342, "kernel_loss": 369.461883233518, "seconds": 23.850162267684937, "score": 1.2487799805935103, "samples_all_within_1pct": 0.0035, "kernel_rows_within_5pct": 0.7477200194064897, "kernel_median": 0.02903829514980316}
{"epoch": 335, "value_loss": 63.45913149386036, "kernel_loss": 219.16204693852637, "seconds": 22.55204963684082, "score": 1.1780761676318048, "samples_all_within_1pct": 0.0254, "kernel_rows_within_5pct": 0.7965238323681954, "kernel_median": 0.022005431354045868}
{"epoch": 336, "value_loss": 38.13759528374185, "kernel_loss": 173.9364565635214, "seconds": 23.835921049118042, "score": 1.106349957258522, "samples_all_within_1pct": 0.0555, "kernel_rows_within_5pct": 0.8381500427414779, "kernel_median": 0.0208798386156559}
{"epoch": 337, "value_loss": 29.54795326991957, "kernel_loss": 151.15033862055566, "seconds": 23.549657344818115, "score": 0.9438493301398533, "samples_all_within_1pct": 0.2023, "kernel_rows_within_5pct": 0.8538506698601467, "kernel_median": 0.017343221232295036}
{"epoch": 338, "value_loss": 25.449175119400024, "kernel_loss": 140.89545510739697, "seconds": 22.06036353111267, "score": 0.8589445713728379, "samples_all_within_1pct": 0.2758, "kernel_rows_within_5pct": 0.8652554286271621, "kernel_median": 0.015166682191193104}
{"epoch": 339, "value_loss": 20.037809542247228, "kernel_loss": 129.56990915415238, "seconds": 22.907050848007202, "score": 0.7878948974841529, "samples_all_within_1pct": 0.3338, "kernel_rows_within_5pct": 0.8783051025158471, "kernel_median": 0.014826656319200993}
{"epoch": 340, "value_loss": 16.16881824512871, "kernel_loss": 124.88119993404466, "seconds": 23.276386737823486, "score": 0.7548436621374415, "samples_all_within_1pct": 0.3614, "kernel_rows_within_5pct": 0.8837563378625586, "kernel_median": 0.013614429160952568}
{"epoch": 341, "value_loss": 23.71392994024316, "kernel_loss": 119.59311781124192, "seconds": 23.070514917373657, "score": 0.9693421537068337, "samples_all_within_1pct": 0.1494, "kernel_rows_within_5pct": 0.8812578462931663, "kernel_median": 0.015344957821071148}
{"epoch": 342, "value_loss": 17.12366834951907, "kernel_loss": 116.46314737748126, "seconds": 22.222530603408813, "score": 0.7377848447261528, "samples_all_within_1pct": 0.3854, "kernel_rows_within_5pct": 0.8768151552738472, "kernel_median": 0.013169401325285435}
{"epoch": 343, "value_loss": 22.851923913371806, "kernel_loss": 114.49088793384786, "seconds": 23.71286630630493, "score": 0.7433796879297774, "samples_all_within_1pct": 0.3606, "kernel_rows_within_5pct": 0.8960203120702226, "kernel_median": 0.014930042438209057}
{"epoch": 344, "value_loss": 15.82869992450792, "kernel_loss": 107.65183592815788, "seconds": 23.158286809921265, "score": 0.6784828059378178, "samples_all_within_1pct": 0.4218, "kernel_rows_within_5pct": 0.8997171940621822, "kernel_median": 0.012402286753058434}
{"epoch": 345, "value_loss": 11.964614459446498, "kernel_loss": 107.20387096794285, "seconds": 23.274213552474976, "score": 0.9020207212522574, "samples_all_within_1pct": 0.2012, "kernel_rows_within_5pct": 0.8967792787477425, "kernel_median": 0.011624448001384735}
{"epoch": 346, "value_loss": 12.089821827654935, "kernel_loss": 106.8752883210474, "seconds": 23.564424991607666, "score": 0.5945558613467711, "samples_all_within_1pct": 0.5036, "kernel_rows_within_5pct": 0.9018441386532289, "kernel_median": 0.012000965885818005}
{"epoch": 347, "value_loss": 17.426875131470815, "kernel_loss": 100.9881200206523, "seconds": 21.921958684921265, "score": 0.682576174628333, "samples_all_within_1pct": 0.4194, "kernel_rows_within_5pct": 0.898023825371667, "kernel_median": 0.01325466763228178}
{"epoch": 348, "value_loss": 14.071692610273557, "kernel_loss": 98.24027038107113, "seconds": 22.917880535125732, "score": 0.5852294968410153, "samples_all_within_1pct": 0.5133, "kernel_rows_within_5pct": 0.9014705031589847, "kernel_median": 0.012306646443903446}
{"epoch": 349, "value_loss": 14.813247870425789, "kernel_loss": 98.25802927601094, "seconds": 23.724754810333252, "score": 0.5223101758760124, "samples_all_within_1pct": 0.5707, "kernel_rows_within_5pct": 0.9069898241239877, "kernel_median": 0.01072684396058321}
{"epoch": 350, "value_loss": 14.712458598370455, "kernel_loss": 93.85230068284638, "seconds": 23.17510747909546, "score": 0.6764413838798736, "samples_all_within_1pct": 0.4163, "kernel_rows_within_5pct": 0.9072586161201264, "kernel_median": 0.01133889239281416}
{"epoch": 351, "value_loss": 10.342716299757665, "kernel_loss": 95.00208072273098, "seconds": 23.026127099990845, "score": 0.6232638879101872, "samples_all_within_1pct": 0.4678, "kernel_rows_within_5pct": 0.9089361120898128, "kernel_median": 0.012493256479501724}
{"epoch": 352, "value_loss": 10.001881475351295, "kernel_loss": 90.82190704345703, "seconds": 23.943892002105713, "score": 0.4813909068523998, "samples_all_within_1pct": 0.6078, "kernel_rows_within_5pct": 0.9108090931476002, "kernel_median": 0.0101492740213871}
{"epoch": 353, "value_loss": 11.382689977178769, "kernel_loss": 94.7587092263358, "seconds": 23.13898205757141, "score": 0.5423844603348016, "samples_all_within_1pct": 0.5453, "kernel_rows_within_5pct": 0.9123155396651984, "kernel_median": 0.010219535790383816}
{"epoch": 354, "value_loss": 11.438859715753672, "kernel_loss": 87.7532813792326, "seconds": 23.91253137588501, "score": 0.47983291116769133, "samples_all_within_1pct": 0.6058, "kernel_rows_within_5pct": 0.9143670888323087, "kernel_median": 0.010113122873008251}
{"epoch": 355, "value_loss": 15.290616641239245, "kernel_loss": 86.80011461219009, "seconds": 23.803836345672607, "score": 0.44479892412192, "samples_all_within_1pct": 0.6378, "kernel_rows_within_5pct": 0.91740107587808, "kernel_median": 0.009525667876005173}
{"epoch": 356, "value_loss": 9.499189182203644, "kernel_loss": 89.59718096986109, "seconds": 23.69161891937256, "score": 0.5196884137492014, "samples_all_within_1pct": 0.5643, "kernel_rows_within_5pct": 0.9160115862507986, "kernel_median": 0.010919974185526371}
{"epoch": 357, "value_loss": 11.96824317805621, "kernel_loss": 86.66198746038943, "seconds": 23.920035362243652, "score": 0.45818426733504747, "samples_all_within_1pct": 0.6264, "kernel_rows_within_5pct": 0.9154157326649526, "kernel_median": 0.011090184561908245}
{"epoch": 358, "value_loss": 11.41206271307809, "kernel_loss": 86.06666167901487, "seconds": 23.744782209396362, "score": 0.44415407297149234, "samples_all_within_1pct": 0.6401, "kernel_rows_within_5pct": 0.9157459270285077, "kernel_median": 0.010573928244411945}
{"epoch": 359, "value_loss": 8.341038786635107, "kernel_loss": 85.26687789449886, "seconds": 23.031339406967163, "score": 0.7633933638660434, "samples_all_within_1pct": 0.3262, "kernel_rows_within_5pct": 0.9104066361339566, "kernel_median": 0.010041660629212856}
{"epoch": 360, "value_loss": 9.053296240008606, "kernel_loss": 83.8702056261958, "seconds": 23.235814332962036, "score": 0.38157619373825347, "samples_all_within_1pct": 0.6969, "kernel_rows_within_5pct": 0.9215238062617466, "kernel_median": 0.009204094298183918}
{"epoch": 361, "value_loss": 10.364701407296318, "kernel_loss": 82.39136824315908, "seconds": 23.1678626537323, "score": 0.4074746732777941, "samples_all_within_1pct": 0.6719, "kernel_rows_within_5pct": 0.9206253267222059, "kernel_median": 0.009078091010451317}
{"epoch": 362, "value_loss": 9.819565052888832, "kernel_loss": 80.05710798380326, "seconds": 23.928574085235596, "score": 0.4151027725675107, "samples_all_within_1pct": 0.6672, "kernel_rows_within_5pct": 0.9176972274324893, "kernel_median": 0.010606296360492706}
{"epoch": 363, "value_loss": 9.547500676038315, "kernel_loss": 81.0346796463947, "seconds": 24.491990327835083, "score": 0.6783870808165847, "samples_all_within_1pct": 0.4054, "kernel_rows_within_5pct": 0.9162129191834153, "kernel_median": 0.014586524106562138}
{"epoch": 364, "value_loss": 9.743081153655538, "kernel_loss": 78.68865546401666, "seconds": 24.65063762664795, "score": 0.36227987324379307, "samples_all_within_1pct": 0.716, "kernel_rows_within_5pct": 0.921720126756207, "kernel_median": 0.00925408210605383}
{"epoch": 365, "value_loss": 8.13049342194382, "kernel_loss": 80.28412639851473, "seconds": 22.56339716911316, "score": 0.3699661754198805, "samples_all_within_1pct": 0.7059, "kernel_rows_within_5pct": 0.9241338245801195, "kernel_median": 0.01067749410867691}
{"epoch": 366, "value_loss": 8.617653097425189, "kernel_loss": 78.07945979371362, "seconds": 23.468611478805542, "score": 0.3658324398731936, "samples_all_within_1pct": 0.7092, "kernel_rows_within_5pct": 0.9249675601268064, "kernel_median": 0.009547000750899315}
{"epoch": 367, "value_loss": 8.433611108332265, "kernel_loss": 77.74446740442393, "seconds": 23.0191011428833, "score": 0.41324012364849527, "samples_all_within_1pct": 0.6664, "kernel_rows_within_5pct": 0.9203598763515047, "kernel_median": 0.01027453038841486}
{"epoch": 368, "value_loss": 8.450421125304942, "kernel_loss": 78.66430185279067, "seconds": 23.862567901611328, "score": 0.3641936055073328, "samples_all_within_1pct": 0.7124, "kernel_rows_within_5pct": 0.9234063944926671, "kernel_median": 0.009556921198964119}
{"epoch": 369, "value_loss": 6.9289581289096756, "kernel_loss": 75.66558612122827, "seconds": 21.17531681060791, "score": 0.45444430997418805, "samples_all_within_1pct": 0.6247, "kernel_rows_within_5pct": 0.9208556900258119, "kernel_median": 0.009921976365149021}
{"epoch": 370, "value_loss": 9.351135638295387, "kernel_loss": 76.36794656636764, "seconds": 23.426888465881348, "score": 0.3745366475226338, "samples_all_within_1pct": 0.7011, "kernel_rows_within_5pct": 0.9243633524773662, "kernel_median": 0.009396166540682316}
{"epoch": 371, "value_loss": 7.58935741015843, "kernel_loss": 76.69425057391732, "seconds": 23.382739543914795, "score": 0.46151358199482095, "samples_all_within_1pct": 0.6123, "kernel_rows_within_5pct": 0.9261864180051791, "kernel_median": 0.009217421524226665}
{"epoch": 372, "value_loss": 6.937354119456544, "kernel_loss": 74.94406849997384, "seconds": 23.797163486480713, "score": 0.3507333244849876, "samples_all_within_1pct": 0.7239, "kernel_rows_within_5pct": 0.9253666755150124, "kernel_median": 0.00897663552314043}
{"epoch": 373, "value_loss": 7.6192903932260005, "kernel_loss": 72.5389407605541, "seconds": 21.376312017440796, "score": 0.37658155061445175, "samples_all_within_1pct": 0.6991, "kernel_rows_within_5pct": 0.9243184493855482, "kernel_median": 0.008812366053462029}
{"epoch": 374, "value_loss": 6.869744257051117, "kernel_loss": 71.4849275082958, "seconds": 23.481236219406128, "score": 0.4163162451240985, "samples_all_within_1pct": 0.6558, "kernel_rows_within_5pct": 0.9278837548759015, "kernel_median": 0.009762702509760857}
{"epoch": 375, "value_loss": 5.7762435394890455, "kernel_loss": 71.41106227952606, "seconds": 23.743317127227783, "score": 0.38216944104422457, "samples_all_within_1pct": 0.6888, "kernel_rows_within_5pct": 0.9290305589557755, "kernel_median": 0.008169302716851234}
{"epoch": 376, "value_loss": 6.426156135237947, "kernel_loss": 71.79323570095762, "seconds": 23.08073663711548, "score": 0.43048232204956927, "samples_all_within_1pct": 0.6419, "kernel_rows_within_5pct": 0.9276176779504307, "kernel_median": 0.011543245986104012}
{"epoch": 377, "value_loss": 6.467725510499915, "kernel_loss": 71.0936924875999, "seconds": 23.864062547683716, "score": 0.30638477359130123, "samples_all_within_1pct": 0.7622, "kernel_rows_within_5pct": 0.9314152264086988, "kernel_median": 0.008107251487672329}
{"epoch": 378, "value_loss": 6.208633747636055, "kernel_loss": 70.49146767051853, "seconds": 23.282551050186157, "score": 0.3859147525453266, "samples_all_within_1pct": 0.6856, "kernel_rows_within_5pct": 0.9284852474546734, "kernel_median": 0.008817571215331554}
{"epoch": 379, "value_loss": 5.51449792482415, "kernel_loss": 70.485820595099, "seconds": 23.616121768951416, "score": 0.37357733475714416, "samples_all_within_1pct": 0.6952, "kernel_rows_within_5pct": 0.9312226652428558, "kernel_median": 0.009252713993191719}
{"epoch": 380, "value_loss": 7.045414571859399, "kernel_loss": 68.58891923086983, "seconds": 23.75616216659546, "score": 0.3571842667711481, "samples_all_within_1pct": 0.7117, "kernel_rows_within_5pct": 0.9311157332288519, "kernel_median": 0.008120852522552013}
{"epoch": 381, "value_loss": 6.353496671939383, "kernel_loss": 69.344645733736, "seconds": 23.544159412384033, "score": 0.3119069517713643, "samples_all_within_1pct": 0.7568, "kernel_rows_within_5pct": 0.9312930482286357, "kernel_median": 0.00825934112071991}
{"epoch": 382, "value_loss": 6.174879516874041, "kernel_loss": 67.92958251797423, "seconds": 23.692728519439697, "score": 0.33473583179009414, "samples_all_within_1pct": 0.7331, "kernel_rows_within_5pct": 0.9321641682099059, "kernel_median": 0.007873822003602982}
{"epoch": 383, "value_loss": 6.037002098803618, "kernel_loss": 66.25800541469029, "seconds": 23.405224561691284, "score": 0.5558218589712931, "samples_all_within_1pct": 0.5199, "kernel_rows_within_5pct": 0.9242781410287069, "kernel_median": 0.008736196905374527}
{"epoch": 384, "value_loss": 5.626607619986242, "kernel_loss": 66.86904270794926, "seconds": 23.320226669311523, "score": 0.3346053143122444, "samples_all_within_1pct": 0.7368, "kernel_rows_within_5pct": 0.9285946856877556, "kernel_median": 0.00892532616853714}
{"epoch": 385, "value_loss": 4.747132943601025, "kernel_loss": 65.56414483518017, "seconds": 23.209031105041504, "score": 0.305831046791319, "samples_all_within_1pct": 0.761, "kernel_rows_within_5pct": 0.933168953208681, "kernel_median": 0.007778710685670376}
{"epoch": 386, "value_loss": 5.6949754527636935, "kernel_loss": 65.93930550010838, "seconds": 23.418999671936035, "score": 0.26946644112087315, "samples_all_within_1pct": 0.7966, "kernel_rows_within_5pct": 0.9339335588791269, "kernel_median": 0.008362257853150368}
{"epoch": 387, "value_loss": 6.134362105204135, "kernel_loss": 66.94350312680615, "seconds": 22.911903381347656, "score": 0.27272619126336206, "samples_all_within_1pct": 0.7924, "kernel_rows_within_5pct": 0.934873808736638, "kernel_median": 0.0074683791026473045}
{"epoch": 388, "value_loss": 5.02274669798053, "kernel_loss": 64.86004438205642, "seconds": 22.540537118911743, "score": 0.2674780662807228, "samples_all_within_1pct": 0.7979, "kernel_rows_within_5pct": 0.9346219337192772, "kernel_median": 0.007431515958160162}
{"epoch": 389, "value_loss": 5.109771192073822, "kernel_loss": 65.5326153307545, "seconds": 23.189114093780518, "score": 0.26586188903339103, "samples_all_within_1pct": 0.8024, "kernel_rows_within_5pct": 0.931738110966609, "kernel_median": 0.007421157788485289}
{"epoch": 390, "value_loss": 4.77608566016567, "kernel_loss": 64.54265615891437, "seconds": 22.759692430496216, "score": 0.25660748373724884, "samples_all_within_1pct": 0.8082, "kernel_rows_within_5pct": 0.9351925162627511, "kernel_median": 0.0073465341702103615}
{"epoch": 391, "value_loss": 4.9337389371833025, "kernel_loss": 62.371888277482014, "seconds": 23.369561433792114, "score": 0.31427670273046304, "samples_all_within_1pct": 0.7503, "kernel_rows_within_5pct": 0.935423297269537, "kernel_median": 0.007923520170152187}
{"epoch": 392, "value_loss": 4.3746504734973515, "kernel_loss": 62.99322786136549, "seconds": 22.33221125602722, "score": 0.30767823522077387, "samples_all_within_1pct": 0.7576, "kernel_rows_within_5pct": 0.9347217647792261, "kernel_median": 0.007523891981691122}
{"epoch": 393, "value_loss": 4.506716709964129, "kernel_loss": 62.35509570764036, "seconds": 23.231703758239746, "score": 0.277662132324608, "samples_all_within_1pct": 0.7865, "kernel_rows_within_5pct": 0.935837867675392, "kernel_median": 0.007222178857773542}
{"epoch": 394, "value_loss": 4.840094315762422, "kernel_loss": 61.68809589074583, "seconds": 23.282853603363037, "score": 0.26024221160049454, "samples_all_within_1pct": 0.8037, "kernel_rows_within_5pct": 0.9360577883995055, "kernel_median": 0.007370554842054844}
{"epoch": 395, "value_loss": 5.641472159599771, "kernel_loss": 61.550208033347616, "seconds": 23.62216830253601, "score": 0.2579201717428393, "samples_all_within_1pct": 0.8052, "kernel_rows_within_5pct": 0.9368798282571607, "kernel_median": 0.007174307480454445}
{"epoch": 396, "value_loss": 4.722641569011065, "kernel_loss": 62.21933668486926, "seconds": 23.366738080978394, "score": 0.26846282667260357, "samples_all_within_1pct": 0.7943, "kernel_rows_within_5pct": 0.9372371733273964, "kernel_median": 0.009643329307436943}
{"epoch": 397, "value_loss": 4.245812441621508, "kernel_loss": 60.0679349899292, "seconds": 23.707438468933105, "score": 0.26671625276806676, "samples_all_within_1pct": 0.796, "kernel_rows_within_5pct": 0.9372837472319332, "kernel_median": 0.007170428987592459}
{"epoch": 398, "value_loss": 4.914299235051992, "kernel_loss": 61.21811516430913, "seconds": 23.58255887031555, "score": 0.23031293902431638, "samples_all_within_1pct": 0.8309, "kernel_rows_within_5pct": 0.9387870609756837, "kernel_median": 0.007085717283189297}
{"epoch": 399, "value_loss": 4.5260071207065975, "kernel_loss": 60.296816553388325, "seconds": 23.879807472229004, "score": 0.2274128805249861, "samples_all_within_1pct": 0.8347, "kernel_rows_within_5pct": 0.9378871194750139, "kernel_median": 0.006924142129719257}
{"epoch": 400, "value_loss": 4.259952370001345, "kernel_loss": 59.689194153766245, "seconds": 22.5248122215271, "score": 0.22825927345962027, "samples_all_within_1pct": 0.8324, "kernel_rows_within_5pct": 0.9393407265403797, "kernel_median": 0.007788802031427622}
{"epoch": 401, "value_loss": 3.6549265311688792, "kernel_loss": 59.343296595982146, "seconds": 23.406778573989868, "score": 0.29352766907632677, "samples_all_within_1pct": 0.7685, "kernel_rows_within_5pct": 0.9379723309236733, "kernel_median": 0.008233015425503254}
{"epoch": 402, "value_loss": 3.7824168606680266, "kernel_loss": 59.17182591496682, "seconds": 22.442634344100952, "score": 0.23015647856587462, "samples_all_within_1pct": 0.8303, "kernel_rows_within_5pct": 0.9395435214341253, "kernel_median": 0.0071019637398421764}
{"epoch": 403, "value_loss": 4.218098475008595, "kernel_loss": 58.41707706451416, "seconds": 22.811728954315186, "score": 0.23647058206311544, "samples_all_within_1pct": 0.8248, "kernel_rows_within_5pct": 0.9387294179368846, "kernel_median": 0.007695189211517572}
{"epoch": 404, "value_loss": 3.5929779653646507, "kernel_loss": 59.32507234690141, "seconds": 22.921802759170532, "score": 0.2535466532472559, "samples_all_within_1pct": 0.8074, "kernel_rows_within_5pct": 0.9390533467527441, "kernel_median": 0.00693129189312458}
{"epoch": 405, "value_loss": 3.714781936334104, "kernel_loss": 57.402850423540386, "seconds": 23.31990671157837, "score": 0.22060552807184652, "samples_all_within_1pct": 0.8393, "kernel_rows_within_5pct": 0.9400944719281534, "kernel_median": 0.007172905839979649}
{"epoch": 406, "value_loss": 3.408935406986548, "kernel_loss": 57.90343064677958, "seconds": 23.369134664535522, "score": 0.20881376240082417, "samples_all_within_1pct": 0.8508, "kernel_rows_within_5pct": 0.9403862375991758, "kernel_median": 0.006998943630605936}
{"epoch": 407, "value_loss": 4.008116971473305, "kernel_loss": 57.406159770732025, "seconds": 22.78725838661194, "score": 0.2425319324891413, "samples_all_within_1pct": 0.8171, "kernel_rows_within_5pct": 0.9403680675108587, "kernel_median": 0.007572350557893515}
{"epoch": 408, "value_loss": 3.960947356661972, "kernel_loss": 56.479931734046154, "seconds": 23.160284280776978, "score": 0.22553336383262712, "samples_all_within_1pct": 0.8335, "kernel_rows_within_5pct": 0.9409666361673729, "kernel_median": 0.0066406456753611565}
{"epoch": 409, "value_loss": 3.5803878720925777, "kernel_loss": 56.07082117820273, "seconds": 22.947649478912354, "score": 0.24137841727670473, "samples_all_within_1pct": 0.8186, "kernel_rows_within_5pct": 0.9400215827232953, "kernel_median": 0.007089888211339712}
{"epoch": 410, "value_loss": 3.5395248216025683, "kernel_loss": 56.958376806609486, "seconds": 21.74686598777771, "score": 0.20754130948693728, "samples_all_within_1pct": 0.851, "kernel_rows_within_5pct": 0.9414586905130627, "kernel_median": 0.006934326607733965}
{"epoch": 411, "value_loss": 3.3741897612201925, "kernel_loss": 56.03081103733608, "seconds": 22.13302230834961, "score": 0.21170794243799562, "samples_all_within_1pct": 0.8464, "kernel_rows_within_5pct": 0.9418920575620043, "kernel_median": 0.006887833122164011}
{"epoch": 412, "value_loss": 3.1348294834701385, "kernel_loss": 55.47467000143869, "seconds": 22.108785152435303, "score": 0.19847390892274563, "samples_all_within_1pct": 0.8591, "kernel_rows_within_5pct": 0.9424260910772544, "kernel_median": 0.006504175253212452}
{"epoch": 413, "value_loss": 3.0575912242033043, "kernel_loss": 55.355365188754334, "seconds": 23.129485368728638, "score": 0.20604185621862925, "samples_all_within_1pct": 0.8523, "kernel_rows_within_5pct": 0.9416581437813708, "kernel_median": 0.007049292325973511}
{"epoch": 414, "value_loss": 3.607553738720563, "kernel_loss": 55.23726848680146, "seconds": 23.452521562576294, "score": 0.20792122911666844, "samples_all_within_1pct": 0.85, "kernel_rows_within_5pct": 0.9420787708833316, "kernel_median": 0.006836794316768646}
{"epoch": 415, "value_loss": 3.267549385829848, "kernel_loss": 54.25677686808061, "seconds": 23.833986520767212, "score": 0.21244312791595976, "samples_all_within_1pct": 0.8449, "kernel_rows_within_5pct": 0.9426568720840403, "kernel_median": 0.0070504602044820786}
{"epoch": 416, "value_loss": 3.264527451018898, "kernel_loss": 54.027497661357025, "seconds": 23.929081439971924, "score": 0.196901815212708, "samples_all_within_1pct": 0.8605, "kernel_rows_within_5pct": 0.942598184787292, "kernel_median": 0.006766597740352154}
{"epoch": 417, "value_loss": 3.4833103162901744, "kernel_loss": 54.18138708387102, "seconds": 23.02651596069336, "score": 0.19623273454190182, "samples_all_within_1pct": 0.8607, "kernel_rows_within_5pct": 0.9430672654580982, "kernel_median": 0.006467844359576702}
{"epoch": 418, "value_loss": 3.1166089931312873, "kernel_loss": 54.335399238430725, "seconds": 23.754085302352905, "score": 0.21910327717383693, "samples_all_within_1pct": 0.8383, "kernel_rows_within_5pct": 0.942596722826163, "kernel_median": 0.00844054576009512}
{"epoch": 419, "value_loss": 2.970529011317662, "kernel_loss": 54.08266120054284, "seconds": 22.880802392959595, "score": 0.20047505159156398, "samples_all_within_1pct": 0.8563, "kernel_rows_within_5pct": 0.9432249484084361, "kernel_median": 0.006594477221369743}
{"epoch": 420, "value_loss": 2.6320280943598067, "kernel_loss": 53.50973870802899, "seconds": 23.52119493484497, "score": 0.21578483973459972, "samples_all_within_1pct": 0.8425, "kernel_rows_within_5pct": 0.9417151602654003, "kernel_median": 0.00662901159375906}
{"epoch": 421, "value_loss": 2.7130368850669084, "kernel_loss": 53.83044163061648, "seconds": 23.648659467697144, "score": 0.19112782980851017, "samples_all_within_1pct": 0.8645, "kernel_rows_within_5pct": 0.9443721701914898, "kernel_median": 0.006400176789611578}
{"epoch": 422, "value_loss": 3.4314717650413513, "kernel_loss": 53.31147664907027, "seconds": 23.66784381866455, "score": 0.19345313146852527, "samples_all_within_1pct": 0.8628, "kernel_rows_within_5pct": 0.9437468685314747, "kernel_median": 0.006451899651437998}
{"epoch": 423, "value_loss": 3.019091361639451, "kernel_loss": 52.80532410680031, "seconds": 22.857109308242798, "score": 0.19680931254619527, "samples_all_within_1pct": 0.8595, "kernel_rows_within_5pct": 0.9436906874538047, "kernel_median": 0.00657439511269331}
{"epoch": 424, "value_loss": 2.535897835176818, "kernel_loss": 52.43465976325833, "seconds": 23.850841999053955, "score": 0.19263407676841426, "samples_all_within_1pct": 0.864, "kernel_rows_within_5pct": 0.9433659232315857, "kernel_median": 0.006358593236654997}
{"epoch": 425, "value_loss": 3.0694640132845663, "kernel_loss": 52.74419025498994, "seconds": 22.784673929214478, "score": 0.19045813461278605, "samples_all_within_1pct": 0.8663, "kernel_rows_within_5pct": 0.943241865387214, "kernel_median": 0.006450792774558067}
{"epoch": 426, "value_loss": 2.6132895070679334, "kernel_loss": 53.1839126664765, "seconds": 24.151848316192627, "score": 0.18095578530390732, "samples_all_within_1pct": 0.8741, "kernel_rows_within_5pct": 0.9449442146960927, "kernel_median": 0.006596152670681477}
{"epoch": 427, "value_loss": 2.588899847196073, "kernel_loss": 52.107503735289285, "seconds": 23.690295219421387, "score": 0.24204672759842183, "samples_all_within_1pct": 0.8149, "kernel_rows_within_5pct": 0.9430532724015782, "kernel_median": 0.006693179719150066}
{"epoch": 428, "value_loss": 2.490853231780383, "kernel_loss": 51.87132298216528, "seconds": 23.25427556037903, "score": 0.18693914770590103, "samples_all_within_1pct": 0.8688, "kernel_rows_within_5pct": 0.944260852294099, "kernel_median": 0.006275024730712175}
{"epoch": 429, "value_loss": 2.6193519952345867, "kernel_loss": 51.517591515365915, "seconds": 21.91685152053833, "score": 0.18283828168189864, "samples_all_within_1pct": 0.8723, "kernel_rows_within_5pct": 0.9448617183181014, "kernel_median": 0.006751079577952623}
{"epoch": 430, "value_loss": 2.791660892720125, "kernel_loss": 51.376607135850556, "seconds": 23.568926095962524, "score": 0.181356540887189, "samples_all_within_1pct": 0.8735, "kernel_rows_within_5pct": 0.945143459112811, "kernel_median": 0.006641767919063568}
{"epoch": 431, "value_loss": 2.560983975322879, "kernel_loss": 51.0597038269043, "seconds": 22.729567527770996, "score": 0.18059872890833906, "samples_all_within_1pct": 0.8743, "kernel_rows_within_5pct": 0.945101271091661, "kernel_median": 0.006278292275965214}
{"epoch": 432, "value_loss": 2.4993428782540925, "kernel_loss": 51.05949084612788, "seconds": 24.1994788646698, "score": 0.1782478183258499, "samples_all_within_1pct": 0.8762, "kernel_rows_within_5pct": 0.9455521816741501, "kernel_median": 0.0065738908015191555}
{"epoch": 433, "value_loss": 2.706496606067735, "kernel_loss": 50.76806354522705, "seconds": 23.428983688354492, "score": 0.17547426265468324, "samples_all_within_1pct": 0.8788, "kernel_rows_within_5pct": 0.9457257373453167, "kernel_median": 0.0061921305023133755}
{"epoch": 434, "value_loss": 2.3854472916953418, "kernel_loss": 50.76729900982915, "seconds": 23.533668041229248, "score": 0.18480111539280075, "samples_all_within_1pct": 0.8698, "kernel_rows_within_5pct": 0.9453988846071992, "kernel_median": 0.006181804463267326}
{"epoch": 435, "value_loss": 2.5749080308846066, "kernel_loss": 50.938970487944935, "seconds": 21.66991376876831, "score": 0.18486153200159816, "samples_all_within_1pct": 0.8689, "kernel_rows_within_5pct": 0.9462384679984018, "kernel_median": 0.006255196873098612}
{"epoch": 436, "value_loss": 2.300786091965072, "kernel_loss": 50.96592940116415, "seconds": 23.991687059402466, "score": 0.17383425226640525, "samples_all_within_1pct": 0.8801, "kernel_rows_within_5pct": 0.9460657477335948, "kernel_median": 0.006159377750009298}
{"epoch": 437, "value_loss": 2.5184726563035227, "kernel_loss": 50.86330694081832, "seconds": 24.481734037399292, "score": 0.1711743118601179, "samples_all_within_1pct": 0.8827, "kernel_rows_within_5pct": 0.9461256881398821, "kernel_median": 0.006026392802596092}
{"epoch": 438, "value_loss": 2.435596069511102, "kernel_loss": 50.27356871780084, "seconds": 23.698562383651733, "score": 0.17208070643632556, "samples_all_within_1pct": 0.8816, "kernel_rows_within_5pct": 0.9463192935636744, "kernel_median": 0.006014386657625437}
{"epoch": 439, "value_loss": 2.2526359211425393, "kernel_loss": 49.91232027326311, "seconds": 23.09005641937256, "score": 0.16879449064125585, "samples_all_within_1pct": 0.8849, "kernel_rows_within_5pct": 0.9463055093587441, "kernel_median": 0.0060966224409639835}
{"epoch": 440, "value_loss": 2.141604651601947, "kernel_loss": 50.120691824932486, "seconds": 23.700361967086792, "score": 0.17532900035901589, "samples_all_within_1pct": 0.878, "kernel_rows_within_5pct": 0.9466709996409841, "kernel_median": 0.00597021309658885}
{"epoch": 441, "value_loss": 2.3178184573747673, "kernel_loss": 49.61433677284085, "seconds": 23.247748851776123, "score": 0.17102201913957737, "samples_all_within_1pct": 0.8826, "kernel_rows_within_5pct": 0.9463779808604226, "kernel_median": 0.00604879017919302}
{"epoch": 442, "value_loss": 2.084121999083733, "kernel_loss": 49.37397787522296, "seconds": 23.084120750427246, "score": 0.17244850337994966, "samples_all_within_1pct": 0.8811, "kernel_rows_within_5pct": 0.9464514966200503, "kernel_median": 0.006022700574249029}
{"epoch": 443, "value_loss": 2.3156320130338472, "kernel_loss": 49.40405193640261, "seconds": 22.829707860946655, "score": 0.16871475853936724, "samples_all_within_1pct": 0.8845, "kernel_rows_within_5pct": 0.9467852414606328, "kernel_median": 0.006004691123962402}
{"epoch": 444, "value_loss": 2.195081485777485, "kernel_loss": 49.02067163039227, "seconds": 21.770477056503296, "score": 0.16791718493536778, "samples_all_within_1pct": 0.8851, "kernel_rows_within_5pct": 0.9469828150646322, "kernel_median": 0.006224051117897034}
{"epoch": 445, "value_loss": 2.1318037072006537, "kernel_loss": 49.272760994580324, "seconds": 23.05924701690674, "score": 0.161758208963952, "samples_all_within_1pct": 0.891, "kernel_rows_within_5pct": 0.947241791036048, "kernel_median": 0.0058957431465387344}
{"epoch": 446, "value_loss": 2.1229244610484765, "kernel_loss": 49.40549729794872, "seconds": 22.73023819923401, "score": 0.166376587903859, "samples_all_within_1pct": 0.8864, "kernel_rows_within_5pct": 0.947223412096141, "kernel_median": 0.005892072804272175}
{"epoch": 447, "value_loss": 2.0494829391946596, "kernel_loss": 48.83843110532177, "seconds": 22.654227018356323, "score": 0.16219287832786744, "samples_all_within_1pct": 0.8906, "kernel_rows_within_5pct": 0.9472071216721326, "kernel_median": 0.005933278705924749}
{"epoch": 448, "value_loss": 2.0985244737595927, "kernel_loss": 49.16292953491211, "seconds": 23.976017713546753, "score": 0.16458511090750405, "samples_all_within_1pct": 0.8881, "kernel_rows_within_5pct": 0.947314889092496, "kernel_median": 0.006029214709997177}
{"epoch": 449, "value_loss": 2.0029813726337586, "kernel_loss": 48.84335169500234, "seconds": 23.18832015991211, "score": 0.16420215691479423, "samples_all_within_1pct": 0.8883, "kernel_rows_within_5pct": 0.9474978430852058, "kernel_median": 0.0059705800376832485}
{"epoch": 450, "value_loss": 2.0277488681734823, "kernel_loss": 48.387631766650145, "seconds": 20.955883979797363, "score": 0.17169380285120006, "samples_all_within_1pct": 0.8808, "kernel_rows_within_5pct": 0.9475061971487999, "kernel_median": 0.0059599201194942}
{"epoch": 451, "value_loss": 2.1473213896459464, "kernel_loss": 48.654268420472434, "seconds": 23.69423794746399, "score": 0.1585611820916445, "samples_all_within_1pct": 0.8938, "kernel_rows_within_5pct": 0.9476388179083555, "kernel_median": 0.005895262584090233}
{"epoch": 452, "value_loss": 2.1495212790917377, "kernel_loss": 47.98291977084413, "seconds": 21.980348348617554, "score": 0.16242459315188162, "samples_all_within_1pct": 0.8898, "kernel_rows_within_5pct": 0.9477754068481183, "kernel_median": 0.0059877969324588776}
{"epoch": 453, "value_loss": 2.0040849124898714, "kernel_loss": 48.43454944844149, "seconds": 23.04790449142456, "score": 0.15901219108500275, "samples_all_within_1pct": 0.893, "kernel_rows_within_5pct": 0.9479878089149972, "kernel_median": 0.005845735780894756}
{"epoch": 454, "value_loss": 1.937596138034548, "kernel_loss": 48.02754550077477, "seconds": 23.535991430282593, "score": 0.15830872043105293, "samples_all_within_1pct": 0.8939, "kernel_rows_within_5pct": 0.947791279568947, "kernel_median": 0.005843876861035824}
{"epoch": 455, "value_loss": 2.024067689569629, "kernel_loss": 48.651775729899505, "seconds": 22.69980001449585, "score": 0.16293282748085924, "samples_all_within_1pct": 0.889, "kernel_rows_within_5pct": 0.9480671725191407, "kernel_median": 0.0058396970853209496}
{"epoch": 456, "value_loss": 1.9223098949510224, "kernel_loss": 47.70912610268106, "seconds": 22.107924222946167, "score": 0.15907497559047035, "samples_all_within_1pct": 0.8928, "kernel_rows_within_5pct": 0.9481250244095296, "kernel_median": 0.005885114427655935}
{"epoch": 457, "value_loss": 2.0185786388358293, "kernel_loss": 47.67334169271041, "seconds": 22.304262161254883, "score": 0.15410705891222998, "samples_all_within_1pct": 0.8976, "kernel_rows_within_5pct": 0.9482929410877701, "kernel_median": 0.00578686548396945}
{"epoch": 458, "value_loss": 1.9299097766681594, "kernel_loss": 47.96391352828668, "seconds": 23.42103409767151, "score": 0.15578767562591256, "samples_all_within_1pct": 0.896, "kernel_rows_within_5pct": 0.9482123243740874, "kernel_median": 0.005766392685472965}
{"epoch": 459, "value_loss": 1.9572458036091862, "kernel_loss": 47.711480335313446, "seconds": 22.314534425735474, "score": 0.15555605921276738, "samples_all_within_1pct": 0.896, "kernel_rows_within_5pct": 0.9484439407872326, "kernel_median": 0.005742121487855911}
{"epoch": 460, "value_loss": 1.8946609673451404, "kernel_loss": 47.78558888727305, "seconds": 23.397653579711914, "score": 0.1553902217565296, "samples_all_within_1pct": 0.8965, "kernel_rows_within_5pct": 0.9481097782434704, "kernel_median": 0.005845774430781603}
{"epoch": 461, "value_loss": 1.8977540409078404, "kernel_loss": 47.7988351705123, "seconds": 23.46751117706299, "score": 0.156430121704087, "samples_all_within_1pct": 0.895, "kernel_rows_within_5pct": 0.948569878295913, "kernel_median": 0.005727409850805998}
{"epoch": 462, "value_loss": 1.9032724645673011, "kernel_loss": 47.54052927056137, "seconds": 22.16193962097168, "score": 0.15369590995489013, "samples_all_within_1pct": 0.8978, "kernel_rows_within_5pct": 0.9485040900451098, "kernel_median": 0.005717382300645113}
{"epoch": 463, "value_loss": 1.9690151245010143, "kernel_loss": 46.87883231104637, "seconds": 23.696164846420288, "score": 0.15228601410708942, "samples_all_within_1pct": 0.899, "kernel_rows_within_5pct": 0.9487139858929106, "kernel_median": 0.005715522915124893}
{"epoch": 464, "value_loss": 1.8573814989352713, "kernel_loss": 47.21923707456005, "seconds": 23.669692993164062, "score": 0.1528324190715754, "samples_all_within_1pct": 0.8986, "kernel_rows_within_5pct": 0.9485675809284246, "kernel_median": 0.00571610638871789}
{"epoch": 465, "value_loss": 1.8324271148564863, "kernel_loss": 47.43441379313566, "seconds": 22.915780305862427, "score": 0.1551486296725061, "samples_all_within_1pct": 0.8961, "kernel_rows_within_5pct": 0.9487513703274939, "kernel_median": 0.005720946472138166}
{"epoch": 466, "value_loss": 1.8381227394756006, "kernel_loss": 47.29110007383385, "seconds": 23.422497749328613, "score": 0.15454236412481048, "samples_all_within_1pct": 0.8967, "kernel_rows_within_5pct": 0.9487576358751895, "kernel_median": 0.005748696159571409}
{"epoch": 467, "value_loss": 1.84151520960185, "kernel_loss": 47.50139131351393, "seconds": 23.08805513381958, "score": 0.15748713818811633, "samples_all_within_1pct": 0.894, "kernel_rows_within_5pct": 0.9485128618118837, "kernel_median": 0.00568788405507803}
{"epoch": 468, "value_loss": 1.8346750809221852, "kernel_loss": 46.95311688403694, "seconds": 22.43980312347412, "score": 0.15243835603306455, "samples_all_within_1pct": 0.8987, "kernel_rows_within_5pct": 0.9488616439669354, "kernel_median": 0.005688673350960016}
{"epoch": 469, "value_loss": 1.8028447944290784, "kernel_loss": 47.281098443634654, "seconds": 24.220794439315796, "score": 0.15341559120977066, "samples_all_within_1pct": 0.8977, "kernel_rows_within_5pct": 0.9488844087902293, "kernel_median": 0.005662146490067244}
{"epoch": 470, "value_loss": 1.7998376811037258, "kernel_loss": 46.988545086919046, "seconds": 23.438122272491455, "score": 0.15399290620955464, "samples_all_within_1pct": 0.8973, "kernel_rows_within_5pct": 0.9487070937904454, "kernel_median": 0.00566922826692462}
{"epoch": 471, "value_loss": 1.7954558334788497, "kernel_loss": 47.006679787927744, "seconds": 22.001752376556396, "score": 0.15258447232288297, "samples_all_within_1pct": 0.8985, "kernel_rows_within_5pct": 0.9489155276771171, "kernel_median": 0.005649563390761614}
{"epoch": 472, "value_loss": 1.7989469523332557, "kernel_loss": 47.081038338797434, "seconds": 22.413254261016846, "score": 0.150408281404126, "samples_all_within_1pct": 0.9007, "kernel_rows_within_5pct": 0.9488917185958741, "kernel_median": 0.005696961656212807}
{"epoch": 473, "value_loss": 1.7890027244480289, "kernel_loss": 46.4752170796297, "seconds": 22.481025218963623, "score": 0.15224433290609252, "samples_all_within_1pct": 0.8987, "kernel_rows_within_5pct": 0.9490556670939074, "kernel_median": 0.005643388256430626}
{"epoch": 474, "value_loss": 1.7693938904879045, "kernel_loss": 46.77858076290209, "seconds": 23.073588371276855, "score": 0.1510994298142745, "samples_all_within_1pct": 0.8998, "kernel_rows_within_5pct": 0.9491005701857255, "kernel_median": 0.005637347232550383}
{"epoch": 475, "value_loss": 1.771524361201695, "kernel_loss": 46.70032756182612, "seconds": 23.23693037033081, "score": 0.15400628200520083, "samples_all_within_1pct": 0.8968, "kernel_rows_within_5pct": 0.9491937179947991, "kernel_median": 0.0056589525192976}
{"epoch": 476, "value_loss": 1.764882478178764, "kernel_loss": 46.75138006404955, "seconds": 22.93453288078308, "score": 0.1507179377826937, "samples_all_within_1pct": 0.9, "kernel_rows_within_5pct": 0.9492820622173063, "kernel_median": 0.005619887262582779}
{"epoch": 477, "value_loss": 1.7539860399401919, "kernel_loss": 46.665601963899576, "seconds": 23.14708709716797, "score": 0.15225657532681625, "samples_all_within_1pct": 0.8985, "kernel_rows_within_5pct": 0.9492434246731838, "kernel_median": 0.005616666283458471}
{"epoch": 478, "value_loss": 1.7538122115086536, "kernel_loss": 46.88083350901701, "seconds": 23.587194681167603, "score": 0.15168226407236796, "samples_all_within_1pct": 0.8991, "kernel_rows_within_5pct": 0.949217735927632, "kernel_median": 0.005611115600913763}
{"epoch": 479, "value_loss": 1.7529713176951116, "kernel_loss": 46.5681332568733, "seconds": 22.860933303833008, "score": 0.14984567513260505, "samples_all_within_1pct": 0.9008, "kernel_rows_within_5pct": 0.9493543248673949, "kernel_median": 0.005629120860248804}
{"epoch": 480, "value_loss": 1.75016058890187, "kernel_loss": 46.83363896973279, "seconds": 23.79111671447754, "score": 0.15065319378983977, "samples_all_within_1pct": 0.9, "kernel_rows_within_5pct": 0.9493468062101602, "kernel_median": 0.005593377165496349}
{"epoch": 481, "value_loss": 1.7408138136474454, "kernel_loss": 46.4505845089348, "seconds": 23.30386257171631, "score": 0.15131560050366655, "samples_all_within_1pct": 0.8993, "kernel_rows_within_5pct": 0.9493843994963335, "kernel_median": 0.00559464143589139}
{"epoch": 482, "value_loss": 1.7432662449320968, "kernel_loss": 46.63089857296068, "seconds": 24.452274560928345, "score": 0.15049743041534946, "samples_all_within_1pct": 0.9001, "kernel_rows_within_5pct": 0.9494025695846505, "kernel_median": 0.0055875955149531364}
{"epoch": 483, "value_loss": 1.7399362058055645, "kernel_loss": 46.59204265049526, "seconds": 23.691566944122314, "score": 0.14985043880763294, "samples_all_within_1pct": 0.9007, "kernel_rows_within_5pct": 0.9494495611923671, "kernel_median": 0.00559640396386385}
{"epoch": 484, "value_loss": 1.7409694839497, "kernel_loss": 46.65714575319874, "seconds": 22.730846643447876, "score": 0.15027278592774695, "samples_all_within_1pct": 0.9003, "kernel_rows_within_5pct": 0.9494272140722531, "kernel_median": 0.005585710052400827}
{"epoch": 485, "value_loss": 1.7366024164520963, "kernel_loss": 46.87408801487514, "seconds": 23.37377667427063, "score": 0.14949885246493955, "samples_all_within_1pct": 0.901, "kernel_rows_within_5pct": 0.9495011475350604, "kernel_median": 0.005574456416070461}
{"epoch": 486, "value_loss": 1.7267823286202488, "kernel_loss": 46.805106746907136, "seconds": 22.794835805892944, "score": 0.15023769886065197, "samples_all_within_1pct": 0.9003, "kernel_rows_within_5pct": 0.949462301139348, "kernel_median": 0.005577201955020428}
{"epoch": 487, "value_loss": 1.7248031192896318, "kernel_loss": 46.66481808253697, "seconds": 22.77973961830139, "score": 0.14932245269459277, "samples_all_within_1pct": 0.9012, "kernel_rows_within_5pct": 0.9494775473054072, "kernel_median": 0.005575411021709442}
{"epoch": 488, "value_loss": 1.7259149095233606, "kernel_loss": 46.55302804830123, "seconds": 23.178277730941772, "score": 0.1495084596380727, "samples_all_within_1pct": 0.901, "kernel_rows_within_5pct": 0.9494915403619273, "kernel_median": 0.005571731831878424}
{"epoch": 489, "value_loss": 1.7203370509098987, "kernel_loss": 46.45200303136086, "seconds": 22.79596495628357, "score": 0.14922412350731162, "samples_all_within_1pct": 0.9013, "kernel_rows_within_5pct": 0.9494758764926884, "kernel_median": 0.005566925276070833}
{"epoch": 490, "value_loss": 1.7221585804102373, "kernel_loss": 46.14343362925004, "seconds": 23.57055163383484, "score": 0.14907399912574726, "samples_all_within_1pct": 0.9014, "kernel_rows_within_5pct": 0.9495260008742528, "kernel_median": 0.005570846144109964}
{"epoch": 491, "value_loss": 1.7211705494900138, "kernel_loss": 46.48233067259497, "seconds": 22.83046841621399, "score": 0.14954935463814478, "samples_all_within_1pct": 0.9009, "kernel_rows_within_5pct": 0.9495506453618552, "kernel_median": 0.005570180248469114}
{"epoch": 492, "value_loss": 1.7248457731032858, "kernel_loss": 46.5050535980536, "seconds": 22.04521369934082, "score": 0.14886460080420394, "samples_all_within_1pct": 0.9016, "kernel_rows_within_5pct": 0.9495353991957961, "kernel_median": 0.005566018167883158}
{"epoch": 493, "value_loss": 1.7197212966120974, "kernel_loss": 46.12913569625543, "seconds": 22.79450750350952, "score": 0.14956313884307493, "samples_all_within_1pct": 0.9009, "kernel_rows_within_5pct": 0.949536861156925, "kernel_median": 0.00556257925927639}
{"epoch": 494, "value_loss": 1.721431696901516, "kernel_loss": 46.39415849958147, "seconds": 22.840868949890137, "score": 0.14861388977940881, "samples_all_within_1pct": 0.9019, "kernel_rows_within_5pct": 0.9494861102205912, "kernel_median": 0.005566576961427927}
{"epoch": 495, "value_loss": 1.7193557540981137, "kernel_loss": 46.6421800340925, "seconds": 22.509987831115723, "score": 0.14916063262399681, "samples_all_within_1pct": 0.9013, "kernel_rows_within_5pct": 0.9495393673760032, "kernel_median": 0.005560235120356083}
{"epoch": 496, "value_loss": 1.7159644620759147, "kernel_loss": 46.77531388341164, "seconds": 21.474796772003174, "score": 0.14865749985014898, "samples_all_within_1pct": 0.9018, "kernel_rows_within_5pct": 0.949542500149851, "kernel_median": 0.005555431358516216}
{"epoch": 497, "value_loss": 1.7158546733612916, "kernel_loss": 46.56470197560836, "seconds": 24.028615713119507, "score": 0.14852784292439003, "samples_all_within_1pct": 0.9019, "kernel_rows_within_5pct": 0.9495721570756099, "kernel_median": 0.005553990136831999}
{"epoch": 498, "value_loss": 1.7116483176241115, "kernel_loss": 46.69338210748167, "seconds": 23.40632915496826, "score": 0.1488276340728003, "samples_all_within_1pct": 0.9016, "kernel_rows_within_5pct": 0.9495723659271997, "kernel_median": 0.005553760565817356}
{"epoch": 499, "value_loss": 1.7072915568643687, "kernel_loss": 46.32509517669678, "seconds": 23.39366364479065, "score": 0.14941928000920612, "samples_all_within_1pct": 0.901, "kernel_rows_within_5pct": 0.9495807199907939, "kernel_median": 0.005553443916141987}
runs/kernel-wide-pf/best.pt
[2026-10-09 12:38:26] stage 3: evaluation and figures -> results/forward-kernel-wide-pf
{"base": {"samples_all_within_1pct": 0.96674, "points_within_1pct": 0.9997545531825734, "max_relative_error": 0.06437602639198303, "kernel_rows_within_5pct": 0.9212895259744356, "kernel_median": 0.00740455836057663}}
{"finetuned": {"samples_all_within_1pct": 0.96344, "points_within_1pct": 0.999776107055581, "max_relative_error": 0.08993396908044815, "kernel_rows_within_5pct": 0.952705420615557, "kernel_median": 0.009334494359791279}}
/home/smbu/swave/scripts/evaluate_forward_kernels.py:255: UserWarning: Creating legend with loc="best" can be slow with large amounts of data.
  figure.tight_layout()
/home/smbu/swave/scripts/evaluate_forward_kernels.py:256: UserWarning: Creating legend with loc="best" can be slow with large amounts of data.
  figure.savefig(output)
[2026-10-09 12:40:34] stage 4: acceptance check
model       curves<=1%  points<=1%  max rel  kernel<=5%  kernel med
base          96.6740%    99.9755%   6.438%    92.1290%      0.740%
finetuned     96.3440%    99.9776%   8.993%    95.2705%      0.933%
ACCEPTANCE: NOT YET (see runbook: tuning)
[2026-10-09 12:40:34] done. Report back: runs/kernel-wide-pf.log and results/forward-kernel-wide-pf/summary.json
