nohup: ignoring input
[2026-10-08 08:49:39] stage 0: preflight
.........                                                                [100%]
9 passed in 0.74s
[2026-10-08 08:49:46] stage 1: physical sensitivity-kernel labels -> data/kernels
[2026-10-08 08:49:47] stage 2: Sobolev fine-tuning on cuda -> runs/kernel-wide-kw3
{"epoch": -1, "score": 2.0}
{"epoch": 0, "value_loss": 46923.03021613919, "kernel_loss": 4655.080062866211, "seconds": 24.2599880695343, "score": 1.826920092755168, "samples_all_within_1pct": 0.0, "kernel_rows_within_5pct": 0.1730799072448319, "kernel_median": 0.0951610803604126}
{"epoch": 1, "value_loss": 1100.6545341647402, "kernel_loss": 765.6478950344787, "seconds": 23.570171117782593, "score": 1.5893288533274967, "samples_all_within_1pct": 0.0, "kernel_rows_within_5pct": 0.4106711466725034, "kernel_median": 0.06071174517273903}
{"epoch": 2, "value_loss": 976.1173189124282, "kernel_loss": 564.8960297253667, "seconds": 23.362229347229004, "score": 1.4623855153903782, "samples_all_within_1pct": 0.0, "kernel_rows_within_5pct": 0.5376144846096219, "kernel_median": 0.04613600671291351}
{"epoch": 3, "value_loss": 950.4910026083187, "kernel_loss": 445.65548581493147, "seconds": 23.680715799331665, "score": 1.4236095026637976, "samples_all_within_1pct": 0.0, "kernel_rows_within_5pct": 0.5763904973362024, "kernel_median": 0.043566666543483734}
{"epoch": 4, "value_loss": 837.6496988413285, "kernel_loss": 405.3476006644113, "seconds": 21.58841109275818, "score": 1.7784986870544803, "samples_all_within_1pct": 0.0, "kernel_rows_within_5pct": 0.2215013129455196, "kernel_median": 0.09316494315862656}
{"epoch": 5, "value_loss": 770.7994487528898, "kernel_loss": 441.31721356450294, "seconds": 24.215198278427124, "score": 1.9065948857675785, "samples_all_within_1pct": 0.0, "kernel_rows_within_5pct": 0.09340511423242133, "kernel_median": 0.13872310519218445}
{"epoch": 6, "value_loss": 634.4636242924904, "kernel_loss": 356.236383087781, "seconds": 22.987247943878174, "score": 1.745579081758923, "samples_all_within_1pct": 0.0, "kernel_rows_within_5pct": 0.254420918241077, "kernel_median": 0.08133762329816818}
{"epoch": 7, "value_loss": 644.6215526035854, "kernel_loss": 338.7842538016183, "seconds": 24.27068042755127, "score": 1.6646213134300554, "samples_all_within_1pct": 0.0, "kernel_rows_within_5pct": 0.3353786865699447, "kernel_median": 0.06581653654575348}
{"epoch": 8, "value_loss": 599.069098492058, "kernel_loss": 299.90716879708424, "seconds": 23.477782726287842, "score": 1.7297999264424702, "samples_all_within_1pct": 0.0, "kernel_rows_within_5pct": 0.27020007355752995, "kernel_median": 0.08249758929014206}
{"epoch": 9, "value_loss": 629.9410379370864, "kernel_loss": 283.1310915265764, "seconds": 23.542535066604614, "score": 1.6728639093383602, "samples_all_within_1pct": 0.0148, "kernel_rows_within_5pct": 0.31233609066163975, "kernel_median": 0.06503025442361832}
{"epoch": 10, "value_loss": 449.2544195992606, "kernel_loss": 242.5205086688606, "seconds": 23.89389967918396, "score": 1.241141418486582, "samples_all_within_1pct": 0.0003, "kernel_rows_within_5pct": 0.7585585815134179, "kernel_median": 0.026595693081617355}
{"epoch": 11, "value_loss": 354.15023788140746, "kernel_loss": 210.5959910178671, "seconds": 24.02027702331543, "score": 1.2354398592006122, "samples_all_within_1pct": 0.0, "kernel_rows_within_5pct": 0.7645601407993878, "kernel_median": 0.028895936906337738}
{"epoch": 12, "value_loss": 319.48964741765235, "kernel_loss": 204.45492320158044, "seconds": 23.019638299942017, "score": 1.3064674008983541, "samples_all_within_1pct": 0.0001, "kernel_rows_within_5pct": 0.6934325991016458, "kernel_median": 0.038726527243852615}
{"epoch": 13, "value_loss": 249.05022944236288, "kernel_loss": 173.7445510163599, "seconds": 23.27690100669861, "score": 1.120281390529708, "samples_all_within_1pct": 0.0539, "kernel_rows_within_5pct": 0.8258186094702918, "kernel_median": 0.020352652296423912}
{"epoch": 14, "value_loss": 191.72419174350037, "kernel_loss": 166.2117882553412, "seconds": 23.079055309295654, "score": 1.3777347578125636, "samples_all_within_1pct": 0.0108, "kernel_rows_within_5pct": 0.6114652421874364, "kernel_median": 0.04192569851875305}
{"epoch": 15, "value_loss": 220.57148049802197, "kernel_loss": 157.4341411979831, "seconds": 22.588637828826904, "score": 1.3302632845797144, "samples_all_within_1pct": 0.0, "kernel_rows_within_5pct": 0.6697367154202857, "kernel_median": 0.04030046984553337}
{"epoch": 16, "value_loss": 203.00889275998486, "kernel_loss": 140.78695748776806, "seconds": 21.22199583053589, "score": 1.4081876924175805, "samples_all_within_1pct": 0.0, "kernel_rows_within_5pct": 0.5918123075824196, "kernel_median": 0.04234163463115692}
{"epoch": 17, "value_loss": 162.95140640103088, "kernel_loss": 136.29050718035018, "seconds": 22.8736834526062, "score": 0.9636605583981417, "samples_all_within_1pct": 0.2054, "kernel_rows_within_5pct": 0.8309394416018583, "kernel_median": 0.024767274037003517}
{"epoch": 18, "value_loss": 123.11841383758856, "kernel_loss": 128.67389021114428, "seconds": 22.114367485046387, "score": 1.183475703981275, "samples_all_within_1pct": 0.0, "kernel_rows_within_5pct": 0.8165242960187248, "kernel_median": 0.022513756528496742}
{"epoch": 19, "value_loss": 139.85306085859025, "kernel_loss": 133.51019952735123, "seconds": 23.284448385238647, "score": 1.4371990579122484, "samples_all_within_1pct": 0.0, "kernel_rows_within_5pct": 0.5628009420877516, "kernel_median": 0.04372464492917061}
{"epoch": 20, "value_loss": 127.00296906062535, "kernel_loss": 117.974656669461, "seconds": 23.127432584762573, "score": 1.0285507435429877, "samples_all_within_1pct": 0.2101, "kernel_rows_within_5pct": 0.7613492564570123, "kernel_median": 0.027037030085921288}
{"epoch": 21, "value_loss": 126.63745247587866, "kernel_loss": 112.00840140362175, "seconds": 22.428367853164673, "score": 1.0156172993651538, "samples_all_within_1pct": 0.1863, "kernel_rows_within_5pct": 0.7980827006348462, "kernel_median": 0.025272347033023834}
{"epoch": 22, "value_loss": 123.40244205630556, "kernel_loss": 113.19945934840611, "seconds": 22.926870107650757, "score": 0.9627444948496153, "samples_all_within_1pct": 0.1896, "kernel_rows_within_5pct": 0.8476555051503847, "kernel_median": 0.022047948092222214}
{"epoch": 23, "value_loss": 94.5319909854811, "kernel_loss": 109.67694745744977, "seconds": 22.2758572101593, "score": 1.1066344912970498, "samples_all_within_1pct": 0.0468, "kernel_rows_within_5pct": 0.8465655087029502, "kernel_median": 0.02109815739095211}
{"epoch": 24, "value_loss": 107.26053416972258, "kernel_loss": 105.43953482958736, "seconds": 23.059250593185425, "score": 0.9286951757788964, "samples_all_within_1pct": 0.2005, "kernel_rows_within_5pct": 0.8708048242211036, "kernel_median": 0.016981039196252823}
{"epoch": 25, "value_loss": 104.45869838948153, "kernel_loss": 107.3553875903694, "seconds": 22.376455783843994, "score": 0.9829715318157202, "samples_all_within_1pct": 0.1508, "kernel_rows_within_5pct": 0.8662284681842798, "kernel_median": 0.01877688430249691}
{"epoch": 26, "value_loss": 84.03770612210644, "kernel_loss": 99.89001301356724, "seconds": 22.582940578460693, "score": 1.0667481513814803, "samples_all_within_1pct": 0.0754, "kernel_rows_within_5pct": 0.8578518486185198, "kernel_median": 0.018503980711102486}
{"epoch": 27, "value_loss": 90.39797148412588, "kernel_loss": 97.55558037271305, "seconds": 23.181678771972656, "score": 0.947156376938691, "samples_all_within_1pct": 0.1727, "kernel_rows_within_5pct": 0.880143623061309, "kernel_median": 0.02183159627020359}
{"epoch": 28, "value_loss": 84.19632263572849, "kernel_loss": 99.06031651399573, "seconds": 23.13926076889038, "score": 0.8135733141969583, "samples_all_within_1pct": 0.3524, "kernel_rows_within_5pct": 0.8340266858030416, "kernel_median": 0.02815820276737213}
{"epoch": 29, "value_loss": 83.9441381960499, "kernel_loss": 90.08676445240877, "seconds": 20.969999313354492, "score": 0.9663484848756989, "samples_all_within_1pct": 0.1646, "kernel_rows_within_5pct": 0.8690515151243011, "kernel_median": 0.01697610504925251}
{"epoch": 30, "value_loss": 62.72431100144678, "kernel_loss": 100.595400712928, "seconds": 23.07232165336609, "score": 0.9796741769211057, "samples_all_within_1pct": 0.1691, "kernel_rows_within_5pct": 0.8512258230788943, "kernel_median": 0.024787304922938347}
{"epoch": 31, "value_loss": 83.40870567243927, "kernel_loss": 90.08179049589197, "seconds": 23.047823905944824, "score": 1.0560166831485378, "samples_all_within_1pct": 0.1004, "kernel_rows_within_5pct": 0.843583316851462, "kernel_median": 0.028333423659205437}
{"epoch": 32, "value_loss": 79.42276324058065, "kernel_loss": 83.9813125960681, "seconds": 23.108217000961304, "score": 0.6127838305219472, "samples_all_within_1pct": 0.4953, "kernel_rows_within_5pct": 0.8919161694780527, "kernel_median": 0.016000688076019287}
{"epoch": 33, "value_loss": 67.71361787951723, "kernel_loss": 88.24784039477913, "seconds": 22.420304536819458, "score": 0.5232831547617431, "samples_all_within_1pct": 0.5852, "kernel_rows_within_5pct": 0.8915168452382568, "kernel_median": 0.01625712588429451}
{"epoch": 34, "value_loss": 61.854360259309104, "kernel_loss": 88.4888026373727, "seconds": 23.196162462234497, "score": 0.5015877987021544, "samples_all_within_1pct": 0.6065, "kernel_rows_within_5pct": 0.8919122012978455, "kernel_median": 0.013698221184313297}
{"epoch": 35, "value_loss": 66.1600496233726, "kernel_loss": 84.5923193522862, "seconds": 22.590010166168213, "score": 0.6314989974288281, "samples_all_within_1pct": 0.4921, "kernel_rows_within_5pct": 0.8764010025711719, "kernel_median": 0.02218567579984665}
{"epoch": 36, "value_loss": 60.26551810089423, "kernel_loss": 88.0749148933255, "seconds": 23.71357536315918, "score": 0.8130638972458533, "samples_all_within_1pct": 0.3157, "kernel_rows_within_5pct": 0.8712361027541468, "kernel_median": 0.02198030985891819}
{"epoch": 37, "value_loss": 69.03837253122913, "kernel_loss": 83.13112601455377, "seconds": 23.48003625869751, "score": 0.5828051454139637, "samples_all_within_1pct": 0.5269, "kernel_rows_within_5pct": 0.8902948545860363, "kernel_median": 0.01432632002979517}
{"epoch": 38, "value_loss": 58.67968950466234, "kernel_loss": 84.90451252217196, "seconds": 23.802130460739136, "score": 0.9750326187128101, "samples_all_within_1pct": 0.1533, "kernel_rows_within_5pct": 0.8716673812871899, "kernel_median": 0.01744992472231388}
{"epoch": 39, "value_loss": 51.21701019637439, "kernel_loss": 80.62687400895722, "seconds": 22.358489274978638, "score": 0.9353152567130645, "samples_all_within_1pct": 0.2102, "kernel_rows_within_5pct": 0.8544847432869356, "kernel_median": 0.016726680099964142}
{"epoch": 40, "value_loss": 57.596701018664305, "kernel_loss": 79.28586813868309, "seconds": 23.33987307548523, "score": 0.8522101846477792, "samples_all_within_1pct": 0.2628, "kernel_rows_within_5pct": 0.8849898153522209, "kernel_median": 0.015041991136968136}
{"epoch": 41, "value_loss": 60.513858006925, "kernel_loss": 80.6553820785211, "seconds": 23.19657301902771, "score": 1.0070754201728498, "samples_all_within_1pct": 0.1265, "kernel_rows_within_5pct": 0.8664245798271503, "kernel_median": 0.018211450427770615}
{"epoch": 42, "value_loss": 60.6257072857448, "kernel_loss": 74.22515699814777, "seconds": 22.241591215133667, "score": 0.8298133601526622, "samples_all_within_1pct": 0.3638, "kernel_rows_within_5pct": 0.8063866398473378, "kernel_median": 0.029114097356796265}
{"epoch": 43, "value_loss": 56.83654822135458, "kernel_loss": 80.07463385134326, "seconds": 22.87052607536316, "score": 1.023379668819857, "samples_all_within_1pct": 0.1041, "kernel_rows_within_5pct": 0.872520331180143, "kernel_median": 0.019863151013851166}
{"epoch": 44, "value_loss": 48.85195627017897, "kernel_loss": 74.14352658330178, "seconds": 22.44056248664856, "score": 0.6071232438870705, "samples_all_within_1pct": 0.5087, "kernel_rows_within_5pct": 0.8841767561129295, "kernel_median": 0.01743711344897747}
{"epoch": 45, "value_loss": 47.46093108702679, "kernel_loss": 78.55786171737982, "seconds": 22.760711193084717, "score": 0.649613173063408, "samples_all_within_1pct": 0.4462, "kernel_rows_within_5pct": 0.904186826936592, "kernel_median": 0.015969008207321167}
{"epoch": 46, "value_loss": 51.98613758476413, "kernel_loss": 73.51604529789516, "seconds": 22.385180950164795, "score": 0.9798509151354539, "samples_all_within_1pct": 0.1844, "kernel_rows_within_5pct": 0.8357490848645461, "kernel_median": 0.021870316937565804}
{"epoch": 47, "value_loss": 46.41702135241761, "kernel_loss": 75.9081785824834, "seconds": 23.360863208770752, "score": 0.5156915126473214, "samples_all_within_1pct": 0.5881, "kernel_rows_within_5pct": 0.8962084873526787, "kernel_median": 0.021883150562644005}
{"epoch": 48, "value_loss": 49.345660842194846, "kernel_loss": 71.47045265898413, "seconds": 22.860473155975342, "score": 0.4475408650298689, "samples_all_within_1pct": 0.6439, "kernel_rows_within_5pct": 0.9085591349701311, "kernel_median": 0.013612345792353153}
{"epoch": 49, "value_loss": 44.97600480974937, "kernel_loss": 75.88844931855493, "seconds": 22.751203298568726, "score": 0.37014254348655595, "samples_all_within_1pct": 0.7119, "kernel_rows_within_5pct": 0.9179574565134441, "kernel_median": 0.011852952651679516}
{"epoch": 50, "value_loss": 47.53162987864747, "kernel_loss": 67.33312674931118, "seconds": 22.566741228103638, "score": 0.617412331663008, "samples_all_within_1pct": 0.4967, "kernel_rows_within_5pct": 0.8858876683369921, "kernel_median": 0.016547156497836113}
{"epoch": 51, "value_loss": 43.25882786147449, "kernel_loss": 77.04504838281748, "seconds": 23.516156673431396, "score": 0.4816705979567213, "samples_all_within_1pct": 0.6147, "kernel_rows_within_5pct": 0.9036294020432787, "kernel_median": 0.015446161851286888}
{"epoch": 52, "value_loss": 56.360453172605865, "kernel_loss": 80.67609858999447, "seconds": 22.853886365890503, "score": 0.5623334289316677, "samples_all_within_1pct": 0.5314, "kernel_rows_within_5pct": 0.9062665710683323, "kernel_median": 0.014108792878687382}
{"epoch": 53, "value_loss": 41.31730190588503, "kernel_loss": 70.36724148964396, "seconds": 23.641809463500977, "score": 0.5968046303859431, "samples_all_within_1pct": 0.5069, "kernel_rows_within_5pct": 0.8962953696140569, "kernel_median": 0.020596103742718697}
{"epoch": 54, "value_loss": 41.010239674120534, "kernel_loss": 70.58750323860012, "seconds": 23.350266218185425, "score": 0.28258029750491265, "samples_all_within_1pct": 0.7931, "kernel_rows_within_5pct": 0.9243197024950873, "kernel_median": 0.011100023053586483}
{"epoch": 55, "value_loss": 41.922286792677276, "kernel_loss": 71.63685522274095, "seconds": 22.47130250930786, "score": 0.5956606753132617, "samples_all_within_1pct": 0.4952, "kernel_rows_within_5pct": 0.9091393246867383, "kernel_median": 0.013982106931507587}
{"epoch": 56, "value_loss": 44.769388378882894, "kernel_loss": 66.76704943909937, "seconds": 23.52826714515686, "score": 0.39144182507885716, "samples_all_within_1pct": 0.6888, "kernel_rows_within_5pct": 0.9197581749211429, "kernel_median": 0.012091821059584618}
{"epoch": 57, "value_loss": 39.50491242992635, "kernel_loss": 68.38744729878951, "seconds": 22.645219564437866, "score": 0.31708831642436053, "samples_all_within_1pct": 0.7609, "kernel_rows_within_5pct": 0.9220116835756395, "kernel_median": 0.012951076962053776}
{"epoch": 58, "value_loss": 34.55302031186162, "kernel_loss": 65.61901213198291, "seconds": 22.061641931533813, "score": 0.6458447774467015, "samples_all_within_1pct": 0.4486, "kernel_rows_within_5pct": 0.9055552225532985, "kernel_median": 0.014540552161633968}
{"epoch": 59, "value_loss": 32.35373517931724, "kernel_loss": 69.63078282803906, "seconds": 22.844339609146118, "score": 0.6995440382791548, "samples_all_within_1pct": 0.4077, "kernel_rows_within_5pct": 0.8927559617208453, "kernel_median": 0.01791168376803398}
{"epoch": 60, "value_loss": 38.577109020583485, "kernel_loss": 68.80015698257758, "seconds": 22.288512706756592, "score": 0.8402875614049781, "samples_all_within_1pct": 0.2536, "kernel_rows_within_5pct": 0.9061124385950219, "kernel_median": 0.013164476491510868}
{"epoch": 61, "value_loss": 40.50846470132166, "kernel_loss": 62.842524470115194, "seconds": 23.167661905288696, "score": 0.5737408202103177, "samples_all_within_1pct": 0.5291, "kernel_rows_within_5pct": 0.8971591797896823, "kernel_median": 0.01596243679523468}
{"epoch": 62, "value_loss": 34.00811163260012, "kernel_loss": 69.40540654318673, "seconds": 22.7111554145813, "score": 0.5213822373184792, "samples_all_within_1pct": 0.5623, "kernel_rows_within_5pct": 0.9163177626815208, "kernel_median": 0.01291846577078104}
{"epoch": 63, "value_loss": 40.459071353990204, "kernel_loss": 61.20018349861612, "seconds": 22.557136058807373, "score": 0.3865223461176265, "samples_all_within_1pct": 0.6967, "kernel_rows_within_5pct": 0.9167776538823735, "kernel_median": 0.017721228301525116}
{"epoch": 64, "value_loss": 34.14809108267025, "kernel_loss": 63.236428747371754, "seconds": 23.46237015724182, "score": 0.531891788728238, "samples_all_within_1pct": 0.5548, "kernel_rows_within_5pct": 0.9133082112717621, "kernel_median": 0.02071685902774334}
{"epoch": 65, "value_loss": 30.582795191784296, "kernel_loss": 67.28945337023053, "seconds": 22.632233381271362, "score": 0.7198289534091784, "samples_all_within_1pct": 0.3967, "kernel_rows_within_5pct": 0.8834710465908215, "kernel_median": 0.013825931586325169}
{"epoch": 66, "value_loss": 30.84401111700097, "kernel_loss": 64.32779366629464, "seconds": 23.49561834335327, "score": 0.45201042681119763, "samples_all_within_1pct": 0.6275, "kernel_rows_within_5pct": 0.9204895731888024, "kernel_median": 0.011880298145115376}
{"epoch": 67, "value_loss": 39.9865525547339, "kernel_loss": 61.493586365057496, "seconds": 22.681172847747803, "score": 0.534598755181869, "samples_all_within_1pct": 0.5481, "kernel_rows_within_5pct": 0.917301244818131, "kernel_median": 0.013007231056690216}
{"epoch": 68, "value_loss": 33.73064282962254, "kernel_loss": 62.56218011038644, "seconds": 22.96175765991211, "score": 0.38677237864626157, "samples_all_within_1pct": 0.6947, "kernel_rows_within_5pct": 0.9185276213537384, "kernel_median": 0.011314432136714458}
{"epoch": 69, "value_loss": 31.27107826544314, "kernel_loss": 61.9114158786073, "seconds": 21.005213260650635, "score": 0.5451383998083578, "samples_all_within_1pct": 0.5396, "kernel_rows_within_5pct": 0.9152616001916423, "kernel_median": 0.011062495410442352}
{"epoch": 70, "value_loss": 32.54920432518939, "kernel_loss": 59.61685096974276, "seconds": 23.60309362411499, "score": 0.35804766362947726, "samples_all_within_1pct": 0.7227, "kernel_rows_within_5pct": 0.9192523363705227, "kernel_median": 0.012362789362668991}
{"epoch": 71, "value_loss": 30.518438426815734, "kernel_loss": 61.666014651862945, "seconds": 23.066807746887207, "score": 0.49326732082465474, "samples_all_within_1pct": 0.5839, "kernel_rows_within_5pct": 0.9228326791753453, "kernel_median": 0.01670835353434086}
{"epoch": 72, "value_loss": 30.60341207835139, "kernel_loss": 57.599277866129974, "seconds": 22.322829723358154, "score": 0.4938960105795861, "samples_all_within_1pct": 0.5814, "kernel_rows_within_5pct": 0.9247039894204139, "kernel_median": 0.01285015419125557}
{"epoch": 73, "value_loss": 34.60672513076237, "kernel_loss": 56.46392139123411, "seconds": 22.679850101470947, "score": 0.37998908677344967, "samples_all_within_1pct": 0.7015, "kernel_rows_within_5pct": 0.9185109132265503, "kernel_median": 0.013355993665754795}
{"epoch": 74, "value_loss": 28.269532296122335, "kernel_loss": 66.00940727700993, "seconds": 23.653560400009155, "score": 0.3953401050607037, "samples_all_within_1pct": 0.6853, "kernel_rows_within_5pct": 0.9193598949392963, "kernel_median": 0.0152871860191226}
{"epoch": 75, "value_loss": 31.8747141215266, "kernel_loss": 58.83211727531589, "seconds": 22.865017414093018, "score": 0.5362335328144485, "samples_all_within_1pct": 0.5609, "kernel_rows_within_5pct": 0.9028664671855515, "kernel_median": 0.014964602887630463}
{"epoch": 76, "value_loss": 28.45705669266837, "kernel_loss": 59.00187433982382, "seconds": 23.091979026794434, "score": 0.5965366688463811, "samples_all_within_1pct": 0.4802, "kernel_rows_within_5pct": 0.9232633311536189, "kernel_median": 0.01966944709420204}
{"epoch": 77, "value_loss": 33.6753893433785, "kernel_loss": 57.26156882850491, "seconds": 23.49800205230713, "score": 0.8064210323367005, "samples_all_within_1pct": 0.2913, "kernel_rows_within_5pct": 0.9022789676632995, "kernel_median": 0.018580587580800056}
{"epoch": 78, "value_loss": 30.268865298251715, "kernel_loss": 59.0803848383378, "seconds": 23.123283624649048, "score": 0.4076191373426852, "samples_all_within_1pct": 0.6707, "kernel_rows_within_5pct": 0.9216808626573149, "kernel_median": 0.011116432026028633}
{"epoch": 79, "value_loss": 32.31211257954033, "kernel_loss": 56.08820882135508, "seconds": 22.682898998260498, "score": 0.4539886226007912, "samples_all_within_1pct": 0.63, "kernel_rows_within_5pct": 0.9160113773992088, "kernel_median": 0.018229881301522255}
{"epoch": 80, "value_loss": 29.028214822010117, "kernel_loss": 54.72527040754046, "seconds": 22.129115104675293, "score": 0.3491246259833517, "samples_all_within_1pct": 0.7283, "kernel_rows_within_5pct": 0.9225753740166484, "kernel_median": 0.011532012373209}
{"epoch": 81, "value_loss": 26.66210773526406, "kernel_loss": 57.40835528471032, "seconds": 23.496031999588013, "score": 0.37323436492095285, "samples_all_within_1pct": 0.7061, "kernel_rows_within_5pct": 0.9206656350790472, "kernel_median": 0.013219012878835201}
{"epoch": 82, "value_loss": 28.096494767130636, "kernel_loss": 56.55617680841563, "seconds": 22.336183309555054, "score": 0.3984945650341921, "samples_all_within_1pct": 0.6894, "kernel_rows_within_5pct": 0.9121054349658079, "kernel_median": 0.017834918573498726}
{"epoch": 83, "value_loss": 26.48648660523551, "kernel_loss": 53.807428437836315, "seconds": 23.54624915122986, "score": 0.3424689435179672, "samples_all_within_1pct": 0.7283, "kernel_rows_within_5pct": 0.9292310564820329, "kernel_median": 0.013356663286685944}
{"epoch": 84, "value_loss": 30.02072110954596, "kernel_loss": 56.44351466821165, "seconds": 22.954996347427368, "score": 0.6161897931512968, "samples_all_within_1pct": 0.4655, "kernel_rows_within_5pct": 0.9183102068487031, "kernel_median": 0.018251772969961166}
{"epoch": 85, "value_loss": 31.258732815178075, "kernel_loss": 56.0770848721874, "seconds": 22.77861189842224, "score": 0.43262675332476075, "samples_all_within_1pct": 0.6517, "kernel_rows_within_5pct": 0.9156732466752393, "kernel_median": 0.011425178498029709}
{"epoch": 86, "value_loss": 29.97246812800972, "kernel_loss": 50.683817698031056, "seconds": 23.362427949905396, "score": 0.32103511503232285, "samples_all_within_1pct": 0.7539, "kernel_rows_within_5pct": 0.9250648849676771, "kernel_median": 0.015165644697844982}
{"epoch": 87, "value_loss": 25.360195797316884, "kernel_loss": 53.2172918708957, "seconds": 23.149686574935913, "score": 0.4803047265829854, "samples_all_within_1pct": 0.598, "kernel_rows_within_5pct": 0.9216952734170146, "kernel_median": 0.013041865080595016}
{"epoch": 88, "value_loss": 25.168519054140365, "kernel_loss": 51.0006012235369, "seconds": 23.369677782058716, "score": 0.630220505884498, "samples_all_within_1pct": 0.5138, "kernel_rows_within_5pct": 0.855979494115502, "kernel_median": 0.029252782464027405}
{"epoch": 89, "value_loss": 25.38436297494538, "kernel_loss": 53.84142741378473, "seconds": 22.69538450241089, "score": 0.2665032553279607, "samples_all_within_1pct": 0.8123, "kernel_rows_within_5pct": 0.9211967446720393, "kernel_median": 0.0149212796241045}
{"epoch": 90, "value_loss": 24.26022712065249, "kernel_loss": 56.263068199157715, "seconds": 22.979918241500854, "score": 0.28383952879739704, "samples_all_within_1pct": 0.7896, "kernel_rows_within_5pct": 0.926560471202603, "kernel_median": 0.014753690920770168}
{"epoch": 91, "value_loss": 26.60476208219723, "kernel_loss": 51.650072798437, "seconds": 22.613491773605347, "score": 0.44202072451034224, "samples_all_within_1pct": 0.6408, "kernel_rows_within_5pct": 0.9171792754896577, "kernel_median": 0.01672137901186943}
{"epoch": 92, "value_loss": 27.506966697926423, "kernel_loss": 56.44831287617586, "seconds": 23.14704465866089, "score": 0.293409837432011, "samples_all_within_1pct": 0.7841, "kernel_rows_within_5pct": 0.922490162567989, "kernel_median": 0.015878286212682724}
{"epoch": 93, "value_loss": 21.82156796601354, "kernel_loss": 51.762638092041016, "seconds": 22.871976137161255, "score": 0.33900562431065917, "samples_all_within_1pct": 0.7337, "kernel_rows_within_5pct": 0.9272943756893408, "kernel_median": 0.011846124194562435}
{"epoch": 94, "value_loss": 28.93652043050649, "kernel_loss": 50.90223022383086, "seconds": 22.860299825668335, "score": 0.6834500938474618, "samples_all_within_1pct": 0.3924, "kernel_rows_within_5pct": 0.9241499061525381, "kernel_median": 0.022535143420100212}
{"epoch": 95, "value_loss": 24.145213122270544, "kernel_loss": 54.368182766194245, "seconds": 22.361562728881836, "score": 0.32131484987016745, "samples_all_within_1pct": 0.7562, "kernel_rows_within_5pct": 0.9224851501298326, "kernel_median": 0.012326505035161972}
{"epoch": 96, "value_loss": 25.945976702534423, "kernel_loss": 49.96881981285251, "seconds": 23.026773691177368, "score": 0.2990817939056689, "samples_all_within_1pct": 0.7725, "kernel_rows_within_5pct": 0.9284182060943311, "kernel_median": 0.012209302745759487}
{"epoch": 97, "value_loss": 24.41386056676203, "kernel_loss": 50.54239170891898, "seconds": 21.890421390533447, "score": 0.2838484323286389, "samples_all_within_1pct": 0.7915, "kernel_rows_within_5pct": 0.9246515676713611, "kernel_median": 0.010556936264038086}
{"epoch": 98, "value_loss": 21.937313257431498, "kernel_loss": 50.925317861595936, "seconds": 22.07121253013611, "score": 0.4511967317232407, "samples_all_within_1pct": 0.628, "kernel_rows_within_5pct": 0.9208032682767593, "kernel_median": 0.016693150624632835}
{"epoch": 99, "value_loss": 24.294858582165777, "kernel_loss": 52.94965656436219, "seconds": 23.78092336654663, "score": 0.2622129991735742, "samples_all_within_1pct": 0.807, "kernel_rows_within_5pct": 0.9307870008264257, "kernel_median": 0.015366366133093834}
{"epoch": 100, "value_loss": 24.612312910508138, "kernel_loss": 51.31846343254556, "seconds": 22.744503259658813, "score": 0.27400837382095444, "samples_all_within_1pct": 0.7946, "kernel_rows_within_5pct": 0.9313916261790456, "kernel_median": 0.010772237554192543}
{"epoch": 101, "value_loss": 21.782378641926513, "kernel_loss": 49.2615311972949, "seconds": 22.605927228927612, "score": 0.4384969148651998, "samples_all_within_1pct": 0.6286, "kernel_rows_within_5pct": 0.9329030851348001, "kernel_median": 0.011257462203502655}
{"epoch": 102, "value_loss": 25.831875540772263, "kernel_loss": 48.900261470249724, "seconds": 22.631520748138428, "score": 0.30386048613549166, "samples_all_within_1pct": 0.7792, "kernel_rows_within_5pct": 0.9169395138645083, "kernel_median": 0.012306589633226395}
{"epoch": 103, "value_loss": 26.225582161728216, "kernel_loss": 46.94248491404008, "seconds": 20.90826153755188, "score": 0.3866794648345091, "samples_all_within_1pct": 0.6911, "kernel_rows_within_5pct": 0.9222205351654909, "kernel_median": 0.013672837056219578}
{"epoch": 104, "value_loss": 48.9805963769251, "kernel_loss": 68.12371129405741, "seconds": 23.188522815704346, "score": 1.2748156625534737, "samples_all_within_1pct": 0.0219, "kernel_rows_within_5pct": 0.7032843374465262, "kernel_median": 0.034964267164468765}
{"epoch": 105, "value_loss": 38.95121015334616, "kernel_loss": 60.359932023651744, "seconds": 22.55901074409485, "score": 0.35033935221337775, "samples_all_within_1pct": 0.7326, "kernel_rows_within_5pct": 0.9170606477866222, "kernel_median": 0.015617823228240013}
{"epoch": 106, "value_loss": 19.068107386024632, "kernel_loss": 49.79099207508321, "seconds": 23.196709871292114, "score": 0.304975338094175, "samples_all_within_1pct": 0.7656, "kernel_rows_within_5pct": 0.9294246619058251, "kernel_median": 0.011451049707829952}
{"epoch": 107, "value_loss": 23.754500133650644, "kernel_loss": 48.837408854036916, "seconds": 23.138909816741943, "score": 0.22673872783066473, "samples_all_within_1pct": 0.8426, "kernel_rows_within_5pct": 0.9306612721693353, "kernel_median": 0.010977544821798801}
{"epoch": 108, "value_loss": 627.9700390903317, "kernel_loss": 12455.306075825983, "seconds": 22.64456558227539, "score": 0.6276488549816013, "samples_all_within_1pct": 0.4744, "kernel_rows_within_5pct": 0.8979511450183988, "kernel_median": 0.01893690973520279}
{"epoch": 109, "value_loss": 38.17095503758411, "kernel_loss": 63.67543652592873, "seconds": 22.910457611083984, "score": 0.31042774399139195, "samples_all_within_1pct": 0.7633, "kernel_rows_within_5pct": 0.9262722560086081, "kernel_median": 0.014129389077425003}
{"epoch": 110, "value_loss": 20.679480786226232, "kernel_loss": 55.95580139938666, "seconds": 22.347522020339966, "score": 0.25240194206916367, "samples_all_within_1pct": 0.8184, "kernel_rows_within_5pct": 0.9291980579308363, "kernel_median": 0.013711219653487206}
{"epoch": 111, "value_loss": 24.433643307004655, "kernel_loss": 52.10325143775162, "seconds": 23.225497007369995, "score": 0.3225813975262365, "samples_all_within_1pct": 0.7501, "kernel_rows_within_5pct": 0.9273186024737635, "kernel_median": 0.009720319882035255}
{"epoch": 112, "value_loss": 16.623354826654708, "kernel_loss": 50.93984021945875, "seconds": 21.138280868530273, "score": 1.036137352856223, "samples_all_within_1pct": 0.0847, "kernel_rows_within_5pct": 0.879162647143777, "kernel_median": 0.01747509278357029}
{"epoch": 113, "value_loss": 27.1864173071725, "kernel_loss": 47.00280391926668, "seconds": 23.454228401184082, "score": 0.20648000444436188, "samples_all_within_1pct": 0.858, "kernel_rows_within_5pct": 0.9355199955556381, "kernel_median": 0.009456734172999859}
{"epoch": 114, "value_loss": 19.086792714741765, "kernel_loss": 48.922548975263325, "seconds": 22.586851119995117, "score": 0.33193527194252237, "samples_all_within_1pct": 0.7413, "kernel_rows_within_5pct": 0.9267647280574777, "kernel_median": 0.01402208860963583}
{"epoch": 115, "value_loss": 22.04599211167316, "kernel_loss": 50.22301705029546, "seconds": 22.561792373657227, "score": 0.4803501949942869, "samples_all_within_1pct": 0.5968, "kernel_rows_within_5pct": 0.9228498050057131, "kernel_median": 0.00962147954851389}
{"epoch": 116, "value_loss": 27.62147860381068, "kernel_loss": 45.867413151020905, "seconds": 22.78831148147583, "score": 0.19988754168938794, "samples_all_within_1pct": 0.8636, "kernel_rows_within_5pct": 0.936512458310612, "kernel_median": 0.010704201646149158}
{"epoch": 117, "value_loss": 18.6597859543197, "kernel_loss": 45.70852233925644, "seconds": 20.922603845596313, "score": 0.9907683333789326, "samples_all_within_1pct": 0.0926, "kernel_rows_within_5pct": 0.9166316666210674, "kernel_median": 0.0160384401679039}
{"epoch": 118, "value_loss": 27.334896515826788, "kernel_loss": 48.14924105819391, "seconds": 23.07251811027527, "score": 0.24068146093357912, "samples_all_within_1pct": 0.8196, "kernel_rows_within_5pct": 0.9397185390664209, "kernel_median": 0.010304844006896019}
{"epoch": 119, "value_loss": 24.853517602901068, "kernel_loss": 42.485237724927, "seconds": 22.749325037002563, "score": 0.8912367109717468, "samples_all_within_1pct": 0.2102, "kernel_rows_within_5pct": 0.8985632890282532, "kernel_median": 0.011747968383133411}
{"epoch": 120, "value_loss": 20.53970961424769, "kernel_loss": 45.65536949585895, "seconds": 22.20788073539734, "score": 0.2565422662778407, "samples_all_within_1pct": 0.8112, "kernel_rows_within_5pct": 0.9322577337221593, "kernel_median": 0.009392368607223034}
{"epoch": 121, "value_loss": 24.731832063927943, "kernel_loss": 44.23799379504457, "seconds": 23.53867244720459, "score": 0.21112056812227176, "samples_all_within_1pct": 0.8509, "kernel_rows_within_5pct": 0.9379794318777283, "kernel_median": 0.011679111048579216}
{"epoch": 122, "value_loss": 21.050900610125794, "kernel_loss": 52.57817696551887, "seconds": 22.649760961532593, "score": 0.3848530325355273, "samples_all_within_1pct": 0.6947, "kernel_rows_within_5pct": 0.9204469674644727, "kernel_median": 0.015631690621376038}
{"epoch": 123, "value_loss": 21.81113049692037, "kernel_loss": 46.81459812242158, "seconds": 23.227955102920532, "score": 0.1644808742903484, "samples_all_within_1pct": 0.8959, "kernel_rows_within_5pct": 0.9396191257096516, "kernel_median": 0.008286397904157639}
{"epoch": 124, "value_loss": 15.517622227571449, "kernel_loss": 44.26079101951755, "seconds": 22.813592433929443, "score": 0.22028847550661645, "samples_all_within_1pct": 0.8424, "kernel_rows_within_5pct": 0.9373115244933835, "kernel_median": 0.009598730131983757}
{"epoch": 125, "value_loss": 16.84882589262359, "kernel_loss": 43.987539310844575, "seconds": 23.12060236930847, "score": 0.2157684749594253, "samples_all_within_1pct": 0.8465, "kernel_rows_within_5pct": 0.9377315250405747, "kernel_median": 0.008923578076064587}
{"epoch": 126, "value_loss": 15.86947099529967, "kernel_loss": 46.858247698569784, "seconds": 22.143589973449707, "score": 0.2572586567626458, "samples_all_within_1pct": 0.8186, "kernel_rows_within_5pct": 0.9241413432373542, "kernel_median": 0.014484591782093048}
{"epoch": 127, "value_loss": 13.66105531673042, "kernel_loss": 44.42198741679289, "seconds": 22.839471101760864, "score": 0.28771853866960284, "samples_all_within_1pct": 0.7891, "kernel_rows_within_5pct": 0.9231814613303971, "kernel_median": 0.01452164351940155}
{"epoch": 128, "value_loss": 23.73054399052445, "kernel_loss": 39.20563591743002, "seconds": 22.47399353981018, "score": 0.1752237418936866, "samples_all_within_1pct": 0.8801, "kernel_rows_within_5pct": 0.9446762581063134, "kernel_median": 0.008378800004720688}
{"epoch": 129, "value_loss": 14.752707036174073, "kernel_loss": 43.92004341008712, "seconds": 22.696913480758667, "score": 0.4352066620106686, "samples_all_within_1pct": 0.6401, "kernel_rows_within_5pct": 0.9246933379893314, "kernel_median": 0.013941689394414425}
{"epoch": 130, "value_loss": 22.447230195512578, "kernel_loss": 41.770121866342976, "seconds": 22.429956674575806, "score": 0.2624325049304639, "samples_all_within_1pct": 0.8091, "kernel_rows_within_5pct": 0.9284674950695361, "kernel_median": 0.012209230102598667}
{"epoch": 131, "value_loss": 18.81116568555637, "kernel_loss": 46.3108175725353, "seconds": 23.539863348007202, "score": 0.37822639355701204, "samples_all_within_1pct": 0.6895, "kernel_rows_within_5pct": 0.932273606442988, "kernel_median": 0.00973625760525465}
{"epoch": 132, "value_loss": 15.583417203961586, "kernel_loss": 41.31838261351294, "seconds": 22.70113730430603, "score": 0.3091886061850563, "samples_all_within_1pct": 0.7622, "kernel_rows_within_5pct": 0.9286113938149437, "kernel_median": 0.009262124076485634}
{"epoch": 133, "value_loss": 17.688141966352656, "kernel_loss": 41.20406434000755, "seconds": 23.51567506790161, "score": 0.5888021350689179, "samples_all_within_1pct": 0.4851, "kernel_rows_within_5pct": 0.9260978649310821, "kernel_median": 0.01482174452394247}
{"epoch": 134, "value_loss": 19.762622862446065, "kernel_loss": 81.27448181230194, "seconds": 21.716660261154175, "score": 0.40312334716418174, "samples_all_within_1pct": 0.6622, "kernel_rows_within_5pct": 0.9346766528358182, "kernel_median": 0.01932556740939617}
{"epoch": 135, "value_loss": 19.160499811172485, "kernel_loss": 37.68694515617526, "seconds": 23.32245659828186, "score": 0.18123531020413364, "samples_all_within_1pct": 0.8832, "kernel_rows_within_5pct": 0.9355646897958664, "kernel_median": 0.010632338002324104}
{"epoch": 136, "value_loss": 15.463530455316816, "kernel_loss": 43.699919379487326, "seconds": 22.398672819137573, "score": 0.20721042624729824, "samples_all_within_1pct": 0.8566, "kernel_rows_within_5pct": 0.9361895737527017, "kernel_median": 0.009801255539059639}
{"epoch": 137, "value_loss": 14.137341180626226, "kernel_loss": 41.13147804688434, "seconds": 23.173713445663452, "score": 0.1993253317972995, "samples_all_within_1pct": 0.8626, "kernel_rows_within_5pct": 0.9380746682027005, "kernel_median": 0.009680562652647495}
{"epoch": 138, "value_loss": 16.475067581449235, "kernel_loss": 42.87199212093743, "seconds": 22.39921474456787, "score": 0.24396193168088565, "samples_all_within_1pct": 0.8265, "kernel_rows_within_5pct": 0.9295380683191143, "kernel_median": 0.01484442688524723}
{"epoch": 139, "value_loss": 13.655595577493006, "kernel_loss": 41.938464184196626, "seconds": 22.859176874160767, "score": 0.2862071792107457, "samples_all_within_1pct": 0.7815, "kernel_rows_within_5pct": 0.9322928207892544, "kernel_median": 0.012950662523508072}
{"epoch": 140, "value_loss": 15.80545188942734, "kernel_loss": 38.54772219365957, "seconds": 22.537715435028076, "score": 0.5909479413603214, "samples_all_within_1pct": 0.4816, "kernel_rows_within_5pct": 0.9274520586396786, "kernel_median": 0.012480407953262329}
{"epoch": 141, "value_loss": 12.863100217313182, "kernel_loss": 39.67009549238244, "seconds": 23.428515434265137, "score": 0.2723167224126368, "samples_all_within_1pct": 0.7921, "kernel_rows_within_5pct": 0.9355832775873631, "kernel_median": 0.015785545110702515}
{"epoch": 142, "value_loss": 18.129885014222594, "kernel_loss": 35.05752562503425, "seconds": 22.076172590255737, "score": 0.14411943583337739, "samples_all_within_1pct": 0.9114, "kernel_rows_within_5pct": 0.9444805641666226, "kernel_median": 0.008034205064177513}
{"epoch": 143, "value_loss": 16.423439548940074, "kernel_loss": 40.33244412285941, "seconds": 21.431726932525635, "score": 0.2439415423982303, "samples_all_within_1pct": 0.8178, "kernel_rows_within_5pct": 0.9382584576017697, "kernel_median": 0.009697441011667252}
{"epoch": 144, "value_loss": 16.648705190541794, "kernel_loss": 39.76681257753956, "seconds": 23.47054648399353, "score": 0.16773211619499973, "samples_all_within_1pct": 0.8955, "kernel_rows_within_5pct": 0.9367678838050003, "kernel_median": 0.010974853299558163}
{"epoch": 145, "value_loss": 16.136439238275802, "kernel_loss": 37.27845118970287, "seconds": 23.61721420288086, "score": 0.2160548290769031, "samples_all_within_1pct": 0.8455, "kernel_rows_within_5pct": 0.9384451709230969, "kernel_median": 0.008652769029140472}
{"epoch": 146, "value_loss": 21.473946955739237, "kernel_loss": 39.542221302888834, "seconds": 22.54920530319214, "score": 0.18844768273939771, "samples_all_within_1pct": 0.8688, "kernel_rows_within_5pct": 0.9427523172606023, "kernel_median": 0.012698509730398655}
{"epoch": 147, "value_loss": 18.145180933329524, "kernel_loss": 38.559643969243886, "seconds": 23.178531408309937, "score": 0.20264957716951382, "samples_all_within_1pct": 0.8583, "kernel_rows_within_5pct": 0.9390504228304862, "kernel_median": 0.010378655977547169}
{"epoch": 148, "value_loss": 15.864683618350904, "kernel_loss": 39.10915326099006, "seconds": 23.550041675567627, "score": 0.23904752474317004, "samples_all_within_1pct": 0.8267, "kernel_rows_within_5pct": 0.93425247525683, "kernel_median": 0.010198158212006092}
{"epoch": 149, "value_loss": 16.81362117553244, "kernel_loss": 37.360920672514, "seconds": 23.35654067993164, "score": 0.3069228376080728, "samples_all_within_1pct": 0.7566, "kernel_rows_within_5pct": 0.9364771623919271, "kernel_median": 0.01090659387409687}
{"epoch": 150, "value_loss": 12.84187663574608, "kernel_loss": 37.59053058040385, "seconds": 23.338186502456665, "score": 0.36655302267773215, "samples_all_within_1pct": 0.6978, "kernel_rows_within_5pct": 0.9356469773222679, "kernel_median": 0.00932985544204712}
{"epoch": 151, "value_loss": 16.35891252147908, "kernel_loss": 59.15658204409541, "seconds": 23.14214324951172, "score": 0.16828321156937565, "samples_all_within_1pct": 0.8922, "kernel_rows_within_5pct": 0.9395167884306244, "kernel_median": 0.010747160762548447}
{"epoch": 152, "value_loss": 16.94915759320162, "kernel_loss": 36.39026208799712, "seconds": 23.30840802192688, "score": 0.17526021383478874, "samples_all_within_1pct": 0.882, "kernel_rows_within_5pct": 0.9427397861652113, "kernel_median": 0.01161511056125164}
{"epoch": 153, "value_loss": 29.812814583583755, "kernel_loss": 48.397511277879985, "seconds": 22.469735860824585, "score": 0.2724592844034437, "samples_all_within_1pct": 0.7966, "kernel_rows_within_5pct": 0.9309407155965563, "kernel_median": 0.01751936785876751}
{"epoch": 154, "value_loss": 17.191642729603515, "kernel_loss": 41.51827736290134, "seconds": 23.13219118118286, "score": 0.46210917752364244, "samples_all_within_1pct": 0.6127, "kernel_rows_within_5pct": 0.9251908224763575, "kernel_median": 0.01072437409311533}
{"epoch": 155, "value_loss": 17.62906129992738, "kernel_loss": 39.12552882213982, "seconds": 23.27302861213684, "score": 0.19670141501129146, "samples_all_within_1pct": 0.8665, "kernel_rows_within_5pct": 0.9367985849887085, "kernel_median": 0.01243647001683712}
{"epoch": 156, "value_loss": 12.158666924554474, "kernel_loss": 39.340991010471264, "seconds": 22.53694796562195, "score": 0.16503397179960522, "samples_all_within_1pct": 0.895, "kernel_rows_within_5pct": 0.9399660282003948, "kernel_median": 0.00954020768404007}
{"epoch": 157, "value_loss": 15.201800922958219, "kernel_loss": 31.94249743831401, "seconds": 20.718523025512695, "score": 0.21913826474403464, "samples_all_within_1pct": 0.8459, "kernel_rows_within_5pct": 0.9349617352559654, "kernel_median": 0.010290184058248997}
{"epoch": 158, "value_loss": 15.584018111228943, "kernel_loss": 33.8888512922793, "seconds": 23.538782835006714, "score": 0.4915092026693739, "samples_all_within_1pct": 0.5797, "kernel_rows_within_5pct": 0.9287907973306261, "kernel_median": 0.016975048929452896}
{"epoch": 159, "value_loss": 17.286478891664622, "kernel_loss": 33.5323539558722, "seconds": 21.404932260513306, "score": 0.16687662672936943, "samples_all_within_1pct": 0.8928, "kernel_rows_within_5pct": 0.9403233732706305, "kernel_median": 0.009303689934313297}
{"epoch": 160, "value_loss": 11.940791494992315, "kernel_loss": 34.43591913885, "seconds": 22.74666690826416, "score": 0.42450900311167983, "samples_all_within_1pct": 0.6462, "kernel_rows_within_5pct": 0.9292909968883202, "kernel_median": 0.011046667583286762}
{"epoch": 161, "value_loss": 16.239728105311492, "kernel_loss": 35.0826397817962, "seconds": 22.12102961540222, "score": 0.23815000963850086, "samples_all_within_1pct": 0.8265, "kernel_rows_within_5pct": 0.9353499903614991, "kernel_median": 0.012889547273516655}
{"epoch": 162, "value_loss": 14.706301706177848, "kernel_loss": 34.25398957972624, "seconds": 22.842370986938477, "score": 0.2167797037398428, "samples_all_within_1pct": 0.8459, "kernel_rows_within_5pct": 0.9373202962601572, "kernel_median": 0.012163368053734303}
{"epoch": 163, "value_loss": 16.936978447194, "kernel_loss": 39.20797331479131, "seconds": 22.557124853134155, "score": 0.22894342753445063, "samples_all_within_1pct": 0.837, "kernel_rows_within_5pct": 0.9340565724655494, "kernel_median": 0.010497457347810268}
{"epoch": 164, "value_loss": 38.76262843122288, "kernel_loss": 50.51757918571939, "seconds": 23.338661909103394, "score": 0.2223724830511714, "samples_all_within_1pct": 0.84, "kernel_rows_within_5pct": 0.9376275169488286, "kernel_median": 0.011557485908269882}
{"epoch": 165, "value_loss": 14.466158346253998, "kernel_loss": 33.067385109103455, "seconds": 23.34992814064026, "score": 0.1732714294993264, "samples_all_within_1pct": 0.8896, "kernel_rows_within_5pct": 0.9371285705006737, "kernel_median": 0.00924658216536045}
{"epoch": 166, "value_loss": 12.771192314673444, "kernel_loss": 33.978089137953155, "seconds": 22.65290904045105, "score": 0.18583854247487885, "samples_all_within_1pct": 0.871, "kernel_rows_within_5pct": 0.9431614575251211, "kernel_median": 0.009222583845257759}
{"epoch": 167, "value_loss": 13.245775033016594, "kernel_loss": 33.243320426162406, "seconds": 23.00649070739746, "score": 0.42082983524324624, "samples_all_within_1pct": 0.655, "kernel_rows_within_5pct": 0.9241701647567537, "kernel_median": 0.015267672948539257}
{"epoch": 168, "value_loss": 14.678498032141706, "kernel_loss": 33.95342419098834, "seconds": 22.49157166481018, "score": 0.2037420749280141, "samples_all_within_1pct": 0.8698, "kernel_rows_within_5pct": 0.9264579250719859, "kernel_median": 0.012014513835310936}
{"epoch": 169, "value_loss": 10.599499685423714, "kernel_loss": 32.983968695815726, "seconds": 22.881335973739624, "score": 0.2461832476589303, "samples_all_within_1pct": 0.8191, "kernel_rows_within_5pct": 0.9347167523410697, "kernel_median": 0.01159886084496975}
{"epoch": 170, "value_loss": 12.161186410456288, "kernel_loss": 32.14751708750822, "seconds": 22.421263694763184, "score": 0.26353546437837727, "samples_all_within_1pct": 0.7971, "kernel_rows_within_5pct": 0.9393645356216227, "kernel_median": 0.008596481755375862}
{"epoch": 171, "value_loss": 10.870533181696523, "kernel_loss": 33.19608677649985, "seconds": 23.131818771362305, "score": 0.15240122309756565, "samples_all_within_1pct": 0.9009, "kernel_rows_within_5pct": 0.9466987769024343, "kernel_median": 0.011487333104014397}
{"epoch": 172, "value_loss": 9.502002273287092, "kernel_loss": 34.22280267793305, "seconds": 22.224590063095093, "score": 0.21997634352661366, "samples_all_within_1pct": 0.8437, "kernel_rows_within_5pct": 0.9363236564733863, "kernel_median": 0.010232646018266678}
{"epoch": 173, "value_loss": 17.405556834473902, "kernel_loss": 32.34273299392389, "seconds": 22.990837812423706, "score": 0.12516893092421633, "samples_all_within_1pct": 0.9283, "kernel_rows_within_5pct": 0.9465310690757837, "kernel_median": 0.011792776174843311}
{"epoch": 174, "value_loss": 10.557707711141937, "kernel_loss": 32.01093556929608, "seconds": 22.248024940490723, "score": 0.30527839595295736, "samples_all_within_1pct": 0.7536, "kernel_rows_within_5pct": 0.9411216040470426, "kernel_median": 0.014262303709983826}
{"epoch": 175, "value_loss": 11.874443156378609, "kernel_loss": 30.245962337571747, "seconds": 22.206923007965088, "score": 0.16250598950854922, "samples_all_within_1pct": 0.8928, "kernel_rows_within_5pct": 0.9446940104914507, "kernel_median": 0.010425934568047523}
{"epoch": 176, "value_loss": 10.999214600543587, "kernel_loss": 32.55033757735272, "seconds": 23.481926202774048, "score": 0.19036923162873542, "samples_all_within_1pct": 0.8649, "kernel_rows_within_5pct": 0.9447307683712646, "kernel_median": 0.01312993373721838}
{"epoch": 177, "value_loss": 12.171964056637822, "kernel_loss": 30.519057069505966, "seconds": 23.24121856689453, "score": 0.19460344884984382, "samples_all_within_1pct": 0.8648, "kernel_rows_within_5pct": 0.9405965511501562, "kernel_median": 0.008104686625301838}
{"epoch": 178, "value_loss": 10.286284471044736, "kernel_loss": 31.801042352403915, "seconds": 22.908355712890625, "score": 0.134072812723406, "samples_all_within_1pct": 0.9218, "kernel_rows_within_5pct": 0.9441271872765941, "kernel_median": 0.008221162483096123}
{"epoch": 179, "value_loss": 14.3283820225268, "kernel_loss": 31.737428178592605, "seconds": 23.048625946044922, "score": 0.1659670632897592, "samples_all_within_1pct": 0.8891, "kernel_rows_within_5pct": 0.9449329367102408, "kernel_median": 0.010009531863033772}
{"epoch": 180, "value_loss": 12.527301583971296, "kernel_loss": 30.166806610263123, "seconds": 22.926349401474, "score": 0.13213738230429717, "samples_all_within_1pct": 0.9197, "kernel_rows_within_5pct": 0.9481626176957029, "kernel_median": 0.008377907797694206}
{"epoch": 181, "value_loss": 10.525610085652799, "kernel_loss": 28.379870911033787, "seconds": 22.777910947799683, "score": 0.16626378945754772, "samples_all_within_1pct": 0.8874, "kernel_rows_within_5pct": 0.9463362105424523, "kernel_median": 0.007195220794528723}
{"epoch": 182, "value_loss": 10.643397581820585, "kernel_loss": 31.625514400248626, "seconds": 22.2601535320282, "score": 0.4081014893624575, "samples_all_within_1pct": 0.6511, "kernel_rows_within_5pct": 0.9407985106375425, "kernel_median": 0.014851376414299011}
{"epoch": 183, "value_loss": 20.29614368263556, "kernel_loss": 26.544409664309754, "seconds": 23.13392996788025, "score": 0.1606391903533957, "samples_all_within_1pct": 0.8973, "kernel_rows_within_5pct": 0.9420608096466043, "kernel_median": 0.00920048262923956}
{"epoch": 184, "value_loss": 10.093648676969567, "kernel_loss": 29.590379763622675, "seconds": 22.807966709136963, "score": 0.17313778689159698, "samples_all_within_1pct": 0.8839, "kernel_rows_within_5pct": 0.942962213108403, "kernel_median": 0.010162211954593658}
{"epoch": 185, "value_loss": 10.175944659174705, "kernel_loss": 29.742133773103053, "seconds": 23.081405639648438, "score": 0.16000533233613656, "samples_all_within_1pct": 0.8947, "kernel_rows_within_5pct": 0.9452946676638634, "kernel_median": 0.008443332277238369}
{"epoch": 186, "value_loss": 10.440051960701846, "kernel_loss": 31.809051533134618, "seconds": 22.5871844291687, "score": 0.13285920948837837, "samples_all_within_1pct": 0.9245, "kernel_rows_within_5pct": 0.9426407905116216, "kernel_median": 0.014360043220221996}
{"epoch": 187, "value_loss": 16.53740776801596, "kernel_loss": 28.06798541789152, "seconds": 22.937438011169434, "score": 0.18119745173909674, "samples_all_within_1pct": 0.8705, "kernel_rows_within_5pct": 0.9483025482609032, "kernel_median": 0.009430418722331524}
{"epoch": 188, "value_loss": 11.162680201384486, "kernel_loss": 27.9648442462999, "seconds": 22.550307035446167, "score": 0.1563060294200881, "samples_all_within_1pct": 0.8991, "kernel_rows_within_5pct": 0.9445939705799119, "kernel_median": 0.008056802675127983}
{"epoch": 189, "value_loss": 11.384755565195668, "kernel_loss": 29.69736859263206, "seconds": 22.988086462020874, "score": 0.1168508045694221, "samples_all_within_1pct": 0.932, "kernel_rows_within_5pct": 0.9511491954305779, "kernel_median": 0.010208917781710625}
{"epoch": 190, "value_loss": 11.140919920133085, "kernel_loss": 27.175262460903244, "seconds": 21.65444302558899, "score": 0.2099166622633789, "samples_all_within_1pct": 0.8465, "kernel_rows_within_5pct": 0.9435833377366211, "kernel_median": 0.01081887912005186}
{"epoch": 191, "value_loss": 8.448732781166933, "kernel_loss": 29.502430983952113, "seconds": 23.01119041442871, "score": 0.2174402586710481, "samples_all_within_1pct": 0.8437, "kernel_rows_within_5pct": 0.9388597413289519, "kernel_median": 0.012727306224405766}
{"epoch": 192, "value_loss": 11.057971222060067, "kernel_loss": 26.780632583462463, "seconds": 22.696998834609985, "score": 0.1935848462925397, "samples_all_within_1pct": 0.8621, "kernel_rows_within_5pct": 0.9443151537074603, "kernel_median": 0.011220402084290981}
{"epoch": 193, "value_loss": 11.476311673923414, "kernel_loss": 27.681230525581203, "seconds": 21.350035190582275, "score": 0.12067053776569314, "samples_all_within_1pct": 0.9295, "kernel_rows_within_5pct": 0.9498294622343069, "kernel_median": 0.00872701033949852}
{"epoch": 194, "value_loss": 9.376448606958194, "kernel_loss": 28.364669926312505, "seconds": 23.56610870361328, "score": 0.1728203964462649, "samples_all_within_1pct": 0.8872, "kernel_rows_within_5pct": 0.9399796035537351, "kernel_median": 0.010872614569962025}
{"epoch": 195, "value_loss": 11.475635584519834, "kernel_loss": 27.16646991457258, "seconds": 22.25691294670105, "score": 0.18108606604847988, "samples_all_within_1pct": 0.8719, "kernel_rows_within_5pct": 0.9470139339515201, "kernel_median": 0.009400812909007072}
{"epoch": 196, "value_loss": 10.245167398939328, "kernel_loss": 24.978772747273347, "seconds": 22.902395486831665, "score": 0.2320072223803693, "samples_all_within_1pct": 0.8154, "kernel_rows_within_5pct": 0.9525927776196307, "kernel_median": 0.00991842057555914}
{"epoch": 197, "value_loss": 11.114372150022156, "kernel_loss": 25.312433748829122, "seconds": 22.406509399414062, "score": 0.1279847582615945, "samples_all_within_1pct": 0.9212, "kernel_rows_within_5pct": 0.9508152417384055, "kernel_median": 0.007284498307853937}
{"epoch": 198, "value_loss": 9.068289059765485, "kernel_loss": 29.125670316267986, "seconds": 20.70712184906006, "score": 0.3011297931178807, "samples_all_within_1pct": 0.75, "kernel_rows_within_5pct": 0.9488702068821193, "kernel_median": 0.00924509484320879}
{"epoch": 199, "value_loss": 9.678587115540797, "kernel_loss": 26.16027730824996, "seconds": 22.68155860900879, "score": 0.17668762915643377, "samples_all_within_1pct": 0.8776, "kernel_rows_within_5pct": 0.9457123708435662, "kernel_median": 0.00886413175612688}
{"epoch": 200, "value_loss": 10.995838082566554, "kernel_loss": 38.56979907288843, "seconds": 22.302394151687622, "score": 0.14448773412524285, "samples_all_within_1pct": 0.9064, "kernel_rows_within_5pct": 0.9491122658747572, "kernel_median": 0.00987533200532198}
{"epoch": 201, "value_loss": 10.029530189475235, "kernel_loss": 28.426455750757334, "seconds": 22.66409397125244, "score": 0.17919336000228903, "samples_all_within_1pct": 0.8769, "kernel_rows_within_5pct": 0.943906639997711, "kernel_median": 0.00864597037434578}
{"epoch": 202, "value_loss": 9.7924807996166, "kernel_loss": 28.75693080863174, "seconds": 22.65769934654236, "score": 0.1360765359624685, "samples_all_within_1pct": 0.915, "kernel_rows_within_5pct": 0.9489234640375315, "kernel_median": 0.011305009946227074}
{"epoch": 203, "value_loss": 11.017267128642725, "kernel_loss": 23.078763275730367, "seconds": 20.780239820480347, "score": 0.10603544140470234, "samples_all_within_1pct": 0.9446, "kernel_rows_within_5pct": 0.9493645585952977, "kernel_median": 0.006671901326626539}
{"epoch": 204, "value_loss": 8.173085620208662, "kernel_loss": 27.022129866541647, "seconds": 23.49073076248169, "score": 0.10197632055293882, "samples_all_within_1pct": 0.9517, "kernel_rows_within_5pct": 0.9463236794470612, "kernel_median": 0.0086207902058959}
{"epoch": 205, "value_loss": 10.37047567781137, "kernel_loss": 26.076325825282506, "seconds": 23.141112565994263, "score": 0.20646865701535622, "samples_all_within_1pct": 0.8505, "kernel_rows_within_5pct": 0.9430313429846438, "kernel_median": 0.007638297509402037}
{"epoch": 206, "value_loss": 8.43256099248419, "kernel_loss": 25.792203747496313, "seconds": 22.515065670013428, "score": 0.08922736124996844, "samples_all_within_1pct": 0.9579, "kernel_rows_within_5pct": 0.9528726387500316, "kernel_median": 0.009426380507647991}
{"epoch": 207, "value_loss": 7.840173648328197, "kernel_loss": 25.922623527293304, "seconds": 23.023653030395508, "score": 0.14202380039301699, "samples_all_within_1pct": 0.9124, "kernel_rows_within_5pct": 0.945576199606983, "kernel_median": 0.009146647527813911}
{"epoch": 208, "value_loss": 9.09194513243072, "kernel_loss": 24.543455717514973, "seconds": 22.623176336288452, "score": 0.08474352920340456, "samples_all_within_1pct": 0.96, "kernel_rows_within_5pct": 0.9552564707965955, "kernel_median": 0.006760716903954744}
{"epoch": 209, "value_loss": 6.420657060584244, "kernel_loss": 24.036037659158513, "seconds": 23.367177963256836, "score": 0.10659338623404868, "samples_all_within_1pct": 0.9391, "kernel_rows_within_5pct": 0.9543066137659513, "kernel_median": 0.0069921910762786865}
{"epoch": 210, "value_loss": 9.416464888319677, "kernel_loss": 23.351306282744115, "seconds": 23.395285844802856, "score": 0.12989797714704132, "samples_all_within_1pct": 0.9205, "kernel_rows_within_5pct": 0.9496020228529587, "kernel_median": 0.011432649567723274}
{"epoch": 211, "value_loss": 7.823813901872051, "kernel_loss": 23.33059475859817, "seconds": 22.199692964553833, "score": 0.11257565790861446, "samples_all_within_1pct": 0.9363, "kernel_rows_within_5pct": 0.9511243420913855, "kernel_median": 0.010406531393527985}
{"epoch": 212, "value_loss": 7.4370534797104035, "kernel_loss": 22.25803152882323, "seconds": 23.09805941581726, "score": 0.11020854219710619, "samples_all_within_1pct": 0.9426, "kernel_rows_within_5pct": 0.9471914578028938, "kernel_median": 0.009117228910326958}
{"epoch": 213, "value_loss": 6.508784684599663, "kernel_loss": 24.68807937660996, "seconds": 22.24226951599121, "score": 0.14228028599719011, "samples_all_within_1pct": 0.9093, "kernel_rows_within_5pct": 0.9484197140028099, "kernel_median": 0.008354565128684044}
{"epoch": 214, "value_loss": 9.977080312310433, "kernel_loss": 23.274330888475692, "seconds": 22.844987630844116, "score": 0.2165483437337944, "samples_all_within_1pct": 0.8366, "kernel_rows_within_5pct": 0.9468516562662056, "kernel_median": 0.01154738012701273}
{"epoch": 215, "value_loss": 9.640104252464917, "kernel_loss": 21.357365914753505, "seconds": 22.36631464958191, "score": 0.10852811956920605, "samples_all_within_1pct": 0.9405, "kernel_rows_within_5pct": 0.950971880430794, "kernel_median": 0.010570084676146507}
{"epoch": 216, "value_loss": 8.802295302858157, "kernel_loss": 22.75969367611165, "seconds": 23.12264060974121, "score": 0.1348210639986015, "samples_all_within_1pct": 0.9185, "kernel_rows_within_5pct": 0.9466789360013985, "kernel_median": 0.007998551242053509}
{"epoch": 217, "value_loss": 6.745483239086306, "kernel_loss": 22.264191880518077, "seconds": 21.97969388961792, "score": 0.1098972680332383, "samples_all_within_1pct": 0.9382, "kernel_rows_within_5pct": 0.9519027319667617, "kernel_median": 0.007212283555418253}
{"epoch": 218, "value_loss": 8.051206239632197, "kernel_loss": 23.446769295906535, "seconds": 23.168084859848022, "score": 0.14192837654020218, "samples_all_within_1pct": 0.9135, "kernel_rows_within_5pct": 0.9445716234597978, "kernel_median": 0.008244741708040237}
{"epoch": 219, "value_loss": 8.117345783175255, "kernel_loss": 26.564605021963313, "seconds": 22.821308135986328, "score": 0.09206696322896257, "samples_all_within_1pct": 0.9549, "kernel_rows_within_5pct": 0.9530330367710375, "kernel_median": 0.009077174589037895}
{"epoch": 220, "value_loss": 8.27819616332346, "kernel_loss": 20.90451211345439, "seconds": 21.907498836517334, "score": 0.12604284688526057, "samples_all_within_1pct": 0.9217, "kernel_rows_within_5pct": 0.9522571531147395, "kernel_median": 0.007257876452058554}
{"epoch": 221, "value_loss": 8.803420964552432, "kernel_loss": 22.56263213741536, "seconds": 23.578946828842163, "score": 0.11705533424712866, "samples_all_within_1pct": 0.9353, "kernel_rows_within_5pct": 0.9476446657528713, "kernel_median": 0.007632323075085878}
{"epoch": 222, "value_loss": 7.689924749792839, "kernel_loss": 23.28832835567241, "seconds": 21.664884090423584, "score": 0.16716864224954886, "samples_all_within_1pct": 0.8861, "kernel_rows_within_5pct": 0.9467313577504511, "kernel_median": 0.008374374359846115}
{"epoch": 223, "value_loss": 6.871207643528374, "kernel_loss": 24.018454318143885, "seconds": 23.244606018066406, "score": 0.1063917580688245, "samples_all_within_1pct": 0.9415, "kernel_rows_within_5pct": 0.9521082419311755, "kernel_median": 0.008843116462230682}
{"epoch": 224, "value_loss": 7.595949490459597, "kernel_loss": 25.092717268029038, "seconds": 22.130306243896484, "score": 0.17327715869525406, "samples_all_within_1pct": 0.8825, "kernel_rows_within_5pct": 0.944222841304746, "kernel_median": 0.008887726813554764}
{"epoch": 225, "value_loss": 7.85719784060303, "kernel_loss": 22.15929517940599, "seconds": 22.906385898590088, "score": 0.08627739651455935, "samples_all_within_1pct": 0.9612, "kernel_rows_within_5pct": 0.9525226034854406, "kernel_median": 0.010899637825787067}
{"epoch": 226, "value_loss": 10.75721188345734, "kernel_loss": 19.193950721195765, "seconds": 22.25260639190674, "score": 0.1117029720834346, "samples_all_within_1pct": 0.9329, "kernel_rows_within_5pct": 0.9553970279165654, "kernel_median": 0.00873767863959074}
{"epoch": 227, "value_loss": 7.342792683718156, "kernel_loss": 21.279788654677724, "seconds": 22.76725172996521, "score": 0.09960138656570505, "samples_all_within_1pct": 0.9494, "kernel_rows_within_5pct": 0.9509986134342949, "kernel_median": 0.010102037340402603}
{"epoch": 228, "value_loss": 6.822491383065983, "kernel_loss": 21.02985920224871, "seconds": 22.632229804992676, "score": 0.1379959925139237, "samples_all_within_1pct": 0.9158, "kernel_rows_within_5pct": 0.9462040074860764, "kernel_median": 0.007362700067460537}
{"epoch": 229, "value_loss": 7.740252783103865, "kernel_loss": 20.24836920232189, "seconds": 23.198753833770752, "score": 0.0922628261087044, "samples_all_within_1pct": 0.9548, "kernel_rows_within_5pct": 0.9529371738912956, "kernel_median": 0.008388701826334}
{"epoch": 230, "value_loss": 5.257642681501349, "kernel_loss": 23.633164104150268, "seconds": 22.221991062164307, "score": 0.15562670572748327, "samples_all_within_1pct": 0.8998, "kernel_rows_within_5pct": 0.9445732942725167, "kernel_median": 0.006990381516516209}
{"epoch": 231, "value_loss": 5.968179618825718, "kernel_loss": 22.288585312512456, "seconds": 23.13321352005005, "score": 0.09695990218644646, "samples_all_within_1pct": 0.9501, "kernel_rows_within_5pct": 0.9529400978135536, "kernel_median": 0.007160195615142584}
{"epoch": 232, "value_loss": 7.620247805605129, "kernel_loss": 20.630633183888026, "seconds": 22.71973156929016, "score": 0.0840875569773244, "samples_all_within_1pct": 0.9606, "kernel_rows_within_5pct": 0.9553124430226756, "kernel_median": 0.007880228571593761}
{"epoch": 233, "value_loss": 7.505282916584793, "kernel_loss": 21.406796241293147, "seconds": 22.83327579498291, "score": 0.0889505809520249, "samples_all_within_1pct": 0.9562, "kernel_rows_within_5pct": 0.954849419047975, "kernel_median": 0.008294914849102497}
{"epoch": 234, "value_loss": 7.8898428009480845, "kernel_loss": 18.62340041569301, "seconds": 22.99840521812439, "score": 0.06737429544438289, "samples_all_within_1pct": 0.9739, "kernel_rows_within_5pct": 0.9587257045556171, "kernel_median": 0.006382777355611324}
{"epoch": 235, "value_loss": 5.356642302201719, "kernel_loss": 20.191384072206457, "seconds": 22.36775255203247, "score": 0.1413282950671969, "samples_all_within_1pct": 0.905, "kernel_rows_within_5pct": 0.9536717049328031, "kernel_median": 0.007409149315208197}
{"epoch": 236, "value_loss": 6.602786972814677, "kernel_loss": 19.962649773578253, "seconds": 23.065845251083374, "score": 0.08766346195736963, "samples_all_within_1pct": 0.9589, "kernel_rows_within_5pct": 0.9534365380426304, "kernel_median": 0.007886574603617191}
{"epoch": 237, "value_loss": 7.36008727915433, "kernel_loss": 21.38495255976307, "seconds": 22.453384160995483, "score": 0.0826942402281996, "samples_all_within_1pct": 0.962, "kernel_rows_within_5pct": 0.9553057597718004, "kernel_median": 0.006356562487781048}
{"epoch": 238, "value_loss": 10.129301959154557, "kernel_loss": 19.867941603368642, "seconds": 23.186747550964355, "score": 0.11971075426960531, "samples_all_within_1pct": 0.9287, "kernel_rows_within_5pct": 0.9515892457303947, "kernel_median": 0.007404460106045008}
{"epoch": 239, "value_loss": 5.329402326321115, "kernel_loss": 21.00302940485429, "seconds": 23.139376878738403, "score": 0.09712867833074945, "samples_all_within_1pct": 0.9533, "kernel_rows_within_5pct": 0.9495713216692505, "kernel_median": 0.007050171494483948}
{"epoch": 240, "value_loss": 5.218793539368376, "kernel_loss": 21.207192396631047, "seconds": 23.641314268112183, "score": 0.10681618441094143, "samples_all_within_1pct": 0.9416, "kernel_rows_within_5pct": 0.9515838155890586, "kernel_median": 0.007587099447846413}
{"epoch": 241, "value_loss": 7.48243460119987, "kernel_loss": 18.79366460138438, "seconds": 22.493010997772217, "score": 0.06845475251191024, "samples_all_within_1pct": 0.9725, "kernel_rows_within_5pct": 0.9590452474880897, "kernel_median": 0.0055335951037704945}
{"epoch": 242, "value_loss": 6.534793458422836, "kernel_loss": 18.97030192005391, "seconds": 22.503472805023193, "score": 0.08349615980404701, "samples_all_within_1pct": 0.9613, "kernel_rows_within_5pct": 0.955203840195953, "kernel_median": 0.008309999480843544}
{"epoch": 243, "value_loss": 7.572093872391448, "kernel_loss": 20.598632963336243, "seconds": 22.993422031402588, "score": 0.0795612323831073, "samples_all_within_1pct": 0.9656, "kernel_rows_within_5pct": 0.9548387676168927, "kernel_median": 0.006117845885455608}
{"epoch": 244, "value_loss": 5.113157266256761, "kernel_loss": 19.414570681902827, "seconds": 23.164470672607422, "score": 0.20656256040771181, "samples_all_within_1pct": 0.8503, "kernel_rows_within_5pct": 0.9431374395922882, "kernel_median": 0.007797648664563894}
{"epoch": 245, "value_loss": 8.527766647387525, "kernel_loss": 17.62751551550262, "seconds": 22.27284002304077, "score": 0.09833027314237475, "samples_all_within_1pct": 0.9472, "kernel_rows_within_5pct": 0.9544697268576252, "kernel_median": 0.008041721768677235}
{"epoch": 246, "value_loss": 4.5676162048262, "kernel_loss": 19.707467896597727, "seconds": 22.803120136260986, "score": 0.11027719313488116, "samples_all_within_1pct": 0.9414, "kernel_rows_within_5pct": 0.9483228068651188, "kernel_median": 0.009050561115145683}
{"epoch": 247, "value_loss": 6.059789722063104, "kernel_loss": 19.279051007056722, "seconds": 22.435959100723267, "score": 0.09921145135355669, "samples_all_within_1pct": 0.9499, "kernel_rows_within_5pct": 0.9508885486464433, "kernel_median": 0.007800303399562836}
{"epoch": 248, "value_loss": 5.722956330192332, "kernel_loss": 19.205830243169046, "seconds": 22.966286659240723, "score": 0.09646733172670774, "samples_all_within_1pct": 0.9509, "kernel_rows_within_5pct": 0.9526326682732923, "kernel_median": 0.008292093873023987}
{"epoch": 249, "value_loss": 6.563204093247044, "kernel_loss": 17.76513299163507, "seconds": 22.559279441833496, "score": 0.07080277908368038, "samples_all_within_1pct": 0.9707, "kernel_rows_within_5pct": 0.9584972209163196, "kernel_median": 0.006234170403331518}
{"epoch": 250, "value_loss": 5.474234324328753, "kernel_loss": 20.60228498614564, "seconds": 23.032004833221436, "score": 0.09781224137646571, "samples_all_within_1pct": 0.947, "kernel_rows_within_5pct": 0.9551877586235343, "kernel_median": 0.00887478981167078}
{"epoch": 251, "value_loss": 5.810202661825686, "kernel_loss": 17.301370995385305, "seconds": 22.118727445602417, "score": 0.08860213941303097, "samples_all_within_1pct": 0.9581, "kernel_rows_within_5pct": 0.9532978605869691, "kernel_median": 0.007244206964969635}
{"epoch": 252, "value_loss": 5.736185261789633, "kernel_loss": 17.626322011558376, "seconds": 21.812705755233765, "score": 0.12135586347705729, "samples_all_within_1pct": 0.925, "kernel_rows_within_5pct": 0.9536441365229427, "kernel_median": 0.006594626698642969}
{"epoch": 253, "value_loss": 5.302437068248282, "kernel_loss": 19.882420350094232, "seconds": 21.46308946609497, "score": 0.0901123119056475, "samples_all_within_1pct": 0.9554, "kernel_rows_within_5pct": 0.9544876880943525, "kernel_median": 0.00639301398769021}
{"epoch": 254, "value_loss": 5.600877971673499, "kernel_loss": 17.556803333516022, "seconds": 22.62469506263733, "score": 0.0841312069596033, "samples_all_within_1pct": 0.9606, "kernel_rows_within_5pct": 0.9552687930403967, "kernel_median": 0.007034641690552235}
{"epoch": 255, "value_loss": 4.713018675239718, "kernel_loss": 18.53993983171424, "seconds": 22.33054494857788, "score": 0.11494719997894776, "samples_all_within_1pct": 0.9458, "kernel_rows_within_5pct": 0.9392528000210523, "kernel_median": 0.019584346562623978}
{"epoch": 256, "value_loss": 5.231940095521966, "kernel_loss": 18.179682240194204, "seconds": 23.32447123527527, "score": 0.0719092321592184, "samples_all_within_1pct": 0.9685, "kernel_rows_within_5pct": 0.9595907678407816, "kernel_median": 0.00711344787850976}
{"epoch": 257, "value_loss": 5.702280387586477, "kernel_loss": 18.495000863561824, "seconds": 22.993420124053955, "score": 0.09031458794938862, "samples_all_within_1pct": 0.9541, "kernel_rows_within_5pct": 0.9555854120506114, "kernel_median": 0.0078041646629571915}
{"epoch": 258, "value_loss": 4.908094536285011, "kernel_loss": 18.339718546186173, "seconds": 22.532881259918213, "score": 0.08454753729515052, "samples_all_within_1pct": 0.9603, "kernel_rows_within_5pct": 0.9551524627048494, "kernel_median": 0.006782756187021732}
{"epoch": 259, "value_loss": 12.882801806440158, "kernel_loss": 16.671726387374257, "seconds": 22.624304056167603, "score": 0.06970955418748481, "samples_all_within_1pct": 0.9736, "kernel_rows_within_5pct": 0.9566904458125152, "kernel_median": 0.00591588020324707}
{"epoch": 260, "value_loss": 4.811852170496571, "kernel_loss": 17.92533777198013, "seconds": 23.090834379196167, "score": 0.0755649889757688, "samples_all_within_1pct": 0.9675, "kernel_rows_within_5pct": 0.9569350110242312, "kernel_median": 0.006083389278501272}
{"epoch": 261, "value_loss": 4.906360041122047, "kernel_loss": 19.509640567156733, "seconds": 20.98654818534851, "score": 0.11379968787129902, "samples_all_within_1pct": 0.9367, "kernel_rows_within_5pct": 0.949500312128701, "kernel_median": 0.00996252242475748}
{"epoch": 262, "value_loss": 4.481870871417376, "kernel_loss": 19.099709175070938, "seconds": 22.909428358078003, "score": 0.09317866821188991, "samples_all_within_1pct": 0.9533, "kernel_rows_within_5pct": 0.95352133178811, "kernel_median": 0.007824650034308434}
{"epoch": 263, "value_loss": 4.828087385819883, "kernel_loss": 19.36241470551004, "seconds": 21.684037685394287, "score": 0.07640757611230697, "samples_all_within_1pct": 0.9677, "kernel_rows_within_5pct": 0.955892423887693, "kernel_median": 0.006535436026751995}
{"epoch": 264, "value_loss": 5.55852505868795, "kernel_loss": 15.996663487687403, "seconds": 22.734672784805298, "score": 0.0972542817813119, "samples_all_within_1pct": 0.9488, "kernel_rows_within_5pct": 0.9539457182186881, "kernel_median": 0.007816744036972523}
{"epoch": 265, "value_loss": 4.510186323097774, "kernel_loss": 18.541193947500112, "seconds": 22.592049598693848, "score": 0.08331267493148098, "samples_all_within_1pct": 0.9584, "kernel_rows_within_5pct": 0.958287325068519, "kernel_median": 0.006486536469310522}
{"epoch": 266, "value_loss": 4.205103561586263, "kernel_loss": 18.41465743220582, "seconds": 23.09196448326111, "score": 0.0774678850163395, "samples_all_within_1pct": 0.9671, "kernel_rows_within_5pct": 0.9554321149836605, "kernel_median": 0.00669832294806838}
{"epoch": 267, "value_loss": 5.104863954441888, "kernel_loss": 16.219781982655427, "seconds": 22.274827480316162, "score": 0.07592995385006418, "samples_all_within_1pct": 0.9688, "kernel_rows_within_5pct": 0.9552700461499358, "kernel_median": 0.008286683820188046}
{"epoch": 268, "value_loss": 6.095949598112885, "kernel_loss": 15.855836999659635, "seconds": 23.2979953289032, "score": 0.079093100295337, "samples_all_within_1pct": 0.9685, "kernel_rows_within_5pct": 0.952406899704663, "kernel_median": 0.00771181657910347}
{"epoch": 269, "value_loss": 4.414479425975254, "kernel_loss": 16.254515438663717, "seconds": 21.848849296569824, "score": 0.07907859494675218, "samples_all_within_1pct": 0.9646, "kernel_rows_within_5pct": 0.9563214050532478, "kernel_median": 0.008133257739245892}
{"epoch": 270, "value_loss": 3.9515072800675215, "kernel_loss": 17.55637189806724, "seconds": 23.23943591117859, "score": 0.08435408222361773, "samples_all_within_1pct": 0.9612, "kernel_rows_within_5pct": 0.9544459177763822, "kernel_median": 0.006841855123639107}
{"epoch": 271, "value_loss": 4.589316506166847, "kernel_loss": 17.85959044767886, "seconds": 22.523261070251465, "score": 0.09005056236423348, "samples_all_within_1pct": 0.9561, "kernel_rows_within_5pct": 0.9538494376357666, "kernel_median": 0.006052243523299694}
{"epoch": 272, "value_loss": 5.321270276089104, "kernel_loss": 15.710155788733035, "seconds": 22.618441104888916, "score": 0.0767245969738658, "samples_all_within_1pct": 0.9708, "kernel_rows_within_5pct": 0.9524754030261342, "kernel_median": 0.008719545789062977}
{"epoch": 273, "value_loss": 3.5950243959621506, "kernel_loss": 16.45620479389113, "seconds": 23.261773109436035, "score": 0.08483890385078474, "samples_all_within_1pct": 0.9593, "kernel_rows_within_5pct": 0.9558610961492152, "kernel_median": 0.006002076435834169}
{"epoch": 274, "value_loss": 5.102503770468187, "kernel_loss": 17.595746239837336, "seconds": 22.418272018432617, "score": 0.07584833005401526, "samples_all_within_1pct": 0.9668, "kernel_rows_within_5pct": 0.9573516699459848, "kernel_median": 0.00792390014976263}
{"epoch": 275, "value_loss": 4.835044663779589, "kernel_loss": 16.49384359437592, "seconds": 21.26381278038025, "score": 0.07459824558398986, "samples_all_within_1pct": 0.9681, "kernel_rows_within_5pct": 0.9573017544160102, "kernel_median": 0.005662338342517614}
{"epoch": 276, "value_loss": 5.05460198862212, "kernel_loss": 15.251994712012154, "seconds": 22.706217050552368, "score": 0.07010508848102037, "samples_all_within_1pct": 0.973, "kernel_rows_within_5pct": 0.9568949115189797, "kernel_median": 0.005537364166229963}
{"epoch": 277, "value_loss": 3.9297179938579094, "kernel_loss": 16.5542298433732, "seconds": 23.120262145996094, "score": 0.08512356856775216, "samples_all_within_1pct": 0.9593, "kernel_rows_within_5pct": 0.9555764314322478, "kernel_median": 0.009720027446746826}
{"epoch": 278, "value_loss": 4.837127489094832, "kernel_loss": 14.645651958426651, "seconds": 23.323971271514893, "score": 0.06979872178649982, "samples_all_within_1pct": 0.972, "kernel_rows_within_5pct": 0.9582012782135002, "kernel_median": 0.005925008095800877}
{"epoch": 279, "value_loss": 3.8649414577046217, "kernel_loss": 16.644504152998632, "seconds": 23.213762998580933, "score": 0.06639033710526265, "samples_all_within_1pct": 0.9748, "kernel_rows_within_5pct": 0.9588096628947373, "kernel_median": 0.00530123570933938}
{"epoch": 280, "value_loss": 3.7867056180019767, "kernel_loss": 16.743996766148783, "seconds": 23.45883345603943, "score": 0.09716170202767749, "samples_all_within_1pct": 0.9497, "kernel_rows_within_5pct": 0.9531382979723225, "kernel_median": 0.007094037253409624}
{"epoch": 281, "value_loss": 3.6193739844828237, "kernel_loss": 16.38528049235441, "seconds": 23.19340491294861, "score": 0.07364815837800842, "samples_all_within_1pct": 0.967, "kernel_rows_within_5pct": 0.9593518416219916, "kernel_median": 0.006652344949543476}
{"epoch": 282, "value_loss": 5.289101899886618, "kernel_loss": 15.554750131101024, "seconds": 23.414089679718018, "score": 0.07121782842800128, "samples_all_within_1pct": 0.9719, "kernel_rows_within_5pct": 0.9568821715719987, "kernel_median": 0.010345419868826866}
{"epoch": 283, "value_loss": 4.893030042551001, "kernel_loss": 15.062328868982743, "seconds": 23.36599349975586, "score": 0.056819223681932374, "samples_all_within_1pct": 0.9809, "kernel_rows_within_5pct": 0.9622807763180676, "kernel_median": 0.005101518239825964}
{"epoch": 284, "value_loss": 3.3234788191561795, "kernel_loss": 15.308135918208531, "seconds": 22.890683889389038, "score": 0.07424511745708995, "samples_all_within_1pct": 0.9682, "kernel_rows_within_5pct": 0.9575548825429101, "kernel_median": 0.005729611497372389}
{"epoch": 285, "value_loss": 3.451957678916503, "kernel_loss": 15.637326946063917, "seconds": 23.573465585708618, "score": 0.07127120531802988, "samples_all_within_1pct": 0.9722, "kernel_rows_within_5pct": 0.9565287946819702, "kernel_median": 0.006215918343514204}
{"epoch": 286, "value_loss": 3.8601727291029326, "kernel_loss": 16.403833510924358, "seconds": 23.483058214187622, "score": 0.06311013535880394, "samples_all_within_1pct": 0.9759, "kernel_rows_within_5pct": 0.9609898646411961, "kernel_median": 0.00649405037984252}
{"epoch": 287, "value_loss": 3.718420993916842, "kernel_loss": 14.862418179609337, "seconds": 22.91650938987732, "score": 0.06384506551569946, "samples_all_within_1pct": 0.9769, "kernel_rows_within_5pct": 0.9592549344843005, "kernel_median": 0.006071460898965597}
{"epoch": 288, "value_loss": 4.552697854990861, "kernel_loss": 14.887234376401317, "seconds": 22.167436122894287, "score": 0.064739276170514, "samples_all_within_1pct": 0.9751, "kernel_rows_within_5pct": 0.960160723829486, "kernel_median": 0.007603333331644535}
{"epoch": 289, "value_loss": 3.8779740844454085, "kernel_loss": 14.944734081930044, "seconds": 22.487006902694702, "score": 0.09853058587674535, "samples_all_within_1pct": 0.9504, "kernel_rows_within_5pct": 0.9510694141232546, "kernel_median": 0.006984799634665251}
{"epoch": 290, "value_loss": 4.334975158681675, "kernel_loss": 14.959810733795166, "seconds": 23.023985385894775, "score": 0.05899402316874225, "samples_all_within_1pct": 0.9794, "kernel_rows_within_5pct": 0.9616059768312577, "kernel_median": 0.006815887056291103}
{"epoch": 291, "value_loss": 3.720077784693971, "kernel_loss": 13.7315916577164, "seconds": 21.51533341407776, "score": 0.07246786095663638, "samples_all_within_1pct": 0.9689, "kernel_rows_within_5pct": 0.9586321390433636, "kernel_median": 0.006403030827641487}
{"epoch": 292, "value_loss": 4.433228708651601, "kernel_loss": 13.342947531719597, "seconds": 23.52457547187805, "score": 0.06824921466580924, "samples_all_within_1pct": 0.974, "kernel_rows_within_5pct": 0.9577507853341908, "kernel_median": 0.008143856190145016}
{"epoch": 293, "value_loss": 3.5360064640337106, "kernel_loss": 14.47829145314742, "seconds": 23.077020168304443, "score": 0.0625185200400411, "samples_all_within_1pct": 0.9771, "kernel_rows_within_5pct": 0.9603814799599589, "kernel_median": 0.008180017583072186}
{"epoch": 294, "value_loss": 2.6530244271365966, "kernel_loss": 14.567390500282755, "seconds": 23.546543836593628, "score": 0.09339067389933642, "samples_all_within_1pct": 0.9544, "kernel_rows_within_5pct": 0.9522093261006636, "kernel_median": 0.005503094755113125}
{"epoch": 295, "value_loss": 3.9711329803174857, "kernel_loss": 15.822133224837634, "seconds": 23.35607624053955, "score": 0.0614166283458808, "samples_all_within_1pct": 0.9766, "kernel_rows_within_5pct": 0.9619833716541192, "kernel_median": 0.006369800306856632}
{"epoch": 296, "value_loss": 3.5975808118070876, "kernel_loss": 14.686114826980901, "seconds": 23.218060970306396, "score": 0.05970891013095203, "samples_all_within_1pct": 0.9778, "kernel_rows_within_5pct": 0.962491089869048, "kernel_median": 0.005210806615650654}
{"epoch": 297, "value_loss": 4.202894563577613, "kernel_loss": 13.98590620683164, "seconds": 23.261863470077515, "score": 0.059376510252837744, "samples_all_within_1pct": 0.9796, "kernel_rows_within_5pct": 0.9610234897471622, "kernel_median": 0.005965016782283783}
{"epoch": 298, "value_loss": 3.8985371784288056, "kernel_loss": 13.23778274594521, "seconds": 23.382551431655884, "score": 0.05526980567821527, "samples_all_within_1pct": 0.9826, "kernel_rows_within_5pct": 0.9621301943217847, "kernel_median": 0.005858446937054396}
{"epoch": 299, "value_loss": 2.9822506716056747, "kernel_loss": 14.528407646685231, "seconds": 21.22523260116577, "score": 0.06446295348728892, "samples_all_within_1pct": 0.9735, "kernel_rows_within_5pct": 0.962037046512711, "kernel_median": 0.008904075250029564}
{"epoch": 300, "value_loss": 3.0803702053975086, "kernel_loss": 13.679770771338015, "seconds": 22.917855978012085, "score": 0.05907885682576075, "samples_all_within_1pct": 0.9795, "kernel_rows_within_5pct": 0.9614211431742392, "kernel_median": 0.005987572483718395}
{"epoch": 301, "value_loss": 3.9434189036184426, "kernel_loss": 12.391198372354312, "seconds": 22.109970569610596, "score": 0.056160217092873554, "samples_all_within_1pct": 0.9807, "kernel_rows_within_5pct": 0.9631397829071264, "kernel_median": 0.004977560602128506}
{"epoch": 302, "value_loss": 2.6010231910919654, "kernel_loss": 13.398800660152824, "seconds": 23.204941511154175, "score": 0.06363781147342917, "samples_all_within_1pct": 0.9741, "kernel_rows_within_5pct": 0.9622621885265709, "kernel_median": 0.0064125340431928635}
{"epoch": 303, "value_loss": 3.4660797319850145, "kernel_loss": 12.826783019669202, "seconds": 23.075422048568726, "score": 0.06612732242445785, "samples_all_within_1pct": 0.9741, "kernel_rows_within_5pct": 0.9597726775755422, "kernel_median": 0.0051287272945046425}
{"epoch": 304, "value_loss": 2.547423932017112, "kernel_loss": 14.073969028433975, "seconds": 23.637969493865967, "score": 0.06393591322132897, "samples_all_within_1pct": 0.9748, "kernel_rows_within_5pct": 0.961264086778671, "kernel_median": 0.0050475564785301685}
{"epoch": 305, "value_loss": 3.0301707830964304, "kernel_loss": 12.923211535628962, "seconds": 23.655556201934814, "score": 0.06396074523677397, "samples_all_within_1pct": 0.9737, "kernel_rows_within_5pct": 0.962339254763226, "kernel_median": 0.007057019975036383}
{"epoch": 306, "value_loss": 2.797548839024135, "kernel_loss": 14.018319027764457, "seconds": 22.97141695022583, "score": 0.07168484572864031, "samples_all_within_1pct": 0.9683, "kernel_rows_within_5pct": 0.9600151542713596, "kernel_median": 0.006123726721853018}
{"epoch": 307, "value_loss": 2.9512600777100544, "kernel_loss": 12.899135341449659, "seconds": 23.641223430633545, "score": 0.054411155557050006, "samples_all_within_1pct": 0.9814, "kernel_rows_within_5pct": 0.9641888444429499, "kernel_median": 0.004974334500730038}
{"epoch": 308, "value_loss": 3.013136386263127, "kernel_loss": 12.241747520407852, "seconds": 22.76165199279785, "score": 0.06132670242762828, "samples_all_within_1pct": 0.9763, "kernel_rows_within_5pct": 0.9623732975723718, "kernel_median": 0.004853446036577225}
{"epoch": 309, "value_loss": 3.147029746551903, "kernel_loss": 13.356804813657488, "seconds": 23.69792914390564, "score": 0.05821442938926158, "samples_all_within_1pct": 0.979, "kernel_rows_within_5pct": 0.9627855706107384, "kernel_median": 0.006626210641115904}
{"epoch": 310, "value_loss": 3.080710463377894, "kernel_loss": 12.408569987939329, "seconds": 23.595578908920288, "score": 0.05482700039619137, "samples_all_within_1pct": 0.9825, "kernel_rows_within_5pct": 0.9626729996038086, "kernel_median": 0.004606078378856182}
{"epoch": 311, "value_loss": 3.6778604272676976, "kernel_loss": 13.824773608421793, "seconds": 24.062460899353027, "score": 0.053728011300541834, "samples_all_within_1pct": 0.9809, "kernel_rows_within_5pct": 0.9653719886994582, "kernel_median": 0.005007573403418064}
{"epoch": 312, "value_loss": 2.874533996898301, "kernel_loss": 12.343943050929479, "seconds": 22.112722396850586, "score": 0.05395488536240667, "samples_all_within_1pct": 0.9821, "kernel_rows_within_5pct": 0.9639451146375934, "kernel_median": 0.004602326545864344}
{"epoch": 313, "value_loss": 2.2489032264874904, "kernel_loss": 13.305365090467491, "seconds": 23.528231859207153, "score": 0.05740298246335851, "samples_all_within_1pct": 0.9799, "kernel_rows_within_5pct": 0.9626970175366415, "kernel_median": 0.006305607035756111}
{"epoch": 314, "value_loss": 2.9128551215541605, "kernel_loss": 12.65550420722183, "seconds": 22.86813449859619, "score": 0.050387822678316874, "samples_all_within_1pct": 0.9845, "kernel_rows_within_5pct": 0.9651121773216831, "kernel_median": 0.0043824766762554646}
{"epoch": 315, "value_loss": 3.4743821633105374, "kernel_loss": 11.625958102090019, "seconds": 23.17579960823059, "score": 0.06005407401575036, "samples_all_within_1pct": 0.9792, "kernel_rows_within_5pct": 0.9607459259842497, "kernel_median": 0.005613650660961866}
{"epoch": 316, "value_loss": 2.7041504839245154, "kernel_loss": 12.260681424822126, "seconds": 22.60941743850708, "score": 0.05381091608781707, "samples_all_within_1pct": 0.9814, "kernel_rows_within_5pct": 0.9647890839121829, "kernel_median": 0.004466434009373188}
{"epoch": 317, "value_loss": 2.7030485546102327, "kernel_loss": 12.514750597428302, "seconds": 21.189383029937744, "score": 0.0570566879395934, "samples_all_within_1pct": 0.9809, "kernel_rows_within_5pct": 0.9620433120604066, "kernel_median": 0.005648843012750149}
{"epoch": 318, "value_loss": 3.072093093273591, "kernel_loss": 12.496230290860545, "seconds": 23.69866371154785, "score": 0.06130349857740747, "samples_all_within_1pct": 0.9752, "kernel_rows_within_5pct": 0.9634965014225926, "kernel_median": 0.004483954515308142}
{"epoch": 319, "value_loss": 1.9616250243722175, "kernel_loss": 12.179948407776502, "seconds": 23.438462257385254, "score": 0.05739754302812661, "samples_all_within_1pct": 0.9804, "kernel_rows_within_5pct": 0.9622024569718733, "kernel_median": 0.005091935861855745}
{"epoch": 320, "value_loss": 2.2292260405968647, "kernel_loss": 13.063085731194944, "seconds": 22.301918268203735, "score": 0.06233224956762495, "samples_all_within_1pct": 0.9735, "kernel_rows_within_5pct": 0.964167750432375, "kernel_median": 0.005424694158136845}
{"epoch": 321, "value_loss": 2.5726138116145623, "kernel_loss": 12.036768154222138, "seconds": 23.098963499069214, "score": 0.061937553416404834, "samples_all_within_1pct": 0.9762, "kernel_rows_within_5pct": 0.9618624465835952, "kernel_median": 0.005733455065637827}
{"epoch": 322, "value_loss": 2.261177585441239, "kernel_loss": 12.091729684751861, "seconds": 23.278992176055908, "score": 0.05857434847180154, "samples_all_within_1pct": 0.9776, "kernel_rows_within_5pct": 0.9638256515281984, "kernel_median": 0.005895928014069796}
{"epoch": 323, "value_loss": 4.0710285792545395, "kernel_loss": 11.254468830264344, "seconds": 22.46669316291809, "score": 0.04816713434107012, "samples_all_within_1pct": 0.9851, "kernel_rows_within_5pct": 0.9667328656589299, "kernel_median": 0.00819405633956194}
{"epoch": 324, "value_loss": 2.388570067833881, "kernel_loss": 11.773477252648801, "seconds": 23.26196551322937, "score": 0.05574608571394557, "samples_all_within_1pct": 0.9818, "kernel_rows_within_5pct": 0.9624539142860544, "kernel_median": 0.0064855278469622135}
{"epoch": 325, "value_loss": 2.607102142913001, "kernel_loss": 11.676508611562301, "seconds": 23.23958158493042, "score": 0.04791847192063481, "samples_all_within_1pct": 0.9853, "kernel_rows_within_5pct": 0.9667815280793652, "kernel_median": 0.004320873878896236}
{"epoch": 326, "value_loss": 2.5451310684486312, "kernel_loss": 10.833694779143041, "seconds": 23.02382779121399, "score": 0.04857417679579468, "samples_all_within_1pct": 0.9856, "kernel_rows_within_5pct": 0.9658258232042053, "kernel_median": 0.004390045069158077}
{"epoch": 327, "value_loss": 2.079215319180975, "kernel_loss": 11.043999934683042, "seconds": 23.505002975463867, "score": 0.05555376128137979, "samples_all_within_1pct": 0.9803, "kernel_rows_within_5pct": 0.9641462387186203, "kernel_median": 0.005066036246716976}
{"epoch": 328, "value_loss": 1.756490552911953, "kernel_loss": 11.614200450936142, "seconds": 23.247820615768433, "score": 0.05250783251940394, "samples_all_within_1pct": 0.9823, "kernel_rows_within_5pct": 0.9651921674805961, "kernel_median": 0.00746123306453228}
{"epoch": 329, "value_loss": 2.0846281355741074, "kernel_loss": 11.028578505224111, "seconds": 22.84486961364746, "score": 0.05201261478222308, "samples_all_within_1pct": 0.9817, "kernel_rows_within_5pct": 0.9662873852177769, "kernel_median": 0.005117350723594427}
{"epoch": 330, "value_loss": 1.984776156289237, "kernel_loss": 11.640012580521253, "seconds": 23.691153049468994, "score": 0.05168849843852108, "samples_all_within_1pct": 0.9828, "kernel_rows_within_5pct": 0.9655115015614789, "kernel_median": 0.005816249176859856}
{"epoch": 331, "value_loss": 1.9728475690496212, "kernel_loss": 11.101296215641256, "seconds": 23.053030490875244, "score": 0.05072166592976857, "samples_all_within_1pct": 0.9837, "kernel_rows_within_5pct": 0.9655783340702314, "kernel_median": 0.004164531361311674}
{"epoch": 332, "value_loss": 1.9804616266367387, "kernel_loss": 11.095797261413264, "seconds": 22.998371124267578, "score": 0.05139910066416886, "samples_all_within_1pct": 0.9835, "kernel_rows_within_5pct": 0.9651008993358311, "kernel_median": 0.0049230363219976425}
{"epoch": 333, "value_loss": 1.8983426650567932, "kernel_loss": 11.348163152227597, "seconds": 23.57117772102356, "score": 0.0511474837038326, "samples_all_within_1pct": 0.9831, "kernel_rows_within_5pct": 0.9657525162961674, "kernel_median": 0.005005180835723877}
{"epoch": 334, "value_loss": 2.0253704378799515, "kernel_loss": 11.173464938085907, "seconds": 23.550456523895264, "score": 0.05107505211369301, "samples_all_within_1pct": 0.9832, "kernel_rows_within_5pct": 0.965724947886307, "kernel_median": 0.004389096982777119}
{"epoch": 335, "value_loss": 2.255419683699705, "kernel_loss": 10.917516645120115, "seconds": 23.402606964111328, "score": 0.04590983847626884, "samples_all_within_1pct": 0.9866, "kernel_rows_within_5pct": 0.9674901615237311, "kernel_median": 0.003971877973526716}
{"epoch": 336, "value_loss": 1.899875559368912, "kernel_loss": 10.41257518651534, "seconds": 23.670596599578857, "score": 0.04898949075507997, "samples_all_within_1pct": 0.9838, "kernel_rows_within_5pct": 0.96721050924492, "kernel_median": 0.004506826866418123}
{"epoch": 337, "value_loss": 1.7292613843265845, "kernel_loss": 10.542301693741155, "seconds": 22.97900128364563, "score": 0.0473878412661084, "samples_all_within_1pct": 0.9865, "kernel_rows_within_5pct": 0.9661121587338916, "kernel_median": 0.004247206263244152}
{"epoch": 338, "value_loss": 1.8933659135078897, "kernel_loss": 10.748128180601158, "seconds": 23.736129760742188, "score": 0.04702660783874313, "samples_all_within_1pct": 0.9867, "kernel_rows_within_5pct": 0.9662733921612568, "kernel_median": 0.004807301331311464}
{"epoch": 339, "value_loss": 1.98641693561661, "kernel_loss": 10.579032297037086, "seconds": 23.34162139892578, "score": 0.0454253426993525, "samples_all_within_1pct": 0.9867, "kernel_rows_within_5pct": 0.9678746573006475, "kernel_median": 0.004383578896522522}
{"epoch": 340, "value_loss": 1.8314078495818742, "kernel_loss": 10.497428144727435, "seconds": 22.5747811794281, "score": 0.04424192179802844, "samples_all_within_1pct": 0.9881, "kernel_rows_within_5pct": 0.9676580782019716, "kernel_median": 0.004113857634365559}
{"epoch": 341, "value_loss": 1.9793352198844054, "kernel_loss": 9.870889354725273, "seconds": 22.725794792175293, "score": 0.04755800610640282, "samples_all_within_1pct": 0.9869, "kernel_rows_within_5pct": 0.9655419938935972, "kernel_median": 0.004508136305958033}
{"epoch": 342, "value_loss": 1.706173765416048, "kernel_loss": 10.03630597980655, "seconds": 23.44450330734253, "score": 0.04805179905803747, "samples_all_within_1pct": 0.9855, "kernel_rows_within_5pct": 0.9664482009419625, "kernel_median": 0.004385681357234716}
{"epoch": 343, "value_loss": 1.4376071585076196, "kernel_loss": 10.426011572078783, "seconds": 23.330327033996582, "score": 0.047500043775293266, "samples_all_within_1pct": 0.9861, "kernel_rows_within_5pct": 0.9663999562247068, "kernel_median": 0.005315212532877922}
{"epoch": 344, "value_loss": 1.7013456836646916, "kernel_loss": 10.148210754199903, "seconds": 23.071074724197388, "score": 0.04523800282325574, "samples_all_within_1pct": 0.9867, "kernel_rows_within_5pct": 0.9680619971767442, "kernel_median": 0.004120903089642525}
{"epoch": 345, "value_loss": 1.9784150059734071, "kernel_loss": 10.045009418409698, "seconds": 22.835518836975098, "score": 0.04615942542003715, "samples_all_within_1pct": 0.9861, "kernel_rows_within_5pct": 0.9677405745799629, "kernel_median": 0.004399541765451431}
{"epoch": 346, "value_loss": 1.9988462934080435, "kernel_loss": 9.360819784962402, "seconds": 23.627710342407227, "score": 0.044526825984228746, "samples_all_within_1pct": 0.9887, "kernel_rows_within_5pct": 0.9667731740157712, "kernel_median": 0.004219820257276297}
{"epoch": 347, "value_loss": 1.509039290097295, "kernel_loss": 10.084650156449298, "seconds": 22.807735443115234, "score": 0.0476587403659372, "samples_all_within_1pct": 0.9855, "kernel_rows_within_5pct": 0.9668412596340628, "kernel_median": 0.004280500579625368}
{"epoch": 348, "value_loss": 1.6489517898583899, "kernel_loss": 9.642321703385333, "seconds": 23.675336360931396, "score": 0.044986566832821984, "samples_all_within_1pct": 0.9878, "kernel_rows_within_5pct": 0.967213433167178, "kernel_median": 0.00402542669326067}
{"epoch": 349, "value_loss": 1.5056204917479534, "kernel_loss": 9.924329027837636, "seconds": 22.653963327407837, "score": 0.04373475031479157, "samples_all_within_1pct": 0.9879, "kernel_rows_within_5pct": 0.9683652496852084, "kernel_median": 0.004556457977741957}
{"epoch": 350, "value_loss": 1.6386344587924528, "kernel_loss": 9.325192585283396, "seconds": 22.209243535995483, "score": 0.04667712859973994, "samples_all_within_1pct": 0.986, "kernel_rows_within_5pct": 0.9673228714002601, "kernel_median": 0.005158631131052971}
{"epoch": 351, "value_loss": 1.412109622541739, "kernel_loss": 9.548838131281794, "seconds": 23.38413953781128, "score": 0.04292820538632425, "samples_all_within_1pct": 0.988, "kernel_rows_within_5pct": 0.9690717946136758, "kernel_median": 0.0038921749219298363}
{"epoch": 352, "value_loss": 1.320784521650295, "kernel_loss": 9.664573484537552, "seconds": 23.22284507751465, "score": 0.04345308934315972, "samples_all_within_1pct": 0.9881, "kernel_rows_within_5pct": 0.9684469106568403, "kernel_median": 0.004244430456310511}
{"epoch": 353, "value_loss": 1.2128166075871916, "kernel_loss": 9.494462524141584, "seconds": 22.54628300666809, "score": 0.04318402070220495, "samples_all_within_1pct": 0.9895, "kernel_rows_within_5pct": 0.967315979297795, "kernel_median": 0.0038701007142663}
{"epoch": 354, "value_loss": 1.1985837406649882, "kernel_loss": 9.624454770769391, "seconds": 22.809141397476196, "score": 0.041808822100006915, "samples_all_within_1pct": 0.9892, "kernel_rows_within_5pct": 0.9689911778999931, "kernel_median": 0.0038163878489285707}
{"epoch": 355, "value_loss": 1.4577722412591079, "kernel_loss": 9.453160709264328, "seconds": 22.720370054244995, "score": 0.04318528310563985, "samples_all_within_1pct": 0.989, "kernel_rows_within_5pct": 0.9678147168943602, "kernel_median": 0.0041287546046078205}
{"epoch": 356, "value_loss": 1.2753144523927145, "kernel_loss": 9.447719642094203, "seconds": 23.561381816864014, "score": 0.04102920973273472, "samples_all_within_1pct": 0.9898, "kernel_rows_within_5pct": 0.9691707902672653, "kernel_median": 0.004314715508371592}
{"epoch": 357, "value_loss": 1.4455698926229865, "kernel_loss": 8.856954277778158, "seconds": 22.7607204914093, "score": 0.04430504418359804, "samples_all_within_1pct": 0.9877, "kernel_rows_within_5pct": 0.9679949558164019, "kernel_median": 0.004834271036088467}
{"epoch": 358, "value_loss": 1.1685178219055643, "kernel_loss": 9.31576371922785, "seconds": 23.409724235534668, "score": 0.041483968760814505, "samples_all_within_1pct": 0.9895, "kernel_rows_within_5pct": 0.9690160312391854, "kernel_median": 0.004121575504541397}
{"epoch": 359, "value_loss": 1.5190226417414996, "kernel_loss": 8.739762432721196, "seconds": 21.57972478866577, "score": 0.03987132722470288, "samples_all_within_1pct": 0.9903, "kernel_rows_within_5pct": 0.9698286727752972, "kernel_median": 0.003958951216191053}
{"epoch": 360, "value_loss": 1.146119305978016, "kernel_loss": 8.951150329745545, "seconds": 23.475658416748047, "score": 0.041567896482291755, "samples_all_within_1pct": 0.9889, "kernel_rows_within_5pct": 0.9695321035177082, "kernel_median": 0.0037461500614881516}
{"epoch": 361, "value_loss": 1.125783577257273, "kernel_loss": 9.418903584382972, "seconds": 22.703614711761475, "score": 0.04213483943176499, "samples_all_within_1pct": 0.9892, "kernel_rows_within_5pct": 0.968665160568235, "kernel_median": 0.003750507952645421}
{"epoch": 362, "value_loss": 1.5218389022107026, "kernel_loss": 8.704500375961771, "seconds": 23.179304599761963, "score": 0.04336974826491313, "samples_all_within_1pct": 0.9886, "kernel_rows_within_5pct": 0.9680302517350868, "kernel_median": 0.004166657570749521}
{"epoch": 363, "value_loss": 1.1551209934511963, "kernel_loss": 9.340726852416992, "seconds": 23.983415842056274, "score": 0.04028751923784202, "samples_all_within_1pct": 0.9907, "kernel_rows_within_5pct": 0.969012480762158, "kernel_median": 0.0037280558608472347}
{"epoch": 364, "value_loss": 1.5736582981688636, "kernel_loss": 8.577189241136823, "seconds": 23.79834008216858, "score": 0.041008791482363915, "samples_all_within_1pct": 0.9894, "kernel_rows_within_5pct": 0.9695912085176361, "kernel_median": 0.00388170313090086}
{"epoch": 365, "value_loss": 1.1468973959587059, "kernel_loss": 8.87977043219975, "seconds": 23.033064365386963, "score": 0.040334440316376785, "samples_all_within_1pct": 0.99, "kernel_rows_within_5pct": 0.9696655596836232, "kernel_median": 0.004774029366672039}
{"epoch": 366, "value_loss": 1.322015189394659, "kernel_loss": 8.476890632084437, "seconds": 23.18195652961731, "score": 0.03902867229493845, "samples_all_within_1pct": 0.9915, "kernel_rows_within_5pct": 0.9694713277050615, "kernel_median": 0.0037732988130301237}
{"epoch": 367, "value_loss": 1.1154211166561867, "kernel_loss": 8.846746700150627, "seconds": 22.889789581298828, "score": 0.04032395782534537, "samples_all_within_1pct": 0.9899, "kernel_rows_within_5pct": 0.9697760421746546, "kernel_median": 0.00371606950648129}
{"epoch": 368, "value_loss": 1.2196140833655182, "kernel_loss": 8.58358548855295, "seconds": 23.26263689994812, "score": 0.040551387912797776, "samples_all_within_1pct": 0.9904, "kernel_rows_within_5pct": 0.9690486120872023, "kernel_median": 0.0038188272155821323}
{"epoch": 369, "value_loss": 1.1638891277264576, "kernel_loss": 8.4903973559944, "seconds": 23.37282657623291, "score": 0.03942400703077997, "samples_all_within_1pct": 0.9904, "kernel_rows_within_5pct": 0.9701759929692201, "kernel_median": 0.003462072927504778}
{"epoch": 370, "value_loss": 1.0257858424162378, "kernel_loss": 8.586622527667455, "seconds": 23.21203589439392, "score": 0.039938279468071713, "samples_all_within_1pct": 0.9906, "kernel_rows_within_5pct": 0.9694617205319283, "kernel_median": 0.003737704362720251}
{"epoch": 371, "value_loss": 1.1506480033300361, "kernel_loss": 8.407969496688064, "seconds": 22.65508246421814, "score": 0.038538675847504034, "samples_all_within_1pct": 0.9909, "kernel_rows_within_5pct": 0.970561324152496, "kernel_median": 0.0035214400850236416}
{"epoch": 372, "value_loss": 0.9224202058144978, "kernel_loss": 8.631328587629357, "seconds": 23.262802839279175, "score": 0.041583311588402005, "samples_all_within_1pct": 0.9888, "kernel_rows_within_5pct": 0.969616688411598, "kernel_median": 0.0036580353043973446}
{"epoch": 373, "value_loss": 1.0157912914850273, "kernel_loss": 8.349130579403468, "seconds": 22.717111110687256, "score": 0.03921365356826079, "samples_all_within_1pct": 0.9903, "kernel_rows_within_5pct": 0.9704863464317393, "kernel_median": 0.003891757922247052}
{"epoch": 374, "value_loss": 0.9730198453275525, "kernel_loss": 8.363341801020564, "seconds": 22.98020362854004, "score": 0.039131574893449206, "samples_all_within_1pct": 0.9903, "kernel_rows_within_5pct": 0.9705684251065508, "kernel_median": 0.0037306940648704767}
{"epoch": 375, "value_loss": 0.9607877153523114, "kernel_loss": 8.313656303347374, "seconds": 21.138015508651733, "score": 0.03816136084772026, "samples_all_within_1pct": 0.9911, "kernel_rows_within_5pct": 0.9707386391522798, "kernel_median": 0.0034298542886972427}
{"epoch": 376, "value_loss": 1.0675494564431054, "kernel_loss": 8.261034391364273, "seconds": 23.226306200027466, "score": 0.039886662507735315, "samples_all_within_1pct": 0.99, "kernel_rows_within_5pct": 0.9701133374922647, "kernel_median": 0.003523163963109255}
{"epoch": 377, "value_loss": 0.9901092724532498, "kernel_loss": 7.994452345127962, "seconds": 22.192710399627686, "score": 0.038372878302805113, "samples_all_within_1pct": 0.9915, "kernel_rows_within_5pct": 0.9701271216971948, "kernel_median": 0.0034522253554314375}
{"epoch": 378, "value_loss": 0.8783391175829635, "kernel_loss": 8.221527547252421, "seconds": 23.11867046356201, "score": 0.038373732296955954, "samples_all_within_1pct": 0.9905, "kernel_rows_within_5pct": 0.971126267703044, "kernel_median": 0.003113256301730871}
{"epoch": 379, "value_loss": 0.8677944902862821, "kernel_loss": 8.178000603403364, "seconds": 20.930640697479248, "score": 0.03719900333932802, "samples_all_within_1pct": 0.9917, "kernel_rows_within_5pct": 0.971100996660672, "kernel_median": 0.003463957691565156}
{"epoch": 380, "value_loss": 0.887109708116979, "kernel_loss": 7.799095433585498, "seconds": 23.185418367385864, "score": 0.037766044699670376, "samples_all_within_1pct": 0.9912, "kernel_rows_within_5pct": 0.9710339553003297, "kernel_median": 0.003364002564921975}
{"epoch": 381, "value_loss": 1.0433160756923714, "kernel_loss": 7.837184083705046, "seconds": 21.59415292739868, "score": 0.037741022420427095, "samples_all_within_1pct": 0.9913, "kernel_rows_within_5pct": 0.970958977579573, "kernel_median": 0.0037747209426015615}
{"epoch": 382, "value_loss": 0.81935338858439, "kernel_loss": 7.886009104397832, "seconds": 23.47608208656311, "score": 0.037672509805059984, "samples_all_within_1pct": 0.9918, "kernel_rows_within_5pct": 0.97052749019494, "kernel_median": 0.0033691590651869774}
{"epoch": 383, "value_loss": 0.8083193989432588, "kernel_loss": 8.002751391761157, "seconds": 20.916494846343994, "score": 0.03986904844500594, "samples_all_within_1pct": 0.9893, "kernel_rows_within_5pct": 0.9708309515549941, "kernel_median": 0.0034945220686495304}
{"epoch": 384, "value_loss": 0.9046403212206704, "kernel_loss": 7.750336605675367, "seconds": 22.84109592437744, "score": 0.03861592031810612, "samples_all_within_1pct": 0.9903, "kernel_rows_within_5pct": 0.9710840796818939, "kernel_median": 0.003541882149875164}
{"epoch": 385, "value_loss": 0.817104617247776, "kernel_loss": 7.908524715170568, "seconds": 22.140687704086304, "score": 0.03778639242085935, "samples_all_within_1pct": 0.9909, "kernel_rows_within_5pct": 0.9713136075791406, "kernel_median": 0.0030441596172749996}
{"epoch": 386, "value_loss": 0.7406389159815652, "kernel_loss": 7.739174263817923, "seconds": 22.2546648979187, "score": 0.03714331978791541, "samples_all_within_1pct": 0.9919, "kernel_rows_within_5pct": 0.9709566802120846, "kernel_median": 0.003261200152337551}
{"epoch": 387, "value_loss": 0.7792703436345471, "kernel_loss": 7.7667005159416975, "seconds": 22.564096689224243, "score": 0.03621873379964324, "samples_all_within_1pct": 0.9919, "kernel_rows_within_5pct": 0.9718812662003568, "kernel_median": 0.0036372279282659292}
{"epoch": 388, "value_loss": 0.7946606886630155, "kernel_loss": 7.513339417321341, "seconds": 20.665571689605713, "score": 0.0376918225621955, "samples_all_within_1pct": 0.991, "kernel_rows_within_5pct": 0.9713081774378045, "kernel_median": 0.0032412975560873747}
{"epoch": 389, "value_loss": 0.7015678548083013, "kernel_loss": 7.719567617591546, "seconds": 22.702261209487915, "score": 0.035516307403642644, "samples_all_within_1pct": 0.9928, "kernel_rows_within_5pct": 0.9716836925963573, "kernel_median": 0.003268690314143896}
{"epoch": 390, "value_loss": 0.7940937624293931, "kernel_loss": 7.604894842420306, "seconds": 22.65732455253601, "score": 0.03663139392354653, "samples_all_within_1pct": 0.9913, "kernel_rows_within_5pct": 0.9720686060764535, "kernel_median": 0.0033297839108854532}
{"epoch": 391, "value_loss": 0.7137743836762954, "kernel_loss": 7.505673469329367, "seconds": 23.159974575042725, "score": 0.03635610894033092, "samples_all_within_1pct": 0.9923, "kernel_rows_within_5pct": 0.9713438910596691, "kernel_median": 0.0032926362473517656}
{"epoch": 392, "value_loss": 0.7806758594756223, "kernel_loss": 7.549068392539511, "seconds": 22.426177501678467, "score": 0.03606664993069264, "samples_all_within_1pct": 0.9918, "kernel_rows_within_5pct": 0.9721333500693073, "kernel_median": 0.003375789150595665}
{"epoch": 393, "value_loss": 0.649833967491072, "kernel_loss": 7.6087462926397516, "seconds": 22.22808837890625, "score": 0.036893293817220285, "samples_all_within_1pct": 0.9913, "kernel_rows_within_5pct": 0.9718067061827798, "kernel_median": 0.0032065538689494133}
{"epoch": 394, "value_loss": 0.7514330280982718, "kernel_loss": 7.3390026725068385, "seconds": 22.872326850891113, "score": 0.03591255736892107, "samples_all_within_1pct": 0.9919, "kernel_rows_within_5pct": 0.9721874426310789, "kernel_median": 0.003526811022311449}
{"epoch": 395, "value_loss": 0.7440787302900334, "kernel_loss": 7.343366914865922, "seconds": 22.288872480392456, "score": 0.03658432249275234, "samples_all_within_1pct": 0.9911, "kernel_rows_within_5pct": 0.9723156775072477, "kernel_median": 0.0038313844706863165}
{"epoch": 396, "value_loss": 0.7807487632547107, "kernel_loss": 7.142750007765634, "seconds": 22.472261667251587, "score": 0.035411930814151615, "samples_all_within_1pct": 0.9924, "kernel_rows_within_5pct": 0.9721880691858484, "kernel_median": 0.003113693557679653}
{"epoch": 397, "value_loss": 0.6012528195064895, "kernel_loss": 7.44199897075186, "seconds": 22.77459192276001, "score": 0.03569939971876046, "samples_all_within_1pct": 0.9921, "kernel_rows_within_5pct": 0.9722006002812396, "kernel_median": 0.00305697089061141}
{"epoch": 398, "value_loss": 0.7280741498178366, "kernel_loss": 7.233704863762369, "seconds": 22.49372386932373, "score": 0.03547897217449392, "samples_all_within_1pct": 0.9924, "kernel_rows_within_5pct": 0.9721210278255061, "kernel_median": 0.0031913374550640583}
{"epoch": 399, "value_loss": 0.6923589244180796, "kernel_loss": 7.17703288915206, "seconds": 22.283813953399658, "score": 0.03745059897591707, "samples_all_within_1pct": 0.991, "kernel_rows_within_5pct": 0.9715494010240829, "kernel_median": 0.003252673428505659}
{"epoch": 400, "value_loss": 0.6145416520992104, "kernel_loss": 7.349070733907271, "seconds": 22.502588748931885, "score": 0.034318783005077846, "samples_all_within_1pct": 0.9934, "kernel_rows_within_5pct": 0.9722812169949222, "kernel_median": 0.0030414466746151447}
{"epoch": 401, "value_loss": 0.6016512161919049, "kernel_loss": 7.30880115713392, "seconds": 22.887048482894897, "score": 0.034504163393788256, "samples_all_within_1pct": 0.9932, "kernel_rows_within_5pct": 0.9722958366062118, "kernel_median": 0.0029964407440274954}
{"epoch": 402, "value_loss": 0.6881940469753985, "kernel_loss": 6.979163532354394, "seconds": 22.950733184814453, "score": 0.03436569478971674, "samples_all_within_1pct": 0.9932, "kernel_rows_within_5pct": 0.9724343052102833, "kernel_median": 0.003109911922365427}
{"epoch": 403, "value_loss": 0.5698526582243492, "kernel_loss": 7.149236316583594, "seconds": 21.91676139831543, "score": 0.034863357510689474, "samples_all_within_1pct": 0.9926, "kernel_rows_within_5pct": 0.9725366424893105, "kernel_median": 0.0029863545205444098}
{"epoch": 404, "value_loss": 0.5712212293731923, "kernel_loss": 7.098234449114118, "seconds": 22.96748948097229, "score": 0.03448528692762398, "samples_all_within_1pct": 0.993, "kernel_rows_within_5pct": 0.972514713072376, "kernel_median": 0.0029769979882985353}
{"epoch": 405, "value_loss": 0.62321345873025, "kernel_loss": 7.056510304918095, "seconds": 22.50681710243225, "score": 0.03490383480758186, "samples_all_within_1pct": 0.9925, "kernel_rows_within_5pct": 0.9725961651924181, "kernel_median": 0.002949593123048544}
{"epoch": 406, "value_loss": 0.7258257564841485, "kernel_loss": 6.924404784124725, "seconds": 23.443821907043457, "score": 0.033769085620589, "samples_all_within_1pct": 0.9934, "kernel_rows_within_5pct": 0.972830914379411, "kernel_median": 0.002982202684506774}
{"epoch": 407, "value_loss": 0.6142593944559291, "kernel_loss": 6.923176826262961, "seconds": 23.52327823638916, "score": 0.03414301908339634, "samples_all_within_1pct": 0.9931, "kernel_rows_within_5pct": 0.9727569809166037, "kernel_median": 0.00319269229657948}
{"epoch": 408, "value_loss": 0.5418171875026762, "kernel_loss": 7.014416096161823, "seconds": 22.677912712097168, "score": 0.03415391927760747, "samples_all_within_1pct": 0.9932, "kernel_rows_within_5pct": 0.9726460807223926, "kernel_median": 0.0027968394570052624}
{"epoch": 409, "value_loss": 0.526646474186255, "kernel_loss": 7.082789498932508, "seconds": 22.677663326263428, "score": 0.034435122634520754, "samples_all_within_1pct": 0.9929, "kernel_rows_within_5pct": 0.9726648773654792, "kernel_median": 0.0029498054645955563}
{"epoch": 410, "value_loss": 0.5445663185448063, "kernel_loss": 7.078893622573541, "seconds": 22.84683871269226, "score": 0.03272439138036076, "samples_all_within_1pct": 0.9944, "kernel_rows_within_5pct": 0.9728756086196393, "kernel_median": 0.002877697581425309}
{"epoch": 411, "value_loss": 0.5547464851822171, "kernel_loss": 6.864659747298883, "seconds": 21.446412086486816, "score": 0.03332568440143868, "samples_all_within_1pct": 0.9939, "kernel_rows_within_5pct": 0.9727743155985613, "kernel_median": 0.0029976314399391413}
{"epoch": 412, "value_loss": 0.5172027478716812, "kernel_loss": 6.821020870792623, "seconds": 23.147677183151245, "score": 0.03389080618593354, "samples_all_within_1pct": 0.9933, "kernel_rows_within_5pct": 0.9728091938140665, "kernel_median": 0.00288078049197793}
{"epoch": 413, "value_loss": 0.577986829895146, "kernel_loss": 6.8086556098899065, "seconds": 22.995442390441895, "score": 0.03335100464924523, "samples_all_within_1pct": 0.9935, "kernel_rows_within_5pct": 0.9731489953507547, "kernel_median": 0.002877364167943597}
{"epoch": 414, "value_loss": 0.5456953995994159, "kernel_loss": 6.758304338065946, "seconds": 23.078550815582275, "score": 0.032759945356070075, "samples_all_within_1pct": 0.994, "kernel_rows_within_5pct": 0.9732400546439299, "kernel_median": 0.0027069600764662027}
{"epoch": 415, "value_loss": 0.5531881726822074, "kernel_loss": 6.709190813862548, "seconds": 21.643794298171997, "score": 0.03207477381894941, "samples_all_within_1pct": 0.9947, "kernel_rows_within_5pct": 0.9732252261810506, "kernel_median": 0.002757710637524724}
{"epoch": 416, "value_loss": 0.5520640299940596, "kernel_loss": 6.708154892434879, "seconds": 23.323286056518555, "score": 0.0335955299494225, "samples_all_within_1pct": 0.9934, "kernel_rows_within_5pct": 0.9730044700505776, "kernel_median": 0.0027131778188049793}
{"epoch": 417, "value_loss": 0.4952807870446419, "kernel_loss": 6.759262573962309, "seconds": 23.175472259521484, "score": 0.033622600833025484, "samples_all_within_1pct": 0.9932, "kernel_rows_within_5pct": 0.9731773991669745, "kernel_median": 0.0027807571459561586}
{"epoch": 418, "value_loss": 0.47925505635081506, "kernel_loss": 6.858328038332414, "seconds": 21.356489896774292, "score": 0.03296015420765985, "samples_all_within_1pct": 0.9938, "kernel_rows_within_5pct": 0.9732398457923401, "kernel_median": 0.002832048572599888}
{"epoch": 419, "value_loss": 0.474709400260935, "kernel_loss": 6.712660526742741, "seconds": 23.148834228515625, "score": 0.032347165497550345, "samples_all_within_1pct": 0.9943, "kernel_rows_within_5pct": 0.9733528345024497, "kernel_median": 0.002787905279546976}
{"epoch": 420, "value_loss": 0.4682975981612595, "kernel_loss": 6.5977193701023955, "seconds": 23.222442626953125, "score": 0.033358941009659526, "samples_all_within_1pct": 0.9935, "kernel_rows_within_5pct": 0.9731410589903404, "kernel_median": 0.0029098151717334986}
{"epoch": 421, "value_loss": 0.501143562246342, "kernel_loss": 6.53308878382858, "seconds": 23.14563798904419, "score": 0.03243943798872584, "samples_all_within_1pct": 0.9942, "kernel_rows_within_5pct": 0.9733605620112742, "kernel_median": 0.0027369612362235785}
{"epoch": 422, "value_loss": 0.4705257730520501, "kernel_loss": 6.605107475300224, "seconds": 23.481863975524902, "score": 0.03249578800644681, "samples_all_within_1pct": 0.9941, "kernel_rows_within_5pct": 0.9734042119935532, "kernel_median": 0.0027861918788403273}
{"epoch": 423, "value_loss": 0.452534768502323, "kernel_loss": 6.475504145330312, "seconds": 22.985410690307617, "score": 0.03237423638115333, "samples_all_within_1pct": 0.9941, "kernel_rows_within_5pct": 0.9735257636188467, "kernel_median": 0.002741415286436677}
{"epoch": 424, "value_loss": 0.47438823751040865, "kernel_loss": 6.587422205477345, "seconds": 22.649407625198364, "score": 0.03235794595714492, "samples_all_within_1pct": 0.9941, "kernel_rows_within_5pct": 0.9735420540428551, "kernel_median": 0.002715646754950285}
{"epoch": 425, "value_loss": 0.4869977162808788, "kernel_loss": 6.4548119841789715, "seconds": 23.14275336265564, "score": 0.03244019357200756, "samples_all_within_1pct": 0.994, "kernel_rows_within_5pct": 0.9735598064279924, "kernel_median": 0.00276259146630764}
{"epoch": 426, "value_loss": 0.44038869318913443, "kernel_loss": 6.442073291661788, "seconds": 22.861788272857666, "score": 0.03255572841273424, "samples_all_within_1pct": 0.9941, "kernel_rows_within_5pct": 0.9733442715872658, "kernel_median": 0.0028054658323526382}
{"epoch": 427, "value_loss": 0.43950824165830804, "kernel_loss": 6.493761325369076, "seconds": 22.38903832435608, "score": 0.03296442035643021, "samples_all_within_1pct": 0.9935, "kernel_rows_within_5pct": 0.9735355796435697, "kernel_median": 0.0026401423383504152}
{"epoch": 428, "value_loss": 0.4406734387181243, "kernel_loss": 6.4386878840777335, "seconds": 23.203200340270996, "score": 0.03211158090419797, "samples_all_within_1pct": 0.9943, "kernel_rows_within_5pct": 0.9735884190958021, "kernel_median": 0.0026861659716814756}
{"epoch": 429, "value_loss": 0.45450884499111954, "kernel_loss": 6.402944795939387, "seconds": 23.112060546875, "score": 0.03172779150512861, "samples_all_within_1pct": 0.9945, "kernel_rows_within_5pct": 0.9737722084948713, "kernel_median": 0.0026253454852849245}
{"epoch": 430, "value_loss": 0.4394432459862865, "kernel_loss": 6.312447202448943, "seconds": 22.660760641098022, "score": 0.03212975099251503, "samples_all_within_1pct": 0.9943, "kernel_rows_within_5pct": 0.973570249007485, "kernel_median": 0.002657488686963916}
{"epoch": 431, "value_loss": 0.4235420088682856, "kernel_loss": 6.368748248839865, "seconds": 22.12093687057495, "score": 0.03289445507383004, "samples_all_within_1pct": 0.9935, "kernel_rows_within_5pct": 0.9736055449261699, "kernel_median": 0.002627488225698471}
{"epoch": 432, "value_loss": 0.41618037375868583, "kernel_loss": 6.407294978900832, "seconds": 23.343321561813354, "score": 0.032312963042249176, "samples_all_within_1pct": 0.9939, "kernel_rows_within_5pct": 0.9737870369577508, "kernel_median": 0.0026243242900818586}
{"epoch": 433, "value_loss": 0.4203970667963125, "kernel_loss": 6.354565165480789, "seconds": 23.38923692703247, "score": 0.031976831717205, "samples_all_within_1pct": 0.9942, "kernel_rows_within_5pct": 0.973823168282795, "kernel_median": 0.002584849251434207}
{"epoch": 434, "value_loss": 0.4273187008743383, "kernel_loss": 6.404667379904766, "seconds": 23.005071878433228, "score": 0.03222900470312895, "samples_all_within_1pct": 0.9939, "kernel_rows_within_5pct": 0.973870995296871, "kernel_median": 0.0026787202805280685}
{"epoch": 435, "value_loss": 0.405754490774505, "kernel_loss": 6.21416978690089, "seconds": 22.104320287704468, "score": 0.032008368307272494, "samples_all_within_1pct": 0.9942, "kernel_rows_within_5pct": 0.9737916316927275, "kernel_median": 0.0026485775597393513}
{"epoch": 436, "value_loss": 0.40829943120479584, "kernel_loss": 6.343588911757177, "seconds": 23.059345960617065, "score": 0.03197428558658788, "samples_all_within_1pct": 0.9941, "kernel_rows_within_5pct": 0.9739257144134121, "kernel_median": 0.002581461798399687}
{"epoch": 437, "value_loss": 0.4007090860787703, "kernel_loss": 6.290535491340014, "seconds": 23.13028120994568, "score": 0.03211142125804256, "samples_all_within_1pct": 0.9939, "kernel_rows_within_5pct": 0.9739885787419574, "kernel_median": 0.002562781097367406}
{"epoch": 438, "value_loss": 0.40335076347905763, "kernel_loss": 6.344340154102871, "seconds": 21.271880626678467, "score": 0.03191062576322201, "samples_all_within_1pct": 0.9942, "kernel_rows_within_5pct": 0.973889374236778, "kernel_median": 0.002573015633970499}
{"epoch": 439, "value_loss": 0.4025719485112599, "kernel_loss": 6.253934354198222, "seconds": 22.11974573135376, "score": 0.03196610046304482, "samples_all_within_1pct": 0.994, "kernel_rows_within_5pct": 0.9740338995369552, "kernel_median": 0.0025423667393624783}
{"epoch": 440, "value_loss": 0.3913179058201459, "kernel_loss": 6.253419379798734, "seconds": 23.22789430618286, "score": 0.032079466964795356, "samples_all_within_1pct": 0.9939, "kernel_rows_within_5pct": 0.9740205330352046, "kernel_median": 0.0025582993403077126}
{"epoch": 441, "value_loss": 0.39058326352007533, "kernel_loss": 6.192331679013311, "seconds": 23.075510501861572, "score": 0.031179258113205433, "samples_all_within_1pct": 0.9948, "kernel_rows_within_5pct": 0.9740207418867945, "kernel_median": 0.0025605205446481705}
{"epoch": 442, "value_loss": 0.3864987416535008, "kernel_loss": 6.282755632789767, "seconds": 22.693023920059204, "score": 0.031544837512418766, "samples_all_within_1pct": 0.9945, "kernel_rows_within_5pct": 0.9739551624875812, "kernel_median": 0.00263697886839509}
{"epoch": 443, "value_loss": 0.3846139366529426, "kernel_loss": 6.144720544620436, "seconds": 21.589401245117188, "score": 0.0319650562050956, "samples_all_within_1pct": 0.994, "kernel_rows_within_5pct": 0.9740349437949044, "kernel_median": 0.002538524568080902}
{"epoch": 444, "value_loss": 0.3915123237030847, "kernel_loss": 6.155112283570426, "seconds": 22.74774479866028, "score": 0.03120595120516767, "samples_all_within_1pct": 0.9947, "kernel_rows_within_5pct": 0.9740940487948323, "kernel_median": 0.0025279265828430653}
{"epoch": 445, "value_loss": 0.3812055510221695, "kernel_loss": 6.169357533357581, "seconds": 21.990331649780273, "score": 0.03151906894378953, "samples_all_within_1pct": 0.9943, "kernel_rows_within_5pct": 0.9741809310562105, "kernel_median": 0.002482546726241708}
{"epoch": 446, "value_loss": 0.3769563950446187, "kernel_loss": 6.125052345042326, "seconds": 23.090551137924194, "score": 0.03172825841374294, "samples_all_within_1pct": 0.9941, "kernel_rows_within_5pct": 0.9741717415862571, "kernel_median": 0.002542850561439991}
{"epoch": 447, "value_loss": 0.37545874699646115, "kernel_loss": 6.101963393542231, "seconds": 22.922851085662842, "score": 0.03091485200045363, "samples_all_within_1pct": 0.9948, "kernel_rows_within_5pct": 0.9742851479995464, "kernel_median": 0.00251687690615654}
{"epoch": 448, "value_loss": 0.3704216159424003, "kernel_loss": 6.109262439669395, "seconds": 23.242010354995728, "score": 0.031539118696415236, "samples_all_within_1pct": 0.9943, "kernel_rows_within_5pct": 0.9741608813035848, "kernel_median": 0.0025124067906290293}
{"epoch": 449, "value_loss": 0.3680538264464359, "kernel_loss": 6.042620661307354, "seconds": 23.405580043792725, "score": 0.03132763185897336, "samples_all_within_1pct": 0.9945, "kernel_rows_within_5pct": 0.9741723681410266, "kernel_median": 0.002524323295801878}
{"epoch": 450, "value_loss": 0.36781697796315566, "kernel_loss": 6.1316114128852375, "seconds": 22.393990755081177, "score": 0.03125871083432241, "samples_all_within_1pct": 0.9945, "kernel_rows_within_5pct": 0.9742412891656775, "kernel_median": 0.0025165160186588764}
{"epoch": 451, "value_loss": 0.36713986448487457, "kernel_loss": 6.08431191103799, "seconds": 23.083300590515137, "score": 0.03081192807819566, "samples_all_within_1pct": 0.9949, "kernel_rows_within_5pct": 0.9742880719218043, "kernel_median": 0.002501710318028927}
{"epoch": 452, "value_loss": 0.3643814065322584, "kernel_loss": 6.091806080876564, "seconds": 23.534159183502197, "score": 0.03148314647033512, "samples_all_within_1pct": 0.9943, "kernel_rows_within_5pct": 0.9742168535296649, "kernel_median": 0.002479658694937825}
{"epoch": 453, "value_loss": 0.35916000771887446, "kernel_loss": 6.064558951222167, "seconds": 23.692935466766357, "score": 0.03137663215951081, "samples_all_within_1pct": 0.9943, "kernel_rows_within_5pct": 0.9743233678404892, "kernel_median": 0.0024659200571477413}
{"epoch": 454, "value_loss": 0.3605586264510544, "kernel_loss": 6.017785308312397, "seconds": 23.998247385025024, "score": 0.03138561277787444, "samples_all_within_1pct": 0.9943, "kernel_rows_within_5pct": 0.9743143872221256, "kernel_median": 0.002468865131959319}
{"epoch": 455, "value_loss": 0.3590728769801101, "kernel_loss": 6.028165418274549, "seconds": 23.657465934753418, "score": 0.03082696539266505, "samples_all_within_1pct": 0.9949, "kernel_rows_within_5pct": 0.9742730346073349, "kernel_median": 0.002453539054840803}
{"epoch": 456, "value_loss": 0.3593691211878037, "kernel_loss": 6.015488293706154, "seconds": 23.205162048339844, "score": 0.030916482901633624, "samples_all_within_1pct": 0.9947, "kernel_rows_within_5pct": 0.9743835170983663, "kernel_median": 0.002453903667628765}
{"epoch": 457, "value_loss": 0.35371068469723876, "kernel_loss": 5.908120186961427, "seconds": 22.9128475189209, "score": 0.031102529756652397, "samples_all_within_1pct": 0.9946, "kernel_rows_within_5pct": 0.9742974702433476, "kernel_median": 0.0024367051664739847}
{"epoch": 458, "value_loss": 0.35174391920469245, "kernel_loss": 5.986291389076078, "seconds": 23.50805401802063, "score": 0.030824836965227642, "samples_all_within_1pct": 0.9948, "kernel_rows_within_5pct": 0.9743751630347723, "kernel_median": 0.0024357070215046406}
{"epoch": 459, "value_loss": 0.35239171981811523, "kernel_loss": 6.034511432355764, "seconds": 23.248239755630493, "score": 0.030658422159654974, "samples_all_within_1pct": 0.9949, "kernel_rows_within_5pct": 0.974441577840345, "kernel_median": 0.002438917523249984}
{"epoch": 460, "value_loss": 0.35283681567834346, "kernel_loss": 6.033377065950511, "seconds": 21.773473739624023, "score": 0.031035488396310096, "samples_all_within_1pct": 0.9946, "kernel_rows_within_5pct": 0.9743645116036899, "kernel_median": 0.0024184950161725283}
{"epoch": 461, "value_loss": 0.34762620545771655, "kernel_loss": 6.045380380688881, "seconds": 21.57730484008789, "score": 0.030727720975946782, "samples_all_within_1pct": 0.9948, "kernel_rows_within_5pct": 0.9744722790240532, "kernel_median": 0.002421337878331542}
{"epoch": 462, "value_loss": 0.34787818226887257, "kernel_loss": 6.0122126243552385, "seconds": 21.117464303970337, "score": 0.03059977477444553, "samples_all_within_1pct": 0.995, "kernel_rows_within_5pct": 0.9744002252255545, "kernel_median": 0.002414955757558346}
{"epoch": 463, "value_loss": 0.3483455462419257, "kernel_loss": 5.9922775078792965, "seconds": 23.289945363998413, "score": 0.03108870564018329, "samples_all_within_1pct": 0.9945, "kernel_rows_within_5pct": 0.9744112943598167, "kernel_median": 0.0024044292513281107}
{"epoch": 464, "value_loss": 0.3435228330140211, "kernel_loss": 5.876563875042662, "seconds": 23.394794702529907, "score": 0.030589918838183627, "samples_all_within_1pct": 0.9949, "kernel_rows_within_5pct": 0.9745100811618164, "kernel_median": 0.0024216242600232363}
{"epoch": 465, "value_loss": 0.345437757822932, "kernel_loss": 5.951017912553281, "seconds": 23.118579864501953, "score": 0.03070349419152396, "samples_all_within_1pct": 0.9948, "kernel_rows_within_5pct": 0.974496505808476, "kernel_median": 0.0024032341316342354}
{"epoch": 466, "value_loss": 0.34212956227818314, "kernel_loss": 5.895843398814299, "seconds": 22.301092863082886, "score": 0.03097345947412422, "samples_all_within_1pct": 0.9946, "kernel_rows_within_5pct": 0.9744265405258757, "kernel_median": 0.0023874675389379263}
{"epoch": 467, "value_loss": 0.34274817562224913, "kernel_loss": 5.965567781000721, "seconds": 22.663788557052612, "score": 0.03052646786640767, "samples_all_within_1pct": 0.995, "kernel_rows_within_5pct": 0.9744735321335923, "kernel_median": 0.0023949730675667524}
{"epoch": 468, "value_loss": 0.34190902615688284, "kernel_loss": 5.945752654756818, "seconds": 22.405344486236572, "score": 0.0304844886968475, "samples_all_within_1pct": 0.995, "kernel_rows_within_5pct": 0.9745155113031525, "kernel_median": 0.002394109731540084}
{"epoch": 469, "value_loss": 0.33993966801434145, "kernel_loss": 5.877634907255367, "seconds": 23.38465166091919, "score": 0.030655876029037854, "samples_all_within_1pct": 0.9948, "kernel_rows_within_5pct": 0.9745441239709621, "kernel_median": 0.0023814893793314695}
{"epoch": 470, "value_loss": 0.33881583003973476, "kernel_loss": 5.879929506048864, "seconds": 23.01397728919983, "score": 0.030556084880627776, "samples_all_within_1pct": 0.9949, "kernel_rows_within_5pct": 0.9745439151193722, "kernel_median": 0.002376220189034939}
{"epoch": 471, "value_loss": 0.33640825520364603, "kernel_loss": 5.845991806108124, "seconds": 22.628347396850586, "score": 0.030355458325858176, "samples_all_within_1pct": 0.9951, "kernel_rows_within_5pct": 0.9745445416741418, "kernel_median": 0.00237679248675704}
{"epoch": 472, "value_loss": 0.33720675384511756, "kernel_loss": 5.91482696241262, "seconds": 23.289461374282837, "score": 0.030689918838183616, "samples_all_within_1pct": 0.9948, "kernel_rows_within_5pct": 0.9745100811618164, "kernel_median": 0.002372295828536153}
{"epoch": 473, "value_loss": 0.33703282642729426, "kernel_loss": 5.855755543222233, "seconds": 22.74609136581421, "score": 0.030497188732289682, "samples_all_within_1pct": 0.9949, "kernel_rows_within_5pct": 0.9746028112677103, "kernel_median": 0.0023669726215302944}
{"epoch": 474, "value_loss": 0.33424582286756865, "kernel_loss": 5.935059720156144, "seconds": 22.49411416053772, "score": 0.030536870534361382, "samples_all_within_1pct": 0.9949, "kernel_rows_within_5pct": 0.9745631294656386, "kernel_median": 0.0023654415272176266}
{"epoch": 475, "value_loss": 0.3358841973299883, "kernel_loss": 5.862311599205952, "seconds": 23.437639236450195, "score": 0.030330187283486132, "samples_all_within_1pct": 0.9951, "kernel_rows_within_5pct": 0.9745698127165139, "kernel_median": 0.002360563725233078}
{"epoch": 476, "value_loss": 0.3341404147902314, "kernel_loss": 5.890684451375689, "seconds": 22.299943447113037, "score": 0.030434155463693324, "samples_all_within_1pct": 0.995, "kernel_rows_within_5pct": 0.9745658445363067, "kernel_median": 0.0023585595190525055}
{"epoch": 477, "value_loss": 0.3330693503423613, "kernel_loss": 5.808123462054194, "seconds": 22.969731330871582, "score": 0.03044459804318589, "samples_all_within_1pct": 0.995, "kernel_rows_within_5pct": 0.9745554019568141, "kernel_median": 0.0023562712594866753}
{"epoch": 478, "value_loss": 0.333439048911844, "kernel_loss": 5.8569293119469465, "seconds": 21.99274730682373, "score": 0.030319535852403767, "samples_all_within_1pct": 0.9951, "kernel_rows_within_5pct": 0.9745804641475962, "kernel_median": 0.0023524388670921326}
{"epoch": 479, "value_loss": 0.33332738113038396, "kernel_loss": 5.855102543928186, "seconds": 22.51003670692444, "score": 0.03032308632943126, "samples_all_within_1pct": 0.9951, "kernel_rows_within_5pct": 0.9745769136705688, "kernel_median": 0.0023564649745821953}
{"epoch": 480, "value_loss": 0.33148018331552037, "kernel_loss": 5.804095336369106, "seconds": 22.7577645778656, "score": 0.030733111205744068, "samples_all_within_1pct": 0.9947, "kernel_rows_within_5pct": 0.9745668887942559, "kernel_median": 0.002349875634536147}
{"epoch": 481, "value_loss": 0.33083214458762383, "kernel_loss": 5.857041648456028, "seconds": 22.187490224838257, "score": 0.030471291135148015, "samples_all_within_1pct": 0.9949, "kernel_rows_within_5pct": 0.974628708864852, "kernel_median": 0.0023538926616311073}
{"epoch": 482, "value_loss": 0.3308006511354933, "kernel_loss": 5.876910056386675, "seconds": 20.861048698425293, "score": 0.030477974386023288, "samples_all_within_1pct": 0.9949, "kernel_rows_within_5pct": 0.9746220256139767, "kernel_median": 0.002345223678275943}
{"epoch": 483, "value_loss": 0.33190686863904095, "kernel_loss": 5.901151506268248, "seconds": 22.417301177978516, "score": 0.03025646267226867, "samples_all_within_1pct": 0.9951, "kernel_rows_within_5pct": 0.9746435373277313, "kernel_median": 0.0023468153085559607}
{"epoch": 484, "value_loss": 0.3300943519083821, "kernel_loss": 5.858210641510633, "seconds": 22.481421947479248, "score": 0.030364399032682954, "samples_all_within_1pct": 0.995, "kernel_rows_within_5pct": 0.974635600967317, "kernel_median": 0.0023451822344213724}
{"epoch": 485, "value_loss": 0.3291687436249791, "kernel_loss": 5.868597806716452, "seconds": 22.570323705673218, "score": 0.03041180834357926, "samples_all_within_1pct": 0.995, "kernel_rows_within_5pct": 0.9745881916564207, "kernel_median": 0.002342082792893052}
{"epoch": 486, "value_loss": 0.32854513915217654, "kernel_loss": 5.838793358024286, "seconds": 22.22250771522522, "score": 0.030265234439042388, "samples_all_within_1pct": 0.9951, "kernel_rows_within_5pct": 0.9746347655609576, "kernel_median": 0.002341120969504118}
{"epoch": 487, "value_loss": 0.3289492232154827, "kernel_loss": 5.893543849186021, "seconds": 22.978422164916992, "score": 0.03038152486305079, "samples_all_within_1pct": 0.995, "kernel_rows_within_5pct": 0.9746184751369492, "kernel_median": 0.0023410434368997812}
{"epoch": 488, "value_loss": 0.32601610768814476, "kernel_loss": 5.813187443480199, "seconds": 23.070493698120117, "score": 0.030465860993811877, "samples_all_within_1pct": 0.9949, "kernel_rows_within_5pct": 0.9746341390061881, "kernel_median": 0.0023434662725776434}
{"epoch": 489, "value_loss": 0.32591665657807367, "kernel_loss": 5.803878202730296, "seconds": 22.25792956352234, "score": 0.030477765534433487, "samples_all_within_1pct": 0.9949, "kernel_rows_within_5pct": 0.9746222344655665, "kernel_median": 0.0023365409579128027}
{"epoch": 490, "value_loss": 0.3286171204277447, "kernel_loss": 5.855407174752683, "seconds": 23.27473258972168, "score": 0.03039948609977805, "samples_all_within_1pct": 0.995, "kernel_rows_within_5pct": 0.974600513900222, "kernel_median": 0.002336567034944892}
{"epoch": 491, "value_loss": 0.32969628624161895, "kernel_loss": 5.851911498575794, "seconds": 22.39326572418213, "score": 0.030351867937291943, "samples_all_within_1pct": 0.995, "kernel_rows_within_5pct": 0.9746481320627081, "kernel_median": 0.00233243266120553}
{"epoch": 492, "value_loss": 0.3285355160430986, "kernel_loss": 5.822641988189853, "seconds": 23.165711164474487, "score": 0.030452703343651244, "samples_all_within_1pct": 0.9949, "kernel_rows_within_5pct": 0.9746472966563487, "kernel_median": 0.002332662232220173}
{"epoch": 493, "value_loss": 0.32697825179416307, "kernel_loss": 5.809053885693452, "seconds": 20.80288290977478, "score": 0.03026022200088596, "samples_all_within_1pct": 0.9951, "kernel_rows_within_5pct": 0.974639777999114, "kernel_median": 0.0023314282298088074}
{"epoch": 494, "value_loss": 0.3281765756558399, "kernel_loss": 5.8532275666995925, "seconds": 23.086750745773315, "score": 0.030448944015033952, "samples_all_within_1pct": 0.9949, "kernel_rows_within_5pct": 0.974651055984966, "kernel_median": 0.0023307306692004204}
{"epoch": 495, "value_loss": 0.32983241397507335, "kernel_loss": 5.826743541931619, "seconds": 22.55488157272339, "score": 0.03045792463339758, "samples_all_within_1pct": 0.9949, "kernel_rows_within_5pct": 0.9746420753666024, "kernel_median": 0.0023318990133702755}
{"epoch": 496, "value_loss": 0.3282254797463514, "kernel_loss": 5.81912623862831, "seconds": 22.565383195877075, "score": 0.0304387102871313, "samples_all_within_1pct": 0.9949, "kernel_rows_within_5pct": 0.9746612897128687, "kernel_median": 0.0023315935395658016}
{"epoch": 497, "value_loss": 0.32753181883266996, "kernel_loss": 5.858587401253836, "seconds": 22.84702968597412, "score": 0.030414274651118678, "samples_all_within_1pct": 0.9949, "kernel_rows_within_5pct": 0.9746857253488813, "kernel_median": 0.002330983290448785}
{"epoch": 498, "value_loss": 0.32570866312907665, "kernel_loss": 5.84087877127589, "seconds": 22.366374969482422, "score": 0.03041866053450548, "samples_all_within_1pct": 0.9949, "kernel_rows_within_5pct": 0.9746813394654945, "kernel_median": 0.0023319877218455076}
{"epoch": 499, "value_loss": 0.32740227984530584, "kernel_loss": 5.8147852785733285, "seconds": 22.965131521224976, "score": 0.030423672972661908, "samples_all_within_1pct": 0.9949, "kernel_rows_within_5pct": 0.9746763270273381, "kernel_median": 0.002329991664737463}
runs/kernel-wide-kw3/best.pt
[2026-10-08 12:05:21] stage 3: evaluation and figures -> results/forward-kernel-wide-kw3
{"base": {"samples_all_within_1pct": 0.96674, "points_within_1pct": 0.9997545531825734, "max_relative_error": 0.06437602639198303, "kernel_rows_within_5pct": 0.9212895259744356, "kernel_median": 0.00740455836057663}}
{"finetuned": {"samples_all_within_1pct": 0.99584, "points_within_1pct": 0.9999742272487487, "max_relative_error": 0.05728989839553833, "kernel_rows_within_5pct": 0.9756168163516953, "kernel_median": 0.002323814667761326}}
/home/smbu/swave/scripts/evaluate_forward_kernels.py:255: UserWarning: Creating legend with loc="best" can be slow with large amounts of data.
  figure.tight_layout()
/home/smbu/swave/scripts/evaluate_forward_kernels.py:256: UserWarning: Creating legend with loc="best" can be slow with large amounts of data.
  figure.savefig(output)
[2026-10-08 12:07:28] stage 4: acceptance check
model       curves<=1%  points<=1%  max rel  kernel<=5%  kernel med
base          96.6740%    99.9755%   6.438%    92.1290%      0.740%
finetuned     99.5840%    99.9974%   5.729%    97.5617%      0.232%
ACCEPTANCE: NOT YET (see runbook: tuning)
[2026-10-08 12:07:28] done. Report back: runs/kernel-wide-kw3.log and results/forward-kernel-wide-kw3/summary.json
