[2026-10-08 23:13:58] stage 0: preflight
..........                                                               [100%]
=============================== warnings summary ===============================
tests/test_kernels.py: 18 warnings
  /opt/anaconda3/lib/python3.13/site-packages/torch/jit/_script.py:1488: DeprecationWarning: `torch.jit.script` is deprecated. Please switch to `torch.compile` or `torch.export`.
    warnings.warn(

-- Docs: https://docs.pytest.org/en/stable/how-to/capture-warnings.html
10 passed, 18 warnings in 0.71s
[2026-10-08 23:14:04] stage 1: physical sensitivity-kernel labels -> data/kernels
[2026-10-08 23:14:05] stage 2: Sobolev fine-tuning on cuda -> runs/kernel-wide-pf
{"epoch": -1, "score": 2.0}
{"epoch": 0, "value_loss": 70481.19347023478, "kernel_loss": 6988.3156794333945, "seconds": 22.71369743347168, "score": 1.999914370848161, "samples_all_within_1pct": 0.0, "kernel_rows_within_5pct": 8.5629151839074e-05, "kernel_median": 0.23308995366096497}
{"epoch": 1, "value_loss": 1584.794908796038, "kernel_loss": 1418.6991577148438, "seconds": 22.240973234176636, "score": 1.9969083699154297, "samples_all_within_1pct": 0.0, "kernel_rows_within_5pct": 0.003091630084570274, "kernel_median": 0.14972653985023499}
{"epoch": 2, "value_loss": 992.8579721256178, "kernel_loss": 999.2511593565649, "seconds": 21.8670437335968, "score": 1.9748695147479505, "samples_all_within_1pct": 0.0, "kernel_rows_within_5pct": 0.02513048525204941, "kernel_median": 0.11082610487937927}
{"epoch": 3, "value_loss": 827.396768219617, "kernel_loss": 784.4937236552336, "seconds": 22.68208336830139, "score": 1.9775576435609281, "samples_all_within_1pct": 0.0, "kernel_rows_within_5pct": 0.02244235643907204, "kernel_median": 0.13044904172420502}
{"epoch": 4, "value_loss": 857.918347105688, "kernel_loss": 666.3924246028978, "seconds": 21.99441933631897, "score": 1.8124922072250538, "samples_all_within_1pct": 0.0, "kernel_rows_within_5pct": 0.18750779277494634, "kernel_median": 0.07538062334060669}
{"epoch": 5, "value_loss": 623.4381646915358, "kernel_loss": 557.8927777348732, "seconds": 22.67210841178894, "score": 1.6905757182040686, "samples_all_within_1pct": 0.0, "kernel_rows_within_5pct": 0.3094242817959315, "kernel_median": 0.0648040696978569}
{"epoch": 6, "value_loss": 597.8473442233338, "kernel_loss": 506.3399908883231, "seconds": 22.53531575202942, "score": 1.6934858562570578, "samples_all_within_1pct": 0.0, "kernel_rows_within_5pct": 0.3065141437429421, "kernel_median": 0.0655931681394577}
{"epoch": 7, "value_loss": 617.5337423207809, "kernel_loss": 491.68309612663427, "seconds": 22.284887075424194, "score": 1.7443004923258527, "samples_all_within_1pct": 0.0, "kernel_rows_within_5pct": 0.25569950767414723, "kernel_median": 0.07347796857357025}
{"epoch": 8, "value_loss": 650.165041242327, "kernel_loss": 499.1810530059192, "seconds": 22.172783613204956, "score": 1.5825871240070934, "samples_all_within_1pct": 0.0, "kernel_rows_within_5pct": 0.41741287599290655, "kernel_median": 0.05691824108362198}
{"epoch": 9, "value_loss": 513.357930086097, "kernel_loss": 447.9007028073681, "seconds": 21.898216247558594, "score": 1.858856633617295, "samples_all_within_1pct": 0.0, "kernel_rows_within_5pct": 0.14114336638270508, "kernel_median": 0.11165938526391983}
{"epoch": 10, "value_loss": 536.5653632806271, "kernel_loss": 448.04161087347535, "seconds": 20.071341514587402, "score": 1.7746416158931049, "samples_all_within_1pct": 0.0, "kernel_rows_within_5pct": 0.22535838410689527, "kernel_median": 0.07911653071641922}
{"epoch": 11, "value_loss": 483.4601628829022, "kernel_loss": 454.7479030064174, "seconds": 20.30816888809204, "score": 1.5690220043946552, "samples_all_within_1pct": 0.0, "kernel_rows_within_5pct": 0.43097799560534483, "kernel_median": 0.05604171380400658}
{"epoch": 12, "value_loss": 348.91102748014487, "kernel_loss": 374.52436470498844, "seconds": 19.61608862876892, "score": 1.4745293108169042, "samples_all_within_1pct": 0.0003, "kernel_rows_within_5pct": 0.5251706891830958, "kernel_median": 0.04801492020487785}
{"epoch": 13, "value_loss": 407.77844993435605, "kernel_loss": 419.8578344851124, "seconds": 22.472326040267944, "score": 1.4035462545078006, "samples_all_within_1pct": 0.0002, "kernel_rows_within_5pct": 0.5962537454921994, "kernel_median": 0.04192991554737091}
{"epoch": 14, "value_loss": 264.9723140171596, "kernel_loss": 353.263614732392, "seconds": 21.76679754257202, "score": 1.722781051062334, "samples_all_within_1pct": 0.0, "kernel_rows_within_5pct": 0.27721894893766597, "kernel_median": 0.07948509603738785}
{"epoch": 15, "value_loss": 316.24339021955217, "kernel_loss": 382.5796415367905, "seconds": 19.53334879875183, "score": 1.3743657006375614, "samples_all_within_1pct": 0.0012, "kernel_rows_within_5pct": 0.6244342993624388, "kernel_median": 0.04041440412402153}
{"epoch": 16, "value_loss": 395.70866604240575, "kernel_loss": 399.5403926615812, "seconds": 22.248913288116455, "score": 1.9082452310305844, "samples_all_within_1pct": 0.0, "kernel_rows_within_5pct": 0.09175476896941556, "kernel_median": 0.10643520206212997}
{"epoch": 17, "value_loss": 267.27220562526156, "kernel_loss": 350.9586063307159, "seconds": 21.76871156692505, "score": 1.478141638532617, "samples_all_within_1pct": 0.0009, "kernel_rows_within_5pct": 0.520958361467383, "kernel_median": 0.04820791631937027}
{"epoch": 18, "value_loss": 213.3083938676484, "kernel_loss": 342.47243188352, "seconds": 20.933945417404175, "score": 1.3044615284720062, "samples_all_within_1pct": 0.0214, "kernel_rows_within_5pct": 0.6741384715279938, "kernel_median": 0.036369167268276215}
{"epoch": 19, "value_loss": 193.3498170035226, "kernel_loss": 323.303330401985, "seconds": 23.21646547317505, "score": 1.3753361727403146, "samples_all_within_1pct": 0.0, "kernel_rows_within_5pct": 0.6246638272596854, "kernel_median": 0.03999457508325577}
{"epoch": 20, "value_loss": 184.65832854290397, "kernel_loss": 299.89773972180427, "seconds": 22.11526322364807, "score": 1.331570366987748, "samples_all_within_1pct": 0.0379, "kernel_rows_within_5pct": 0.6305296330122518, "kernel_median": 0.041312675923109055}
{"epoch": 21, "value_loss": 182.21364492299605, "kernel_loss": 304.10091439071965, "seconds": 23.042818307876587, "score": 1.3142890126729057, "samples_all_within_1pct": 0.0004, "kernel_rows_within_5pct": 0.6853109873270944, "kernel_median": 0.035103339701890945}
{"epoch": 22, "value_loss": 166.3077990473533, "kernel_loss": 291.8538927350725, "seconds": 22.486756801605225, "score": 1.3805900449845439, "samples_all_within_1pct": 0.0089, "kernel_rows_within_5pct": 0.610509955015456, "kernel_median": 0.04388478770852089}
{"epoch": 23, "value_loss": 165.47074921277104, "kernel_loss": 273.4005084913604, "seconds": 22.153228759765625, "score": 1.2283636316701716, "samples_all_within_1pct": 0.0248, "kernel_rows_within_5pct": 0.7468363683298285, "kernel_median": 0.03142654523253441}
{"epoch": 24, "value_loss": 137.8263250273101, "kernel_loss": 263.18762775343293, "seconds": 23.2365984916687, "score": 1.3017168227240554, "samples_all_within_1pct": 0.0, "kernel_rows_within_5pct": 0.6982831772759446, "kernel_median": 0.03295239433646202}
{"epoch": 25, "value_loss": 127.60494189359704, "kernel_loss": 271.35364571396184, "seconds": 22.24689745903015, "score": 1.2050285527691735, "samples_all_within_1pct": 0.0162, "kernel_rows_within_5pct": 0.7787714472308264, "kernel_median": 0.030214089900255203}
{"epoch": 26, "value_loss": 100.10401219737773, "kernel_loss": 241.83422314390845, "seconds": 23.234148025512695, "score": 1.261274165016565, "samples_all_within_1pct": 0.0005, "kernel_rows_within_5pct": 0.738225834983435, "kernel_median": 0.03282231464982033}
{"epoch": 27, "value_loss": 119.1122444308534, "kernel_loss": 238.2724616381587, "seconds": 23.64842200279236, "score": 1.0687640105060705, "samples_all_within_1pct": 0.1393, "kernel_rows_within_5pct": 0.7919359894939296, "kernel_median": 0.026971235871315002}
{"epoch": 28, "value_loss": 103.42950716797186, "kernel_loss": 218.62660022657744, "seconds": 22.16554856300354, "score": 1.0385901005390668, "samples_all_within_1pct": 0.1569, "kernel_rows_within_5pct": 0.8045098994609332, "kernel_median": 0.023845890536904335}
{"epoch": 29, "value_loss": 117.809283840413, "kernel_loss": 237.87953217175541, "seconds": 22.905791759490967, "score": 1.2098375065918783, "samples_all_within_1pct": 0.0061, "kernel_rows_within_5pct": 0.7840624934081217, "kernel_median": 0.02427140437066555}
{"epoch": 30, "value_loss": 109.23366527168118, "kernel_loss": 217.4067719128667, "seconds": 20.65359139442444, "score": 1.2028960697681268, "samples_all_within_1pct": 0.0018, "kernel_rows_within_5pct": 0.7953039302318733, "kernel_median": 0.02876955270767212}
{"epoch": 31, "value_loss": 95.3536681545024, "kernel_loss": 212.30490268006616, "seconds": 22.591737270355225, "score": 1.1362575098332548, "samples_all_within_1pct": 0.044, "kernel_rows_within_5pct": 0.819742490166745, "kernel_median": 0.02355816401541233}
{"epoch": 32, "value_loss": 80.10788021282274, "kernel_loss": 213.79299895617427, "seconds": 21.3958261013031, "score": 1.103676049588886, "samples_all_within_1pct": 0.1466, "kernel_rows_within_5pct": 0.749723950411114, "kernel_median": 0.036496371030807495}
{"epoch": 33, "value_loss": 101.85704619543893, "kernel_loss": 196.3864862870197, "seconds": 24.5560622215271, "score": 0.8608520277505285, "samples_all_within_1pct": 0.3177, "kernel_rows_within_5pct": 0.8214479722494715, "kernel_median": 0.023163435980677605}
{"epoch": 34, "value_loss": 81.9874695855744, "kernel_loss": 203.316177523866, "seconds": 22.629454851150513, "score": 0.9524176776789237, "samples_all_within_1pct": 0.2269, "kernel_rows_within_5pct": 0.8206823223210763, "kernel_median": 0.0243377722799778}
{"epoch": 35, "value_loss": 82.5790443809665, "kernel_loss": 187.63017631063656, "seconds": 23.42425298690796, "score": 1.1358021318943736, "samples_all_within_1pct": 0.0349, "kernel_rows_within_5pct": 0.8292978681056262, "kernel_median": 0.021199524402618408}
{"epoch": 36, "value_loss": 81.54635171501003, "kernel_loss": 202.83529445103235, "seconds": 23.30698585510254, "score": 0.9754083651744987, "samples_all_within_1pct": 0.1858, "kernel_rows_within_5pct": 0.8387916348255013, "kernel_median": 0.02135043404996395}
{"epoch": 37, "value_loss": 80.97126921828912, "kernel_loss": 195.9136575971331, "seconds": 20.67007064819336, "score": 1.1404748751746259, "samples_all_within_1pct": 0.0786, "kernel_rows_within_5pct": 0.780925124825374, "kernel_median": 0.03186706826090813}
{"epoch": 38, "value_loss": 69.30160024214764, "kernel_loss": 188.25883842001156, "seconds": 22.470793962478638, "score": 1.066935035292786, "samples_all_within_1pct": 0.0842, "kernel_rows_within_5pct": 0.8488649647072141, "kernel_median": 0.020235640928149223}
{"epoch": 39, "value_loss": 89.04696726312443, "kernel_loss": 192.94908733757174, "seconds": 23.590945720672607, "score": 1.2005432544173678, "samples_all_within_1pct": 0.0455, "kernel_rows_within_5pct": 0.7539567455826323, "kernel_median": 0.03550083935260773}
{"epoch": 40, "value_loss": 76.61900642939976, "kernel_loss": 179.7593351870167, "seconds": 22.046112775802612, "score": 0.9842174764713021, "samples_all_within_1pct": 0.1857, "kernel_rows_within_5pct": 0.8300825235286979, "kernel_median": 0.02252284809947014}
{"epoch": 41, "value_loss": 62.0549996045171, "kernel_loss": 175.71103107685946, "seconds": 23.09693431854248, "score": 0.8496936209205802, "samples_all_within_1pct": 0.3227, "kernel_rows_within_5pct": 0.8276063790794198, "kernel_median": 0.027414370328187943}
{"epoch": 42, "value_loss": 74.88889272358952, "kernel_loss": 172.10332769277144, "seconds": 21.87621784210205, "score": 1.1599988007324007, "samples_all_within_1pct": 0.0798, "kernel_rows_within_5pct": 0.7602011992675992, "kernel_median": 0.03523986414074898}
{"epoch": 43, "value_loss": 53.22036224482011, "kernel_loss": 177.92560203707947, "seconds": 19.56959319114685, "score": 0.8565247643893003, "samples_all_within_1pct": 0.2966, "kernel_rows_within_5pct": 0.8468752356106998, "kernel_median": 0.020819712430238724}
{"epoch": 44, "value_loss": 63.11757743115328, "kernel_loss": 175.44315754637427, "seconds": 23.365467309951782, "score": 1.0474311124960294, "samples_all_within_1pct": 0.108, "kernel_rows_within_5pct": 0.8445688875039707, "kernel_median": 0.023829903453588486}
{"epoch": 45, "value_loss": 49.39516022740578, "kernel_loss": 168.6343048251405, "seconds": 22.276468515396118, "score": 0.7977232280770054, "samples_all_within_1pct": 0.3594, "kernel_rows_within_5pct": 0.8428767719229947, "kernel_median": 0.02648325450718403}
{"epoch": 46, "value_loss": 58.654169793031656, "kernel_loss": 167.8068972996303, "seconds": 21.6291081905365, "score": 1.1429101196322793, "samples_all_within_1pct": 0.0138, "kernel_rows_within_5pct": 0.8432898803677208, "kernel_median": 0.027178417891263962}
{"epoch": 47, "value_loss": 70.15290256422394, "kernel_loss": 166.8560799579231, "seconds": 21.878925323486328, "score": 0.6954838480654808, "samples_all_within_1pct": 0.4566, "kernel_rows_within_5pct": 0.8479161519345192, "kernel_median": 0.025603707879781723}
{"epoch": 48, "value_loss": 49.63902568817139, "kernel_loss": 164.90545759395678, "seconds": 21.840415000915527, "score": 0.52839484719269, "samples_all_within_1pct": 0.6005, "kernel_rows_within_5pct": 0.8711051528073099, "kernel_median": 0.01897844672203064}
{"epoch": 49, "value_loss": 56.38468169192878, "kernel_loss": 171.93903413110849, "seconds": 22.197986602783203, "score": 0.8712756875237698, "samples_all_within_1pct": 0.2614, "kernel_rows_within_5pct": 0.8673243124762301, "kernel_median": 0.020826544612646103}
{"epoch": 50, "value_loss": 49.69049183203249, "kernel_loss": 163.04470906938826, "seconds": 21.884644031524658, "score": 0.5556489009289509, "samples_all_within_1pct": 0.5664, "kernel_rows_within_5pct": 0.8779510990710491, "kernel_median": 0.015854405239224434}
{"epoch": 51, "value_loss": 59.39845309452135, "kernel_loss": 163.68244248993543, "seconds": 22.44754457473755, "score": 1.1262257599639438, "samples_all_within_1pct": 0.0048, "kernel_rows_within_5pct": 0.8689742400360562, "kernel_median": 0.017668716609477997}
{"epoch": 52, "value_loss": 60.362906387874055, "kernel_loss": 155.6728896316217, "seconds": 21.833526134490967, "score": 0.5767359401005286, "samples_all_within_1pct": 0.5437, "kernel_rows_within_5pct": 0.8795640598994714, "kernel_median": 0.01731247641146183}
{"epoch": 53, "value_loss": 55.808470798998464, "kernel_loss": 154.38767137332837, "seconds": 21.14933681488037, "score": 1.2108179029880188, "samples_all_within_1pct": 0.0193, "kernel_rows_within_5pct": 0.7698820970119812, "kernel_median": 0.03050456941127777}
{"epoch": 54, "value_loss": 41.30592780210534, "kernel_loss": 164.61365964461345, "seconds": 19.28593158721924, "score": 0.7509137438965734, "samples_all_within_1pct": 0.3861, "kernel_rows_within_5pct": 0.8629862561034266, "kernel_median": 0.01941930502653122}
{"epoch": 55, "value_loss": 48.770657826443106, "kernel_loss": 143.7702396937779, "seconds": 21.809205055236816, "score": 0.6715347542620866, "samples_all_within_1pct": 0.47, "kernel_rows_within_5pct": 0.8584652457379134, "kernel_median": 0.022412078455090523}
{"epoch": 56, "value_loss": 48.52304206575666, "kernel_loss": 156.11119601191308, "seconds": 21.187023162841797, "score": 0.6760549352152811, "samples_all_within_1pct": 0.4517, "kernel_rows_within_5pct": 0.8722450647847189, "kernel_median": 0.019490141421556473}
{"epoch": 57, "value_loss": 43.08392611328436, "kernel_loss": 156.35833374334842, "seconds": 21.48639154434204, "score": 0.4647555683279906, "samples_all_within_1pct": 0.6604, "kernel_rows_within_5pct": 0.8748444316720094, "kernel_median": 0.01793447509407997}
{"epoch": 58, "value_loss": 40.37058879404652, "kernel_loss": 141.23558457043706, "seconds": 21.33042860031128, "score": 0.3733041345096133, "samples_all_within_1pct": 0.7391, "kernel_rows_within_5pct": 0.8875958654903867, "kernel_median": 0.01762254536151886}
{"epoch": 59, "value_loss": 59.312778385318055, "kernel_loss": 143.54820827561983, "seconds": 22.286959171295166, "score": 0.6908531616058097, "samples_all_within_1pct": 0.4267, "kernel_rows_within_5pct": 0.8824468383941902, "kernel_median": 0.01693378947675228}
{"epoch": 60, "value_loss": 46.253902722378164, "kernel_loss": 135.01548222133093, "seconds": 19.608520984649658, "score": 0.6169411745061548, "samples_all_within_1pct": 0.4983, "kernel_rows_within_5pct": 0.8847588254938452, "kernel_median": 0.01610371842980385}
{"epoch": 61, "value_loss": 39.432405150666526, "kernel_loss": 151.44314030238561, "seconds": 20.13641929626465, "score": 0.559007270019417, "samples_all_within_1pct": 0.5555, "kernel_rows_within_5pct": 0.885492729980583, "kernel_median": 0.016239671036601067}
{"epoch": 62, "value_loss": 48.534362398848245, "kernel_loss": 135.70804471385722, "seconds": 20.550257682800293, "score": 0.5503313196559211, "samples_all_within_1pct": 0.558, "kernel_rows_within_5pct": 0.8916686803440789, "kernel_median": 0.01686033234000206}
{"epoch": 63, "value_loss": 38.10225144211127, "kernel_loss": 149.10444536014478, "seconds": 21.791863918304443, "score": 0.8268525367009678, "samples_all_within_1pct": 0.2996, "kernel_rows_within_5pct": 0.8735474632990322, "kernel_median": 0.01745806820690632}
{"epoch": 64, "value_loss": 51.63056737549451, "kernel_loss": 142.59754219833687, "seconds": 21.430946350097656, "score": 1.418442514330874, "samples_all_within_1pct": 0.0, "kernel_rows_within_5pct": 0.581557485669126, "kernel_median": 0.045081980526447296}
{"epoch": 65, "value_loss": 39.26963511291815, "kernel_loss": 139.5594275727564, "seconds": 20.93825912475586, "score": 0.4385937438715112, "samples_all_within_1pct": 0.6755, "kernel_rows_within_5pct": 0.8859062561284888, "kernel_median": 0.01711929589509964}
{"epoch": 66, "value_loss": 47.01142155880831, "kernel_loss": 127.7234968847158, "seconds": 21.753406524658203, "score": 0.5741623210220195, "samples_all_within_1pct": 0.5585, "kernel_rows_within_5pct": 0.8673376789779805, "kernel_median": 0.01976129412651062}
{"epoch": 67, "value_loss": 47.95802414660551, "kernel_loss": 130.89303110083756, "seconds": 21.999667644500732, "score": 0.9015657966257519, "samples_all_within_1pct": 0.2576, "kernel_rows_within_5pct": 0.8408342033742481, "kernel_median": 0.025468097999691963}
{"epoch": 68, "value_loss": 56.84222447628878, "kernel_loss": 124.36707835294763, "seconds": 21.669294118881226, "score": 0.38804928089264834, "samples_all_within_1pct": 0.7203, "kernel_rows_within_5pct": 0.8916507191073516, "kernel_median": 0.016967209056019783}
{"epoch": 69, "value_loss": 45.49873272740111, "kernel_loss": 124.28213874661192, "seconds": 21.22206974029541, "score": 0.6430726690126269, "samples_all_within_1pct": 0.4857, "kernel_rows_within_5pct": 0.871227330987373, "kernel_median": 0.02002917043864727}
{"epoch": 70, "value_loss": 42.50323596779181, "kernel_loss": 131.19307486864986, "seconds": 21.7587673664093, "score": 0.4199045030073585, "samples_all_within_1pct": 0.6929, "kernel_rows_within_5pct": 0.8871954969926416, "kernel_median": 0.015622072853147984}
{"epoch": 71, "value_loss": 40.460319124922464, "kernel_loss": 120.96991184779576, "seconds": 21.286344051361084, "score": 0.60155120429048, "samples_all_within_1pct": 0.5022, "kernel_rows_within_5pct": 0.89624879570952, "kernel_median": 0.016642548143863678}
{"epoch": 72, "value_loss": 42.01748446055821, "kernel_loss": 115.69925366615763, "seconds": 21.895742416381836, "score": 0.5061430049650288, "samples_all_within_1pct": 0.6095, "kernel_rows_within_5pct": 0.8843569950349711, "kernel_median": 0.01564815454185009}
{"epoch": 73, "value_loss": 29.61912305987611, "kernel_loss": 132.10838749943946, "seconds": 22.265929460525513, "score": 0.5085766180411433, "samples_all_within_1pct": 0.6055, "kernel_rows_within_5pct": 0.8859233819588567, "kernel_median": 0.01615109108388424}
{"epoch": 74, "value_loss": 30.119427403625178, "kernel_loss": 123.15509235615633, "seconds": 22.060044527053833, "score": 0.4367513043512766, "samples_all_within_1pct": 0.6751, "kernel_rows_within_5pct": 0.8881486956487233, "kernel_median": 0.015648160129785538}
{"epoch": 75, "value_loss": 46.748559971244966, "kernel_loss": 115.66888513370436, "seconds": 22.083417654037476, "score": 0.48988614921318296, "samples_all_within_1pct": 0.6193, "kernel_rows_within_5pct": 0.8908138507868171, "kernel_median": 0.021054252982139587}
{"epoch": 76, "value_loss": 35.279370916133026, "kernel_loss": 118.06381898996781, "seconds": 22.977851629257202, "score": 0.7463376229430991, "samples_all_within_1pct": 0.3757, "kernel_rows_within_5pct": 0.8779623770569009, "kernel_median": 0.019242655485868454}
{"epoch": 77, "value_loss": 37.61667448647168, "kernel_loss": 120.93028274847536, "seconds": 21.357733488082886, "score": 0.4971462733253287, "samples_all_within_1pct": 0.6157, "kernel_rows_within_5pct": 0.8871537266746713, "kernel_median": 0.018898120149970055}
{"epoch": 78, "value_loss": 36.00189715745498, "kernel_loss": 120.12366664652922, "seconds": 22.283824920654297, "score": 0.7213123562866104, "samples_all_within_1pct": 0.4117, "kernel_rows_within_5pct": 0.8669876437133897, "kernel_median": 0.018717531114816666}
{"epoch": 79, "value_loss": 40.74142965005369, "kernel_loss": 107.46823209645797, "seconds": 22.310717821121216, "score": 0.42967127975273645, "samples_all_within_1pct": 0.6862, "kernel_rows_within_5pct": 0.8841287202472635, "kernel_median": 0.018086137250065804}
{"epoch": 80, "value_loss": 41.3072033682648, "kernel_loss": 108.52816394883759, "seconds": 22.42143988609314, "score": 0.49069655079510843, "samples_all_within_1pct": 0.6252, "kernel_rows_within_5pct": 0.8841034492048916, "kernel_median": 0.020096691325306892}
{"epoch": 81, "value_loss": 47.26756493899287, "kernel_loss": 118.08363361747898, "seconds": 22.321417093276978, "score": 0.8368380925876692, "samples_all_within_1pct": 0.2869, "kernel_rows_within_5pct": 0.8762619074123309, "kernel_median": 0.024233771488070488}
{"epoch": 82, "value_loss": 29.235851711156418, "kernel_loss": 106.73338138813875, "seconds": 19.751363277435303, "score": 0.924358087704719, "samples_all_within_1pct": 0.2338, "kernel_rows_within_5pct": 0.841841912295281, "kernel_median": 0.024220993742346764}
{"epoch": 83, "value_loss": 31.81100230800862, "kernel_loss": 111.04199319956254, "seconds": 22.08310079574585, "score": 0.6090443012859619, "samples_all_within_1pct": 0.5245, "kernel_rows_within_5pct": 0.8664556987140382, "kernel_median": 0.01841333694756031}
{"epoch": 84, "value_loss": 35.10284978029679, "kernel_loss": 110.43776850797693, "seconds": 20.36239528656006, "score": 0.668465436294104, "samples_all_within_1pct": 0.4584, "kernel_rows_within_5pct": 0.873134563705896, "kernel_median": 0.020838042721152306}
{"epoch": 85, "value_loss": 42.2246308886275, "kernel_loss": 97.70706739231032, "seconds": 20.94992184638977, "score": 0.6717869212121997, "samples_all_within_1pct": 0.4498, "kernel_rows_within_5pct": 0.8784130787878003, "kernel_median": 0.017726536840200424}
{"epoch": 86, "value_loss": 42.159452083159465, "kernel_loss": 107.2154398159105, "seconds": 19.470329523086548, "score": 0.5091948838043737, "samples_all_within_1pct": 0.602, "kernel_rows_within_5pct": 0.8888051161956263, "kernel_median": 0.018769124522805214}
{"epoch": 87, "value_loss": 24.57132672290413, "kernel_loss": 108.64268466404506, "seconds": 22.147822618484497, "score": 0.9588745836804621, "samples_all_within_1pct": 0.1815, "kernel_rows_within_5pct": 0.8596254163195379, "kernel_median": 0.023125464096665382}
{"epoch": 88, "value_loss": 38.01828882645587, "kernel_loss": 93.83788817269462, "seconds": 19.72343420982361, "score": 0.42016432094307354, "samples_all_within_1pct": 0.6903, "kernel_rows_within_5pct": 0.8895356790569264, "kernel_median": 0.015474550426006317}
{"epoch": 89, "value_loss": 34.194610615165864, "kernel_loss": 97.7674120688925, "seconds": 22.033555030822754, "score": 0.5231803877496847, "samples_all_within_1pct": 0.5836, "kernel_rows_within_5pct": 0.8932196122503153, "kernel_median": 0.01806461438536644}
{"epoch": 90, "value_loss": 26.378383427250142, "kernel_loss": 104.33272326722437, "seconds": 21.954577207565308, "score": 0.7769734349758327, "samples_all_within_1pct": 0.3443, "kernel_rows_within_5pct": 0.8787265650241672, "kernel_median": 0.0179892648011446}
{"epoch": 91, "value_loss": 40.14896436856718, "kernel_loss": 91.25188288396718, "seconds": 21.854634761810303, "score": 0.30317801546713097, "samples_all_within_1pct": 0.7919, "kernel_rows_within_5pct": 0.904921984532869, "kernel_median": 0.013863657601177692}
{"epoch": 92, "value_loss": 32.2965665009557, "kernel_loss": 95.77342457673987, "seconds": 21.82156991958618, "score": 0.8399699807376179, "samples_all_within_1pct": 0.2941, "kernel_rows_within_5pct": 0.8659300192623821, "kernel_median": 0.019912010058760643}
{"epoch": 93, "value_loss": 47.504039175656374, "kernel_loss": 94.70084030774174, "seconds": 20.586864948272705, "score": 1.1083913065734576, "samples_all_within_1pct": 0.0357, "kernel_rows_within_5pct": 0.8559086934265424, "kernel_median": 0.02362096682190895}
{"epoch": 94, "value_loss": 29.779313311284902, "kernel_loss": 106.72382475405323, "seconds": 22.128347396850586, "score": 0.2936045210312507, "samples_all_within_1pct": 0.8025, "kernel_rows_within_5pct": 0.9038954789687493, "kernel_median": 0.014064354822039604}
{"epoch": 95, "value_loss": 38.18350949092787, "kernel_loss": 106.02986296828912, "seconds": 22.07636046409607, "score": 0.35076467849699533, "samples_all_within_1pct": 0.7517, "kernel_rows_within_5pct": 0.8975353215030046, "kernel_median": 0.017301416024565697}
{"epoch": 96, "value_loss": 35.061941672344595, "kernel_loss": 86.76950771954594, "seconds": 20.931626081466675, "score": 0.37517832546554586, "samples_all_within_1pct": 0.7212, "kernel_rows_within_5pct": 0.9036216745344542, "kernel_median": 0.016451520845294}
{"epoch": 97, "value_loss": 36.2399710538436, "kernel_loss": 80.63050927921218, "seconds": 19.133445978164673, "score": 0.39360207057554697, "samples_all_within_1pct": 0.6995, "kernel_rows_within_5pct": 0.906897929424453, "kernel_median": 0.014308744110167027}
{"epoch": 98, "value_loss": 26.002814217489593, "kernel_loss": 93.30216676361707, "seconds": 22.16077184677124, "score": 0.38967491222489814, "samples_all_within_1pct": 0.7128, "kernel_rows_within_5pct": 0.8975250877751019, "kernel_median": 0.014859085902571678}
{"epoch": 99, "value_loss": 26.54497362642872, "kernel_loss": 102.44679112337073, "seconds": 21.77007246017456, "score": 0.29966172669305013, "samples_all_within_1pct": 0.8043, "kernel_rows_within_5pct": 0.8960382733069499, "kernel_median": 0.020043665543198586}
{"epoch": 100, "value_loss": 30.933576445190273, "kernel_loss": 86.05070234804737, "seconds": 19.97993516921997, "score": 0.4185232312933197, "samples_all_within_1pct": 0.68, "kernel_rows_within_5pct": 0.9014767687066803, "kernel_median": 0.014116988517343998}
{"epoch": 101, "value_loss": 29.185845513733067, "kernel_loss": 82.51081283725038, "seconds": 21.84833025932312, "score": 0.3055350488890245, "samples_all_within_1pct": 0.7797, "kernel_rows_within_5pct": 0.9147649511109756, "kernel_median": 0.013902198523283005}
{"epoch": 102, "value_loss": 18.789535228086976, "kernel_loss": 80.8322692403988, "seconds": 21.49078059196472, "score": 0.5477842547830669, "samples_all_within_1pct": 0.5577, "kernel_rows_within_5pct": 0.8945157452169331, "kernel_median": 0.014591720886528492}
{"epoch": 103, "value_loss": 32.48794196576488, "kernel_loss": 89.91459437779018, "seconds": 21.54632306098938, "score": 0.39942879593507974, "samples_all_within_1pct": 0.7031, "kernel_rows_within_5pct": 0.8974712040649203, "kernel_median": 0.01554966252297163}
{"epoch": 104, "value_loss": 25.13229187653989, "kernel_loss": 97.41918341967525, "seconds": 21.748221158981323, "score": 0.264709070382777, "samples_all_within_1pct": 0.8271, "kernel_rows_within_5pct": 0.908190929617223, "kernel_median": 0.015339343808591366}
{"epoch": 105, "value_loss": 32.58086561670109, "kernel_loss": 80.21555102601343, "seconds": 21.94263195991516, "score": 0.5873592067941928, "samples_all_within_1pct": 0.5061, "kernel_rows_within_5pct": 0.9065407932058072, "kernel_median": 0.015151710249483585}
{"epoch": 106, "value_loss": 32.325858943316405, "kernel_loss": 74.98946291086625, "seconds": 20.14299988746643, "score": 0.766312006940556, "samples_all_within_1pct": 0.381, "kernel_rows_within_5pct": 0.852687993059444, "kernel_median": 0.02602439559996128}
{"epoch": 107, "value_loss": 28.950633579370926, "kernel_loss": 78.64430454799107, "seconds": 21.0707745552063, "score": 0.21722866087075654, "samples_all_within_1pct": 0.8656, "kernel_rows_within_5pct": 0.9171713391292434, "kernel_median": 0.013387179933488369}
{"epoch": 108, "value_loss": 25.104210911964884, "kernel_loss": 76.47406428200858, "seconds": 20.278116703033447, "score": 0.3213175933864221, "samples_all_within_1pct": 0.7704, "kernel_rows_within_5pct": 0.908282406613578, "kernel_median": 0.012819914147257805}
{"epoch": 109, "value_loss": 27.78193120323882, "kernel_loss": 78.88206970448397, "seconds": 21.657464504241943, "score": 0.5909158815761362, "samples_all_within_1pct": 0.5075, "kernel_rows_within_5pct": 0.9015841184238639, "kernel_median": 0.018608087673783302}
{"epoch": 110, "value_loss": 24.985203991130906, "kernel_loss": 75.33962695452632, "seconds": 21.882300853729248, "score": 0.4025472798437957, "samples_all_within_1pct": 0.6966, "kernel_rows_within_5pct": 0.9008527201562043, "kernel_median": 0.016029993072152138}
{"epoch": 111, "value_loss": 22.754660117382905, "kernel_loss": 80.43367938606106, "seconds": 21.940795183181763, "score": 0.6720440175193068, "samples_all_within_1pct": 0.4498, "kernel_rows_within_5pct": 0.8781559824806933, "kernel_median": 0.014931446872651577}
{"epoch": 112, "value_loss": 23.869263692777984, "kernel_loss": 82.44808311851658, "seconds": 22.35158681869507, "score": 0.2836794785142883, "samples_all_within_1pct": 0.8046, "kernel_rows_within_5pct": 0.9117205214857117, "kernel_median": 0.017449449747800827}
{"epoch": 113, "value_loss": 25.138681438504435, "kernel_loss": 74.61095706783995, "seconds": 21.60987949371338, "score": 0.8421189488123549, "samples_all_within_1pct": 0.3205, "kernel_rows_within_5pct": 0.837381051187645, "kernel_median": 0.025558974593877792}
{"epoch": 114, "value_loss": 24.947763671680374, "kernel_loss": 79.34417950377173, "seconds": 21.406954765319824, "score": 0.2995399350346244, "samples_all_within_1pct": 0.788, "kernel_rows_within_5pct": 0.9124600649653756, "kernel_median": 0.013943132944405079}
{"epoch": 115, "value_loss": 9814.84161280126, "kernel_loss": 190520.13515342012, "seconds": 21.834405183792114, "score": 1.1679631373602288, "samples_all_within_1pct": 0.0264, "kernel_rows_within_5pct": 0.8056368626397713, "kernel_median": 0.02902466058731079}
{"epoch": 116, "value_loss": 31.70674933706011, "kernel_loss": 156.01918481320752, "seconds": 20.903868913650513, "score": 0.6291653165594875, "samples_all_within_1pct": 0.4974, "kernel_rows_within_5pct": 0.8734346834405124, "kernel_median": 0.01683761179447174}
{"epoch": 117, "value_loss": 35.45845916319867, "kernel_loss": 140.18755889425472, "seconds": 21.72883915901184, "score": 0.43028796490624965, "samples_all_within_1pct": 0.6756, "kernel_rows_within_5pct": 0.8941120350937504, "kernel_median": 0.015207668766379356}
{"epoch": 118, "value_loss": 24.68909039302748, "kernel_loss": 123.10550510640047, "seconds": 19.90414786338806, "score": 0.5313687921214497, "samples_all_within_1pct": 0.5835, "kernel_rows_within_5pct": 0.8851312078785503, "kernel_median": 0.016553577035665512}
{"epoch": 119, "value_loss": 33.985932958369354, "kernel_loss": 102.77576030030542, "seconds": 21.65326476097107, "score": 0.33952430343295625, "samples_all_within_1pct": 0.7575, "kernel_rows_within_5pct": 0.9029756965670438, "kernel_median": 0.014588174410164356}
{"epoch": 120, "value_loss": 22.468342982992834, "kernel_loss": 98.71957782823212, "seconds": 22.090431928634644, "score": 0.405186504031149, "samples_all_within_1pct": 0.6939, "kernel_rows_within_5pct": 0.9009134959688511, "kernel_median": 0.016507741063833237}
{"epoch": 121, "value_loss": 18.57152378072544, "kernel_loss": 91.97842395548918, "seconds": 19.676791191101074, "score": 0.36771781426786343, "samples_all_within_1pct": 0.7256, "kernel_rows_within_5pct": 0.9066821857321365, "kernel_median": 0.013601664453744888}
{"epoch": 122, "value_loss": 22.255744566722793, "kernel_loss": 95.1692396280717, "seconds": 21.95714282989502, "score": 0.5021533977751876, "samples_all_within_1pct": 0.5982, "kernel_rows_within_5pct": 0.8996466022248124, "kernel_median": 0.01560874655842781}
{"epoch": 123, "value_loss": 43.93063745206716, "kernel_loss": 80.5775995449144, "seconds": 22.260818243026733, "score": 0.2808324628468686, "samples_all_within_1pct": 0.8042, "kernel_rows_within_5pct": 0.9149675371531314, "kernel_median": 0.01363305002450943}
{"epoch": 124, "value_loss": 23.961173485736456, "kernel_loss": 77.65326692620103, "seconds": 21.961321592330933, "score": 0.5046322999426284, "samples_all_within_1pct": 0.6004, "kernel_rows_within_5pct": 0.8949677000573716, "kernel_median": 0.015515460632741451}
{"epoch": 125, "value_loss": 26.95496815564681, "kernel_loss": 97.30770118869081, "seconds": 22.136449813842773, "score": 0.5863635905055231, "samples_all_within_1pct": 0.5207, "kernel_rows_within_5pct": 0.8929364094944768, "kernel_median": 0.02310577593743801}
{"epoch": 126, "value_loss": 23.308169114346406, "kernel_loss": 88.19234898625588, "seconds": 22.38818120956421, "score": 0.24018265502165892, "samples_all_within_1pct": 0.8435, "kernel_rows_within_5pct": 0.916317344978341, "kernel_median": 0.012804824858903885}
{"epoch": 127, "value_loss": 21.185738918732625, "kernel_loss": 83.73574774605888, "seconds": 22.212414741516113, "score": 0.3802619311587566, "samples_all_within_1pct": 0.7127, "kernel_rows_within_5pct": 0.9070380688412434, "kernel_median": 0.018913758918642998}
{"epoch": 128, "value_loss": 28.252925016442124, "kernel_loss": 77.61644740980499, "seconds": 19.472933292388916, "score": 0.5505454482988933, "samples_all_within_1pct": 0.555, "kernel_rows_within_5pct": 0.8944545517011067, "kernel_median": 0.02014005370438099}
{"epoch": 129, "value_loss": 18.428076787870758, "kernel_loss": 77.82286801630137, "seconds": 20.961995840072632, "score": 0.2588142047276064, "samples_all_within_1pct": 0.8197, "kernel_rows_within_5pct": 0.9214857952723936, "kernel_median": 0.013094213791191578}
{"epoch": 130, "value_loss": 22.963251026309266, "kernel_loss": 70.39196440638328, "seconds": 20.769835948944092, "score": 0.2807609278983745, "samples_all_within_1pct": 0.8055, "kernel_rows_within_5pct": 0.9137390721016255, "kernel_median": 0.014551271684467793}
{"epoch": 131, "value_loss": 24.187151663157405, "kernel_loss": 68.53828963454889, "seconds": 22.174716234207153, "score": 0.4725177410027257, "samples_all_within_1pct": 0.618, "kernel_rows_within_5pct": 0.9094822589972743, "kernel_median": 0.015297937206923962}
{"epoch": 132, "value_loss": 24.82191644639385, "kernel_loss": 85.4532118816765, "seconds": 21.823012590408325, "score": 0.24194130622885246, "samples_all_within_1pct": 0.837, "kernel_rows_within_5pct": 0.9210586937711476, "kernel_median": 0.012270736508071423}
{"epoch": 133, "value_loss": 21.345356515475682, "kernel_loss": 75.85778530276552, "seconds": 22.59256339073181, "score": 0.22453590670515944, "samples_all_within_1pct": 0.855, "kernel_rows_within_5pct": 0.9204640932948406, "kernel_median": 0.012050599791109562}
{"epoch": 134, "value_loss": 22.28454367238648, "kernel_loss": 75.12275125542466, "seconds": 21.852626085281372, "score": 0.35823960097650653, "samples_all_within_1pct": 0.7248, "kernel_rows_within_5pct": 0.9169603990234935, "kernel_median": 0.011864032596349716}
{"epoch": 135, "value_loss": 23.25581278849621, "kernel_loss": 77.54619458256936, "seconds": 22.29460859298706, "score": 0.2216493929415264, "samples_all_within_1pct": 0.8582, "kernel_rows_within_5pct": 0.9201506070584736, "kernel_median": 0.012077424675226212}
{"epoch": 136, "value_loss": 56.47743674686977, "kernel_loss": 1088.0414977754865, "seconds": 21.38670825958252, "score": 0.9808645370418135, "samples_all_within_1pct": 0.2573, "kernel_rows_within_5pct": 0.7618354629581865, "kernel_median": 0.02849351428449154}
{"epoch": 137, "value_loss": 71.60756837591833, "kernel_loss": 500.30913397730615, "seconds": 22.108410120010376, "score": 0.4790496608563458, "samples_all_within_1pct": 0.6156, "kernel_rows_within_5pct": 0.9053503391436541, "kernel_median": 0.014987257309257984}
{"epoch": 138, "value_loss": 23.415198909993073, "kernel_loss": 73.54771150861468, "seconds": 22.876957416534424, "score": 0.20951594606950708, "samples_all_within_1pct": 0.8697, "kernel_rows_within_5pct": 0.9207840539304929, "kernel_median": 0.012623472139239311}
{"epoch": 139, "value_loss": 18.346511668088485, "kernel_loss": 66.18202437186727, "seconds": 22.54112195968628, "score": 0.16854705948448334, "samples_all_within_1pct": 0.9065, "kernel_rows_within_5pct": 0.9249529405155167, "kernel_median": 0.011706369929015636}
{"epoch": 140, "value_loss": 20.42434580715335, "kernel_loss": 63.303993049932984, "seconds": 21.744662046432495, "score": 0.31995935223843996, "samples_all_within_1pct": 0.7859, "kernel_rows_within_5pct": 0.89414064776156, "kernel_median": 0.01521315798163414}
{"epoch": 141, "value_loss": 20.146799817377207, "kernel_loss": 75.15001995709477, "seconds": 22.284196615219116, "score": 0.3369773834404498, "samples_all_within_1pct": 0.7539, "kernel_rows_within_5pct": 0.9091226165595502, "kernel_median": 0.01406783051788807}
{"epoch": 142, "value_loss": 19.83550293104989, "kernel_loss": 66.93816054597193, "seconds": 20.670441150665283, "score": 0.22157854196110394, "samples_all_within_1pct": 0.8654, "kernel_rows_within_5pct": 0.9130214580388961, "kernel_median": 0.013011564500629902}
{"epoch": 143, "value_loss": 17.063839099845108, "kernel_loss": 70.3001884927555, "seconds": 22.30147957801819, "score": 0.24185418449824136, "samples_all_within_1pct": 0.8364, "kernel_rows_within_5pct": 0.9217458155017586, "kernel_median": 0.012198157608509064}
{"epoch": 144, "value_loss": 15.79692123860729, "kernel_loss": 62.43123875832071, "seconds": 22.099562883377075, "score": 0.33887309540403276, "samples_all_within_1pct": 0.7355, "kernel_rows_within_5pct": 0.9256269045959672, "kernel_median": 0.012173821218311787}
{"epoch": 145, "value_loss": 17.390496606729467, "kernel_loss": 67.67838316547628, "seconds": 22.555129289627075, "score": 0.3777900102107542, "samples_all_within_1pct": 0.7102, "kernel_rows_within_5pct": 0.9120099897892457, "kernel_median": 0.018827510997653008}
{"epoch": 146, "value_loss": 16.495809834830617, "kernel_loss": 64.27734877138721, "seconds": 22.28241539001465, "score": 0.348956698925187, "samples_all_within_1pct": 0.7356, "kernel_rows_within_5pct": 0.915443301074813, "kernel_median": 0.014562866650521755}
{"epoch": 147, "value_loss": 17.784788092788386, "kernel_loss": 59.481611349144764, "seconds": 21.722607374191284, "score": 0.16623858950825676, "samples_all_within_1pct": 0.9038, "kernel_rows_within_5pct": 0.9299614104917432, "kernel_median": 0.011499949730932713}
{"epoch": 148, "value_loss": 17.873049453813202, "kernel_loss": 64.77780850079594, "seconds": 21.585896730422974, "score": 0.376586551586656, "samples_all_within_1pct": 0.7132, "kernel_rows_within_5pct": 0.9102134484133441, "kernel_median": 0.013415240682661533}
{"epoch": 149, "value_loss": 14.163894307856657, "kernel_loss": 78.63785239628383, "seconds": 22.828596115112305, "score": 0.1605742326009395, "samples_all_within_1pct": 0.9088, "kernel_rows_within_5pct": 0.9306257673990604, "kernel_median": 0.011015160009264946}
{"epoch": 150, "value_loss": 15.707515514626795, "kernel_loss": 62.904541365954344, "seconds": 19.51862621307373, "score": 0.7437379449295951, "samples_all_within_1pct": 0.343, "kernel_rows_within_5pct": 0.9132620550704049, "kernel_median": 0.011786669492721558}
{"epoch": 151, "value_loss": 15.912853121757507, "kernel_loss": 69.20287151725925, "seconds": 22.046555280685425, "score": 0.47879077235197587, "samples_all_within_1pct": 0.6064, "kernel_rows_within_5pct": 0.9148092276480241, "kernel_median": 0.0169491246342659}
{"epoch": 152, "value_loss": 18.71849476926181, "kernel_loss": 58.60712275213125, "seconds": 21.933539152145386, "score": 0.14572227776050106, "samples_all_within_1pct": 0.9232, "kernel_rows_within_5pct": 0.9310777222394989, "kernel_median": 0.010784555226564407}
{"epoch": 153, "value_loss": 19.6020421324944, "kernel_loss": 47.2963934333957, "seconds": 22.103572130203247, "score": 0.160141176636441, "samples_all_within_1pct": 0.9033, "kernel_rows_within_5pct": 0.936558823363559, "kernel_median": 0.010501235723495483}
{"epoch": 154, "value_loss": 16.44806554974342, "kernel_loss": 65.65847891204211, "seconds": 22.364811658859253, "score": 0.9278729527792821, "samples_all_within_1pct": 0.2126, "kernel_rows_within_5pct": 0.8595270472207179, "kernel_median": 0.01569744572043419}
{"epoch": 155, "value_loss": 18.14479602842915, "kernel_loss": 57.44859339266407, "seconds": 21.55961036682129, "score": 0.16937702640865693, "samples_all_within_1pct": 0.907, "kernel_rows_within_5pct": 0.923622973591343, "kernel_median": 0.010531448759138584}
{"epoch": 156, "value_loss": 10.943406272907646, "kernel_loss": 62.29747137731435, "seconds": 22.276469230651855, "score": 0.1461802865610894, "samples_all_within_1pct": 0.9211, "kernel_rows_within_5pct": 0.9327197134389106, "kernel_median": 0.012708595022559166}
{"epoch": 157, "value_loss": 11.700667586861824, "kernel_loss": 56.34930468578728, "seconds": 21.365741968154907, "score": 0.3054499981725486, "samples_all_within_1pct": 0.7733, "kernel_rows_within_5pct": 0.9212500018274514, "kernel_median": 0.012841667048633099}
{"epoch": 158, "value_loss": 20.05002577694095, "kernel_loss": 58.65671202601219, "seconds": 19.96104884147644, "score": 0.16420101480987503, "samples_all_within_1pct": 0.9048, "kernel_rows_within_5pct": 0.9309989851901249, "kernel_median": 0.013177534565329552}
{"epoch": 159, "value_loss": 20.781958679763637, "kernel_loss": 69.80152968971096, "seconds": 21.96863627433777, "score": 0.43936895719774627, "samples_all_within_1pct": 0.6419, "kernel_rows_within_5pct": 0.9187310428022537, "kernel_median": 0.019176749512553215}
{"epoch": 160, "value_loss": 16.73234439626032, "kernel_loss": 56.513654202831034, "seconds": 21.220793962478638, "score": 0.16616924257255872, "samples_all_within_1pct": 0.8975, "kernel_rows_within_5pct": 0.9363307574274413, "kernel_median": 0.010479548014700413}
{"epoch": 161, "value_loss": 12.780768800754936, "kernel_loss": 58.71898168447066, "seconds": 19.659674406051636, "score": 0.2882358241461259, "samples_all_within_1pct": 0.789, "kernel_rows_within_5pct": 0.922764175853874, "kernel_median": 0.017152933403849602}
{"epoch": 162, "value_loss": 9.746201742668541, "kernel_loss": 58.16595061944456, "seconds": 22.288841724395752, "score": 0.23741134204063452, "samples_all_within_1pct": 0.8423, "kernel_rows_within_5pct": 0.9202886579593654, "kernel_median": 0.01539301685988903}
{"epoch": 163, "value_loss": 17.378668001719884, "kernel_loss": 50.60497468831588, "seconds": 22.363307237625122, "score": 0.12046033630536102, "samples_all_within_1pct": 0.9392, "kernel_rows_within_5pct": 0.940339663694639, "kernel_median": 0.009972370229661465}
{"epoch": 164, "value_loss": 21.599404989456644, "kernel_loss": 48.13576198110775, "seconds": 21.92861032485962, "score": 0.19822817481045152, "samples_all_within_1pct": 0.8703, "kernel_rows_within_5pct": 0.9314718251895485, "kernel_median": 0.01417397242039442}
{"epoch": 165, "value_loss": 13.063654692805542, "kernel_loss": 58.88899694170271, "seconds": 22.205102682113647, "score": 0.18746843778384237, "samples_all_within_1pct": 0.8768, "kernel_rows_within_5pct": 0.9357315622161576, "kernel_median": 0.010213077999651432}
{"epoch": 166, "value_loss": 16.133154817989894, "kernel_loss": 58.86372682999591, "seconds": 22.284290075302124, "score": 0.2681368416084162, "samples_all_within_1pct": 0.8038, "kernel_rows_within_5pct": 0.9280631583915838, "kernel_median": 0.012305754236876965}
{"epoch": 167, "value_loss": 18.01709579934879, "kernel_loss": 60.621900208142335, "seconds": 22.224277019500732, "score": 0.13054819503146242, "samples_all_within_1pct": 0.9306, "kernel_rows_within_5pct": 0.9388518049685376, "kernel_median": 0.00950231309980154}
{"epoch": 168, "value_loss": 13.448560110160283, "kernel_loss": 49.88900221610556, "seconds": 20.882336616516113, "score": 0.15301052739412324, "samples_all_within_1pct": 0.9121, "kernel_rows_within_5pct": 0.9348894726058767, "kernel_median": 0.009959675371646881}
{"epoch": 169, "value_loss": 14.006524452141353, "kernel_loss": 49.22672462463379, "seconds": 22.22633147239685, "score": 0.20995560928378731, "samples_all_within_1pct": 0.8703, "kernel_rows_within_5pct": 0.9197443907162127, "kernel_median": 0.010664368979632854}
{"epoch": 170, "value_loss": 16.094839604533448, "kernel_loss": 51.63574991420824, "seconds": 22.211519956588745, "score": 0.14217497724039807, "samples_all_within_1pct": 0.9186, "kernel_rows_within_5pct": 0.939225022759602, "kernel_median": 0.009563909843564034}
{"epoch": 171, "value_loss": 14.446172096291367, "kernel_loss": 46.13582862153345, "seconds": 21.865699291229248, "score": 0.4041438441516021, "samples_all_within_1pct": 0.6686, "kernel_rows_within_5pct": 0.9272561558483979, "kernel_median": 0.012281698174774647}
{"epoch": 172, "value_loss": 9.372247157048205, "kernel_loss": 57.12200828474395, "seconds": 19.495123863220215, "score": 0.22956949680759897, "samples_all_within_1pct": 0.8384, "kernel_rows_within_5pct": 0.932030503192401, "kernel_median": 0.014879798516631126}
{"epoch": 173, "value_loss": 13.836062372947225, "kernel_loss": 50.521160300897094, "seconds": 21.921751737594604, "score": 0.1897636730227864, "samples_all_within_1pct": 0.8814, "kernel_rows_within_5pct": 0.9288363269772136, "kernel_median": 0.011274037882685661}
{"epoch": 174, "value_loss": 9.222657311935814, "kernel_loss": 50.32837752906644, "seconds": 20.576335906982422, "score": 0.11518989755620668, "samples_all_within_1pct": 0.9474, "kernel_rows_within_5pct": 0.9374101024437933, "kernel_median": 0.010213484987616539}
{"epoch": 175, "value_loss": 13.640359204642627, "kernel_loss": 44.56990899845045, "seconds": 20.89879059791565, "score": 0.10727231793310443, "samples_all_within_1pct": 0.9505, "kernel_rows_within_5pct": 0.9422276820668956, "kernel_median": 0.009086276404559612}
{"epoch": 176, "value_loss": 6.571268627838212, "kernel_loss": 49.97584354634188, "seconds": 20.85784101486206, "score": 0.5374732976976827, "samples_all_within_1pct": 0.5395, "kernel_rows_within_5pct": 0.9230267023023173, "kernel_median": 0.011020703241229057}
{"epoch": 177, "value_loss": 15.408465625072012, "kernel_loss": 48.65388625008719, "seconds": 23.238895416259766, "score": 0.2586365600555879, "samples_all_within_1pct": 0.8262, "kernel_rows_within_5pct": 0.9151634399444121, "kernel_median": 0.010970569215714931}
{"epoch": 178, "value_loss": 9.952002650620987, "kernel_loss": 53.434975818711884, "seconds": 21.146768808364868, "score": 0.1414484678542942, "samples_all_within_1pct": 0.923, "kernel_rows_within_5pct": 0.9355515321457057, "kernel_median": 0.010012269951403141}
{"epoch": 179, "value_loss": 14.78069686524722, "kernel_loss": 42.8925505754899, "seconds": 22.58884572982788, "score": 0.16031910616114287, "samples_all_within_1pct": 0.9017, "kernel_rows_within_5pct": 0.9379808938388572, "kernel_median": 0.00974293053150177}
{"epoch": 180, "value_loss": 11.799992084503174, "kernel_loss": 64.49961658399933, "seconds": 19.417495012283325, "score": 0.21998276489848034, "samples_all_within_1pct": 0.8488, "kernel_rows_within_5pct": 0.9312172351015197, "kernel_median": 0.010465898551046848}
{"epoch": 181, "value_loss": 14.636694000691783, "kernel_loss": 77.64676132980658, "seconds": 22.066368579864502, "score": 0.32831313914590976, "samples_all_within_1pct": 0.7491, "kernel_rows_within_5pct": 0.9225868608540903, "kernel_median": 0.01254400797188282}
{"epoch": 182, "value_loss": 13.290887482312261, "kernel_loss": 49.61277165704844, "seconds": 20.528120279312134, "score": 0.1325067013583081, "samples_all_within_1pct": 0.9272, "kernel_rows_within_5pct": 0.9402932986416919, "kernel_median": 0.009340392425656319}
{"epoch": 183, "value_loss": 12.534591609117935, "kernel_loss": 45.520436014447895, "seconds": 21.91415786743164, "score": 0.10580104759957465, "samples_all_within_1pct": 0.9502, "kernel_rows_within_5pct": 0.9439989524004253, "kernel_median": 0.008495118468999863}
{"epoch": 184, "value_loss": 9.42066763006911, "kernel_loss": 49.93839483844991, "seconds": 20.159030199050903, "score": 0.15289832870692244, "samples_all_within_1pct": 0.9078, "kernel_rows_within_5pct": 0.9393016712930775, "kernel_median": 0.009689098224043846}
{"epoch": 185, "value_loss": 8.615120262515788, "kernel_loss": 46.61508904671182, "seconds": 22.289130687713623, "score": 0.19808241498852674, "samples_all_within_1pct": 0.8693, "kernel_rows_within_5pct": 0.9326175850114733, "kernel_median": 0.013351846486330032}
{"epoch": 186, "value_loss": 6.973626787565192, "kernel_loss": 46.86242872354936, "seconds": 22.259807348251343, "score": 0.11237461256463688, "samples_all_within_1pct": 0.9433, "kernel_rows_within_5pct": 0.9443253874353631, "kernel_median": 0.008597185835242271}
{"epoch": 187, "value_loss": 7.775903188452428, "kernel_loss": 49.88349476639105, "seconds": 22.200004816055298, "score": 0.15022108970823222, "samples_all_within_1pct": 0.9152, "kernel_rows_within_5pct": 0.9345789102917678, "kernel_median": 0.01012282632291317}
{"epoch": 188, "value_loss": 15.935368238663187, "kernel_loss": 43.26932137353079, "seconds": 22.175548553466797, "score": 0.09611260223024254, "samples_all_within_1pct": 0.9585, "kernel_rows_within_5pct": 0.9453873977697574, "kernel_median": 0.008967834524810314}
{"epoch": 189, "value_loss": 14.868340300053966, "kernel_loss": 45.67767550020802, "seconds": 22.561193466186523, "score": 0.17112759911104403, "samples_all_within_1pct": 0.9059, "kernel_rows_within_5pct": 0.9229724008889559, "kernel_median": 0.010067257098853588}
{"epoch": 190, "value_loss": 7.4259026829077275, "kernel_loss": 48.272190347009776, "seconds": 22.396836757659912, "score": 0.1168961510740506, "samples_all_within_1pct": 0.9441, "kernel_rows_within_5pct": 0.9390038489259493, "kernel_median": 0.009600930847227573}
{"epoch": 191, "value_loss": 11.923657861291145, "kernel_loss": 44.13753383013667, "seconds": 20.847036361694336, "score": 0.13272979858979228, "samples_all_within_1pct": 0.9226, "kernel_rows_within_5pct": 0.9446702014102077, "kernel_median": 0.009299159981310368}
{"epoch": 192, "value_loss": 7.849186022670901, "kernel_loss": 46.65915882344149, "seconds": 22.017109632492065, "score": 0.12068993855377375, "samples_all_within_1pct": 0.9352, "kernel_rows_within_5pct": 0.9441100614462262, "kernel_median": 0.008842133916914463}
{"epoch": 193, "value_loss": 7.200599565797923, "kernel_loss": 41.69866965741527, "seconds": 20.501428365707397, "score": 0.273033636655459, "samples_all_within_1pct": 0.7893, "kernel_rows_within_5pct": 0.937666363344541, "kernel_median": 0.00959985051304102}
{"epoch": 194, "value_loss": 13.107147033117256, "kernel_loss": 35.520684047621124, "seconds": 19.990968704223633, "score": 0.10380761767377333, "samples_all_within_1pct": 0.9493, "kernel_rows_within_5pct": 0.9468923823262266, "kernel_median": 0.008907115086913109}
{"epoch": 195, "value_loss": 10.882013932782776, "kernel_loss": 37.7707811569681, "seconds": 22.06235647201538, "score": 0.09533182313444888, "samples_all_within_1pct": 0.9567, "kernel_rows_within_5pct": 0.9479681768655511, "kernel_median": 0.008319098502397537}
{"epoch": 196, "value_loss": 10.701542657248828, "kernel_loss": 54.45568113910909, "seconds": 22.02881145477295, "score": 0.15107399695369073, "samples_all_within_1pct": 0.913, "kernel_rows_within_5pct": 0.9359260030463092, "kernel_median": 0.013435838744044304}
{"epoch": 197, "value_loss": 9.534680916338552, "kernel_loss": 41.89569864467699, "seconds": 21.298322677612305, "score": 0.11293229551497486, "samples_all_within_1pct": 0.9429, "kernel_rows_within_5pct": 0.9441677044850252, "kernel_median": 0.008963662199676037}
{"epoch": 198, "value_loss": 12.029938302478012, "kernel_loss": 39.00007719896278, "seconds": 22.047282695770264, "score": 0.18805490507799671, "samples_all_within_1pct": 0.8784, "kernel_rows_within_5pct": 0.9335450949220033, "kernel_median": 0.013995771296322346}
{"epoch": 199, "value_loss": 8.72477704043291, "kernel_loss": 47.811678789099865, "seconds": 21.558292388916016, "score": 0.09174596654322831, "samples_all_within_1pct": 0.9612, "kernel_rows_within_5pct": 0.9470540334567716, "kernel_median": 0.007767641916871071}
{"epoch": 200, "value_loss": 10.066387777425804, "kernel_loss": 51.878542024262096, "seconds": 21.220841884613037, "score": 0.21010669371433988, "samples_all_within_1pct": 0.859, "kernel_rows_within_5pct": 0.9308933062856601, "kernel_median": 0.012222797609865665}
{"epoch": 201, "value_loss": 7.180586836775955, "kernel_loss": 43.23846332394347, "seconds": 22.078723907470703, "score": 0.1402504596092512, "samples_all_within_1pct": 0.9339, "kernel_rows_within_5pct": 0.9258495403907488, "kernel_median": 0.010062484070658684}
{"epoch": 202, "value_loss": 16.943628660270146, "kernel_loss": 39.68557919288168, "seconds": 20.13966178894043, "score": 0.12644267030124134, "samples_all_within_1pct": 0.9308, "kernel_rows_within_5pct": 0.9427573296987587, "kernel_median": 0.009204148314893246}
{"epoch": 203, "value_loss": 11.482766474996295, "kernel_loss": 37.280917654232105, "seconds": 21.682748794555664, "score": 0.09116071518303026, "samples_all_within_1pct": 0.9616, "kernel_rows_within_5pct": 0.9472392848169697, "kernel_median": 0.008201893419027328}
{"epoch": 204, "value_loss": 11.605139288367058, "kernel_loss": 38.77710776426354, "seconds": 19.884088277816772, "score": 0.08527594931923776, "samples_all_within_1pct": 0.9659, "kernel_rows_within_5pct": 0.9488240506807623, "kernel_median": 0.007977080531418324}
{"epoch": 205, "value_loss": 9.572004482454183, "kernel_loss": 40.30822666323915, "seconds": 21.425973892211914, "score": 0.22279857256203883, "samples_all_within_1pct": 0.8495, "kernel_rows_within_5pct": 0.9277014274379611, "kernel_median": 0.010679628700017929}
{"epoch": 206, "value_loss": 9.193957979581795, "kernel_loss": 55.25629107806147, "seconds": 19.13541078567505, "score": 0.3022228922854191, "samples_all_within_1pct": 0.7651, "kernel_rows_within_5pct": 0.9326771077145809, "kernel_median": 0.009648391045629978}
{"epoch": 207, "value_loss": 6.853345946389801, "kernel_loss": 46.44822474888393, "seconds": 19.349380016326904, "score": 0.1002266444921972, "samples_all_within_1pct": 0.954, "kernel_rows_within_5pct": 0.9457733555078028, "kernel_median": 0.008047561161220074}
{"epoch": 208, "value_loss": 7.729630122379381, "kernel_loss": 40.32792543878361, "seconds": 19.195118188858032, "score": 0.320760400276603, "samples_all_within_1pct": 0.7422, "kernel_rows_within_5pct": 0.937039599723397, "kernel_median": 0.010900740511715412}
{"epoch": 209, "value_loss": 5.601572674147937, "kernel_loss": 39.08954415029409, "seconds": 21.365742444992065, "score": 0.0820136317223844, "samples_all_within_1pct": 0.9689, "kernel_rows_within_5pct": 0.9490863682776156, "kernel_median": 0.007774258963763714}
{"epoch": 210, "value_loss": 2.9109224324323693, "kernel_loss": 39.36984428094358, "seconds": 20.94977593421936, "score": 0.08299741182755793, "samples_all_within_1pct": 0.9686, "kernel_rows_within_5pct": 0.948402588172442, "kernel_median": 0.008200187236070633}
{"epoch": 211, "value_loss": 9.19482567237348, "kernel_loss": 39.20024000868506, "seconds": 21.864749908447266, "score": 0.08893795691767625, "samples_all_within_1pct": 0.9612, "kernel_rows_within_5pct": 0.9498620430823237, "kernel_median": 0.007794844452291727}
{"epoch": 212, "value_loss": 11.022669668100319, "kernel_loss": 30.341959165067088, "seconds": 21.34066867828369, "score": 0.09942633831576653, "samples_all_within_1pct": 0.9488, "kernel_rows_within_5pct": 0.9517736616842335, "kernel_median": 0.007936568930745125}
{"epoch": 213, "value_loss": 10.715527041834228, "kernel_loss": 31.191697986758484, "seconds": 19.839346170425415, "score": 0.29893344804158817, "samples_all_within_1pct": 0.7713, "kernel_rows_within_5pct": 0.9297665519584118, "kernel_median": 0.012302422896027565}
{"epoch": 214, "value_loss": 9.809336397112633, "kernel_loss": 47.26904837939204, "seconds": 21.888817310333252, "score": 0.18753772895616605, "samples_all_within_1pct": 0.8861, "kernel_rows_within_5pct": 0.926362271043834, "kernel_median": 0.010674390941858292}
{"epoch": 215, "value_loss": 7.966723094181138, "kernel_loss": 49.200674874441965, "seconds": 23.021352291107178, "score": 0.08330345649381199, "samples_all_within_1pct": 0.9667, "kernel_rows_within_5pct": 0.949996543506188, "kernel_median": 0.007492097094655037}
{"epoch": 216, "value_loss": 9.160889874915688, "kernel_loss": 34.54724846080858, "seconds": 22.316382884979248, "score": 0.37445207630852306, "samples_all_within_1pct": 0.7116, "kernel_rows_within_5pct": 0.9139479236914769, "kernel_median": 0.011895806528627872}
{"epoch": 217, "value_loss": 5.930889259795753, "kernel_loss": 39.262736106405455, "seconds": 21.70215940475464, "score": 0.0905409819867593, "samples_all_within_1pct": 0.9609, "kernel_rows_within_5pct": 0.9485590180132407, "kernel_median": 0.00818644743412733}
{"epoch": 218, "value_loss": 7.7132614668534725, "kernel_loss": 37.36675827843802, "seconds": 21.878540992736816, "score": 0.3761859151740914, "samples_all_within_1pct": 0.6984, "kernel_rows_within_5pct": 0.9254140848259086, "kernel_median": 0.011143309064209461}
{"epoch": 219, "value_loss": 6.826757212074435, "kernel_loss": 40.38999511757675, "seconds": 19.616290807724, "score": 0.18013285866240158, "samples_all_within_1pct": 0.8881, "kernel_rows_within_5pct": 0.9317671413375984, "kernel_median": 0.009161973372101784}
{"epoch": 220, "value_loss": 4.672574104094992, "kernel_loss": 38.15545463562012, "seconds": 21.94637703895569, "score": 0.08926633285220886, "samples_all_within_1pct": 0.9624, "kernel_rows_within_5pct": 0.9483336671477911, "kernel_median": 0.007447538897395134}
{"epoch": 221, "value_loss": 6.629042489188058, "kernel_loss": 36.7434416401143, "seconds": 22.491847276687622, "score": 0.09792688122547433, "samples_all_within_1pct": 0.9548, "kernel_rows_within_5pct": 0.9472731187745257, "kernel_median": 0.01335008442401886}
{"epoch": 222, "value_loss": 15.710781905115867, "kernel_loss": 42.566573201393595, "seconds": 21.95970129966736, "score": 0.09431961788930832, "samples_all_within_1pct": 0.9559, "kernel_rows_within_5pct": 0.9497803821106917, "kernel_median": 0.010214744135737419}
{"epoch": 223, "value_loss": 7.264184914073166, "kernel_loss": 36.72793484707268, "seconds": 22.516740798950195, "score": 0.1260874334207237, "samples_all_within_1pct": 0.923, "kernel_rows_within_5pct": 0.9509125665792763, "kernel_median": 0.008009704761207104}
{"epoch": 224, "value_loss": 6.2596685229515545, "kernel_loss": 33.87960792074398, "seconds": 20.604678630828857, "score": 0.07917523746947897, "samples_all_within_1pct": 0.9676, "kernel_rows_within_5pct": 0.953224762530521, "kernel_median": 0.0075142234563827515}
{"epoch": 225, "value_loss": 5.3077422940001195, "kernel_loss": 36.89662910967457, "seconds": 22.33521056175232, "score": 0.08131508712557356, "samples_all_within_1pct": 0.9722, "kernel_rows_within_5pct": 0.9464849128744265, "kernel_median": 0.008961381390690804}
{"epoch": 226, "value_loss": 5.171173458196679, "kernel_loss": 37.965001797189515, "seconds": 22.184836626052856, "score": 0.09969625439293217, "samples_all_within_1pct": 0.949, "kernel_rows_within_5pct": 0.9513037456070679, "kernel_median": 0.007239895407110453}
{"epoch": 227, "value_loss": 3.036437148342327, "kernel_loss": 35.83495463157187, "seconds": 21.44165349006653, "score": 0.07506211973085719, "samples_all_within_1pct": 0.9718, "kernel_rows_within_5pct": 0.9531378802691428, "kernel_median": 0.006940328981727362}
{"epoch": 228, "value_loss": 4.828137930558652, "kernel_loss": 34.86029746581097, "seconds": 22.04789662361145, "score": 0.0795362713391502, "samples_all_within_1pct": 0.9669, "kernel_rows_within_5pct": 0.9535637286608498, "kernel_median": 0.008066774345934391}
{"epoch": 229, "value_loss": 8.238975439752851, "kernel_loss": 31.305026278203847, "seconds": 22.122894287109375, "score": 0.07810502342375003, "samples_all_within_1pct": 0.9685, "kernel_rows_within_5pct": 0.9533949765762499, "kernel_median": 0.00763323251157999}
{"epoch": 230, "value_loss": 4.413039329100628, "kernel_loss": 34.91495712435975, "seconds": 20.016510009765625, "score": 0.11208167087119725, "samples_all_within_1pct": 0.9414, "kernel_rows_within_5pct": 0.9465183291288027, "kernel_median": 0.00775870680809021}
{"epoch": 231, "value_loss": 4.2208089743341715, "kernel_loss": 35.046350664022015, "seconds": 20.544268369674683, "score": 0.08544610486563642, "samples_all_within_1pct": 0.9668, "kernel_rows_within_5pct": 0.9477538951343636, "kernel_median": 0.008433442562818527}
{"epoch": 232, "value_loss": 5.059375770237981, "kernel_loss": 33.953640071713195, "seconds": 20.255642414093018, "score": 0.09844153419036283, "samples_all_within_1pct": 0.957, "kernel_rows_within_5pct": 0.9445584658096372, "kernel_median": 0.0073668756522238255}
{"epoch": 233, "value_loss": 9.516558614312386, "kernel_loss": 32.231714560061086, "seconds": 20.581059455871582, "score": 0.0689941511112262, "samples_all_within_1pct": 0.976, "kernel_rows_within_5pct": 0.9550058488887738, "kernel_median": 0.007013524882495403}
{"epoch": 234, "value_loss": 7.783244920628412, "kernel_loss": 30.7765807035018, "seconds": 19.662535905838013, "score": 0.06747598102290908, "samples_all_within_1pct": 0.9775, "kernel_rows_within_5pct": 0.9550240189770909, "kernel_median": 0.007080417592078447}
{"epoch": 235, "value_loss": 6.948745077970076, "kernel_loss": 33.28941975807657, "seconds": 21.752878427505493, "score": 0.0664372942733521, "samples_all_within_1pct": 0.9789, "kernel_rows_within_5pct": 0.9546627057266479, "kernel_median": 0.007081144023686647}
{"epoch": 236, "value_loss": 6.742051334405432, "kernel_loss": 31.622024964313116, "seconds": 21.337174654006958, "score": 0.09082112631991601, "samples_all_within_1pct": 0.9569, "kernel_rows_within_5pct": 0.952278873680084, "kernel_median": 0.007346256636083126}
{"epoch": 237, "value_loss": 3.0255756670114944, "kernel_loss": 35.256959798384685, "seconds": 22.47248911857605, "score": 0.06601481812472576, "samples_all_within_1pct": 0.9795, "kernel_rows_within_5pct": 0.9544851818752742, "kernel_median": 0.006725242827087641}
{"epoch": 238, "value_loss": 5.322203238399661, "kernel_loss": 31.41011177763647, "seconds": 22.059319734573364, "score": 0.0650708089385974, "samples_all_within_1pct": 0.9795, "kernel_rows_within_5pct": 0.9554291910614026, "kernel_median": 0.00684912595897913}
{"epoch": 239, "value_loss": 6.80282063143594, "kernel_loss": 35.68412382748662, "seconds": 22.153015851974487, "score": 0.08784086225214272, "samples_all_within_1pct": 0.9633, "kernel_rows_within_5pct": 0.9488591377478572, "kernel_median": 0.008613120764493942}
{"epoch": 240, "value_loss": 3.6796653325460396, "kernel_loss": 34.871845984945494, "seconds": 21.34484624862671, "score": 0.25627400351163065, "samples_all_within_1pct": 0.8052, "kernel_rows_within_5pct": 0.9385259964883693, "kernel_median": 0.008029741235077381}
{"epoch": 241, "value_loss": 4.640961982157766, "kernel_loss": 33.96510204003782, "seconds": 21.76904845237732, "score": 0.07369742112145361, "samples_all_within_1pct": 0.9774, "kernel_rows_within_5pct": 0.9489025788785463, "kernel_median": 0.007324764039367437}
{"epoch": 242, "value_loss": 3.8781567751144874, "kernel_loss": 33.26461068951354, "seconds": 22.30994749069214, "score": 0.07462683584202379, "samples_all_within_1pct": 0.9738, "kernel_rows_within_5pct": 0.9515731641579762, "kernel_median": 0.008174712769687176}
{"epoch": 243, "value_loss": 7.336954187373726, "kernel_loss": 31.301045456711126, "seconds": 22.137214183807373, "score": 0.07840587741790106, "samples_all_within_1pct": 0.9672, "kernel_rows_within_5pct": 0.954394122582099, "kernel_median": 0.009760083630681038}
{"epoch": 244, "value_loss": 5.394359681679278, "kernel_loss": 30.748679997969646, "seconds": 22.099217176437378, "score": 0.060340095725037624, "samples_all_within_1pct": 0.9826, "kernel_rows_within_5pct": 0.9570599042749623, "kernel_median": 0.006473565939813852}
{"epoch": 245, "value_loss": 6.445053143160684, "kernel_loss": 28.386853412706024, "seconds": 22.544349670410156, "score": 0.059414425567277385, "samples_all_within_1pct": 0.9825, "kernel_rows_within_5pct": 0.9580855744327226, "kernel_median": 0.006473419722169638}
{"epoch": 246, "value_loss": 6.712595297365772, "kernel_loss": 27.10966036271076, "seconds": 21.98852014541626, "score": 0.06640358934430834, "samples_all_within_1pct": 0.9787, "kernel_rows_within_5pct": 0.9548964106556916, "kernel_median": 0.007595767732709646}
{"epoch": 247, "value_loss": 4.744672425547424, "kernel_loss": 31.122280441984838, "seconds": 22.45172381401062, "score": 0.06353771853447177, "samples_all_within_1pct": 0.9792, "kernel_rows_within_5pct": 0.9572622814655283, "kernel_median": 0.006925330962985754}
{"epoch": 248, "value_loss": 7.3173032524634385, "kernel_loss": 28.099382419975438, "seconds": 22.237404584884644, "score": 0.12248537990835173, "samples_all_within_1pct": 0.9382, "kernel_rows_within_5pct": 0.9393146200916482, "kernel_median": 0.008671849966049194}
{"epoch": 249, "value_loss": 6.302335202693939, "kernel_loss": 42.409762411701436, "seconds": 22.09222674369812, "score": 0.2070321085510315, "samples_all_within_1pct": 0.8656, "kernel_rows_within_5pct": 0.9273678914489685, "kernel_median": 0.011237733997404575}
{"epoch": 250, "value_loss": 6.562890926185919, "kernel_loss": 35.665365618102406, "seconds": 22.03843879699707, "score": 0.06638630113182942, "samples_all_within_1pct": 0.9762, "kernel_rows_within_5pct": 0.9574136988681706, "kernel_median": 0.006482750177383423}
{"epoch": 251, "value_loss": 5.408383039187412, "kernel_loss": 32.3914391751192, "seconds": 21.214462518692017, "score": 0.26456837381260034, "samples_all_within_1pct": 0.7964, "kernel_rows_within_5pct": 0.9390316261873997, "kernel_median": 0.009157707914710045}
{"epoch": 252, "value_loss": 6.219539606449556, "kernel_loss": 31.99028324594303, "seconds": 21.041316986083984, "score": 0.21900387037500768, "samples_all_within_1pct": 0.8357, "kernel_rows_within_5pct": 0.9452961296249923, "kernel_median": 0.008423065766692162}
{"epoch": 253, "value_loss": 2.8696391758870106, "kernel_loss": 32.472475567642526, "seconds": 21.302473306655884, "score": 0.062186132191778376, "samples_all_within_1pct": 0.9805, "kernel_rows_within_5pct": 0.9573138678082216, "kernel_median": 0.006277294829487801}
{"epoch": 254, "value_loss": 2.205577647807647, "kernel_loss": 31.689318160621486, "seconds": 21.20619010925293, "score": 0.07172150137560096, "samples_all_within_1pct": 0.9738, "kernel_rows_within_5pct": 0.954478498624399, "kernel_median": 0.006251118145883083}
{"epoch": 255, "value_loss": 4.267472105975053, "kernel_loss": 31.205235646695506, "seconds": 19.177002429962158, "score": 0.06854092457345717, "samples_all_within_1pct": 0.977, "kernel_rows_within_5pct": 0.9544590754265428, "kernel_median": 0.006828587502241135}
{"epoch": 256, "value_loss": 3.1696969745110493, "kernel_loss": 30.30172316882075, "seconds": 21.75197672843933, "score": 0.0607047199832752, "samples_all_within_1pct": 0.982, "kernel_rows_within_5pct": 0.9572952800167248, "kernel_median": 0.006249686703085899}
{"epoch": 257, "value_loss": 4.714215944007951, "kernel_loss": 31.087940576125163, "seconds": 21.226675748825073, "score": 0.06371622814446432, "samples_all_within_1pct": 0.9801, "kernel_rows_within_5pct": 0.9561837718555357, "kernel_median": 0.009380308911204338}
{"epoch": 258, "value_loss": 6.740740251784422, "kernel_loss": 26.47411689952928, "seconds": 21.393933534622192, "score": 0.05553116157615279, "samples_all_within_1pct": 0.9849, "kernel_rows_within_5pct": 0.9595688384238472, "kernel_median": 0.006335419602692127}
{"epoch": 259, "value_loss": 5.74642752506295, "kernel_loss": 26.708118448452073, "seconds": 21.23901653289795, "score": 0.06598849079455293, "samples_all_within_1pct": 0.9779, "kernel_rows_within_5pct": 0.9561115092054471, "kernel_median": 0.006485010962933302}
{"epoch": 260, "value_loss": 2.8432937246196124, "kernel_loss": 29.465549702547033, "seconds": 20.960495948791504, "score": 0.06644645038970665, "samples_all_within_1pct": 0.9762, "kernel_rows_within_5pct": 0.9573535496102934, "kernel_median": 0.006068871822208166}
{"epoch": 261, "value_loss": 3.9843380019372825, "kernel_loss": 29.24343659926434, "seconds": 22.50927710533142, "score": 0.11903750586089779, "samples_all_within_1pct": 0.9284, "kernel_rows_within_5pct": 0.9525624941391022, "kernel_median": 0.007108079735189676}
{"epoch": 262, "value_loss": 4.539660760942771, "kernel_loss": 28.84246250074737, "seconds": 22.190092086791992, "score": 0.06207337365700594, "samples_all_within_1pct": 0.9816, "kernel_rows_within_5pct": 0.956326626342994, "kernel_median": 0.007212840486317873}
{"epoch": 263, "value_loss": 4.5190072673924115, "kernel_loss": 26.314723423549108, "seconds": 22.383198499679565, "score": 0.07703826526616353, "samples_all_within_1pct": 0.9655, "kernel_rows_within_5pct": 0.9574617347338364, "kernel_median": 0.00893948134034872}
{"epoch": 264, "value_loss": 6.102552057528983, "kernel_loss": 26.851645576710602, "seconds": 19.417710781097412, "score": 0.13051315169789024, "samples_all_within_1pct": 0.926, "kernel_rows_within_5pct": 0.9434868483021097, "kernel_median": 0.0106499083340168}
{"epoch": 265, "value_loss": 3.4093681987451046, "kernel_loss": 33.01745450739958, "seconds": 19.574018716812134, "score": 0.06254500701636923, "samples_all_within_1pct": 0.9791, "kernel_rows_within_5pct": 0.9583549929836308, "kernel_median": 0.00590365519747138}
{"epoch": 266, "value_loss": 4.023327304392445, "kernel_loss": 29.21047677799147, "seconds": 22.188816785812378, "score": 0.08572208801883174, "samples_all_within_1pct": 0.9597, "kernel_rows_within_5pct": 0.9545779119811683, "kernel_median": 0.0065503655932843685}
{"epoch": 267, "value_loss": 4.4994377889195265, "kernel_loss": 28.30771103683783, "seconds": 21.98637890815735, "score": 0.06442709498507648, "samples_all_within_1pct": 0.9768, "kernel_rows_within_5pct": 0.9587729050149235, "kernel_median": 0.006422679405659437}
{"epoch": 268, "value_loss": 5.001846495939761, "kernel_loss": 26.212667348433513, "seconds": 22.371750116348267, "score": 0.05829215553428513, "samples_all_within_1pct": 0.9817, "kernel_rows_within_5pct": 0.9600078444657149, "kernel_median": 0.006334387697279453}
{"epoch": 269, "value_loss": 2.6690835940594577, "kernel_loss": 30.53661026273455, "seconds": 19.362907886505127, "score": 0.05799337146824135, "samples_all_within_1pct": 0.984, "kernel_rows_within_5pct": 0.9580066285317587, "kernel_median": 0.006079178769141436}
{"epoch": 270, "value_loss": 5.171059227719599, "kernel_loss": 39.16500728957507, "seconds": 21.765827178955078, "score": 0.07065222114710068, "samples_all_within_1pct": 0.9739, "kernel_rows_within_5pct": 0.9554477788528993, "kernel_median": 0.00852384977042675}
{"epoch": 271, "value_loss": 3.3772313740788675, "kernel_loss": 28.197035604593705, "seconds": 19.520803928375244, "score": 0.05847122116986547, "samples_all_within_1pct": 0.9819, "kernel_rows_within_5pct": 0.9596287788301345, "kernel_median": 0.0058530522510409355}
{"epoch": 272, "value_loss": 6.396214105645004, "kernel_loss": 28.286788794459127, "seconds": 21.8396053314209, "score": 0.05430601956229297, "samples_all_within_1pct": 0.9859, "kernel_rows_within_5pct": 0.959793980437707, "kernel_median": 0.006607671268284321}
{"epoch": 273, "value_loss": 2.8168745630857894, "kernel_loss": 26.550368824783636, "seconds": 21.539240837097168, "score": 0.0584769706035122, "samples_all_within_1pct": 0.9827, "kernel_rows_within_5pct": 0.9588230293964878, "kernel_median": 0.00576386135071516}
{"epoch": 274, "value_loss": 2.1748533778044643, "kernel_loss": 27.16147821776721, "seconds": 19.959578275680542, "score": 0.06174315796970353, "samples_all_within_1pct": 0.9805, "kernel_rows_within_5pct": 0.9577568420302964, "kernel_median": 0.008085151202976704}
{"epoch": 275, "value_loss": 4.066695041194254, "kernel_loss": 27.867780374020946, "seconds": 21.630178928375244, "score": 0.05700362378393553, "samples_all_within_1pct": 0.984, "kernel_rows_within_5pct": 0.9589963762160645, "kernel_median": 0.005805370397865772}
{"epoch": 276, "value_loss": 5.505497901415338, "kernel_loss": 26.272104847187897, "seconds": 21.95987343788147, "score": 0.0596692923001223, "samples_all_within_1pct": 0.9811, "kernel_rows_within_5pct": 0.9592307076998777, "kernel_median": 0.006580114830285311}
{"epoch": 277, "value_loss": 5.400944547385586, "kernel_loss": 23.533678628960434, "seconds": 20.707728147506714, "score": 0.06328896426110708, "samples_all_within_1pct": 0.9776, "kernel_rows_within_5pct": 0.9591110357388929, "kernel_median": 0.007085523102432489}
{"epoch": 278, "value_loss": 2.2869391441345215, "kernel_loss": 29.153854194952515, "seconds": 21.533900022506714, "score": 0.05443329929748586, "samples_all_within_1pct": 0.9856, "kernel_rows_within_5pct": 0.9599667007025141, "kernel_median": 0.005691398400813341}
{"epoch": 279, "value_loss": 1.7054371195180076, "kernel_loss": 27.022315434047155, "seconds": 22.254507064819336, "score": 0.05685124194642166, "samples_all_within_1pct": 0.9842, "kernel_rows_within_5pct": 0.9589487580535784, "kernel_median": 0.0058548348024487495}
{"epoch": 280, "value_loss": 2.4183374594668954, "kernel_loss": 26.757242426580312, "seconds": 20.24313473701477, "score": 0.05845073512626853, "samples_all_within_1pct": 0.9829, "kernel_rows_within_5pct": 0.9586492648737315, "kernel_median": 0.006542966701090336}
{"epoch": 281, "value_loss": 4.189622332246936, "kernel_loss": 28.174057756151473, "seconds": 22.07319474220276, "score": 0.07055480992521235, "samples_all_within_1pct": 0.9763, "kernel_rows_within_5pct": 0.9531451900747877, "kernel_median": 0.006726780440658331}
{"epoch": 282, "value_loss": 5.656628266889221, "kernel_loss": 27.57395230507364, "seconds": 22.06800413131714, "score": 0.05365539765447136, "samples_all_within_1pct": 0.9863, "kernel_rows_within_5pct": 0.9600446023455287, "kernel_median": 0.005882370285689831}
{"epoch": 283, "value_loss": 1.4834608764064556, "kernel_loss": 26.458566519678854, "seconds": 21.87409496307373, "score": 0.05197691866212173, "samples_all_within_1pct": 0.9875, "kernel_rows_within_5pct": 0.9605230813378782, "kernel_median": 0.0056371320970356464}
{"epoch": 284, "value_loss": 3.62224348953792, "kernel_loss": 25.90698634361734, "seconds": 21.688376426696777, "score": 0.05821276131249864, "samples_all_within_1pct": 0.9811, "kernel_rows_within_5pct": 0.9606872386875014, "kernel_median": 0.005711829289793968}
{"epoch": 285, "value_loss": 5.501898559988762, "kernel_loss": 21.31455777615917, "seconds": 21.490252256393433, "score": 0.05267372465298781, "samples_all_within_1pct": 0.9856, "kernel_rows_within_5pct": 0.9617262753470122, "kernel_median": 0.005755438003689051}
{"epoch": 286, "value_loss": 4.130701488986308, "kernel_loss": 23.414017657844386, "seconds": 20.597524404525757, "score": 0.05840849516372815, "samples_all_within_1pct": 0.9812, "kernel_rows_within_5pct": 0.9603915048362719, "kernel_median": 0.006103042978793383}
{"epoch": 287, "value_loss": 1.4124097702454548, "kernel_loss": 26.491685147188146, "seconds": 22.03636121749878, "score": 0.050884228467766524, "samples_all_within_1pct": 0.9886, "kernel_rows_within_5pct": 0.9605157715322334, "kernel_median": 0.005803054664283991}
{"epoch": 288, "value_loss": 2.382047193999193, "kernel_loss": 26.763283437612106, "seconds": 22.015642404556274, "score": 0.05923354806061454, "samples_all_within_1pct": 0.9809, "kernel_rows_within_5pct": 0.9598664519393855, "kernel_median": 0.005741111468523741}
{"epoch": 289, "value_loss": 2.668740065122137, "kernel_loss": 27.179131430022572, "seconds": 21.941240549087524, "score": 0.0538879692085924, "samples_all_within_1pct": 0.9866, "kernel_rows_within_5pct": 0.9595120307914076, "kernel_median": 0.006303158588707447}
{"epoch": 290, "value_loss": 3.4856706590068582, "kernel_loss": 26.096788795626892, "seconds": 19.298250436782837, "score": 0.05162455541239941, "samples_all_within_1pct": 0.9869, "kernel_rows_within_5pct": 0.9614754445876006, "kernel_median": 0.0055352989584207535}
{"epoch": 291, "value_loss": 1.87947372149448, "kernel_loss": 26.250148043340566, "seconds": 22.161569833755493, "score": 0.06026366260109206, "samples_all_within_1pct": 0.98, "kernel_rows_within_5pct": 0.959736337398908, "kernel_median": 0.0066573843359947205}
{"epoch": 292, "value_loss": 4.5602032682117155, "kernel_loss": 22.834937689255696, "seconds": 21.450565814971924, "score": 0.05161388265756961, "samples_all_within_1pct": 0.9858, "kernel_rows_within_5pct": 0.9625861173424304, "kernel_median": 0.00580719206482172}
{"epoch": 293, "value_loss": 4.39853881086622, "kernel_loss": 20.773261916880706, "seconds": 21.593883991241455, "score": 0.05081254972495286, "samples_all_within_1pct": 0.9864, "kernel_rows_within_5pct": 0.9627874502750471, "kernel_median": 0.005550835747271776}
{"epoch": 294, "value_loss": 3.095751123160732, "kernel_loss": 23.82037643510468, "seconds": 21.873685836791992, "score": 0.051395018221256916, "samples_all_within_1pct": 0.9874, "kernel_rows_within_5pct": 0.961204981778743, "kernel_median": 0.005446752067655325}
{"epoch": 295, "value_loss": 1.3125228133736824, "kernel_loss": 25.786319547769974, "seconds": 21.3031165599823, "score": 0.05303639215979483, "samples_all_within_1pct": 0.9869, "kernel_rows_within_5pct": 0.9600636078402052, "kernel_median": 0.005622697062790394}
{"epoch": 296, "value_loss": 2.4612694613787593, "kernel_loss": 25.386710390752675, "seconds": 22.372647285461426, "score": 0.1178875941529074, "samples_all_within_1pct": 0.9248, "kernel_rows_within_5pct": 0.9573124058470927, "kernel_median": 0.009104106575250626}
{"epoch": 297, "value_loss": 3.78789947349198, "kernel_loss": 27.09694916861398, "seconds": 21.823167324066162, "score": 0.15421813078244795, "samples_all_within_1pct": 0.8996, "kernel_rows_within_5pct": 0.9461818692175521, "kernel_median": 0.007998265326023102}
{"epoch": 298, "value_loss": 3.8084354394552657, "kernel_loss": 28.30951228433726, "seconds": 21.482009649276733, "score": 0.10922614258005647, "samples_all_within_1pct": 0.9338, "kernel_rows_within_5pct": 0.9569738574199436, "kernel_median": 0.006342520471662283}
{"epoch": 299, "value_loss": 1.799044016368535, "kernel_loss": 23.720197181312404, "seconds": 20.471172094345093, "score": 0.05155651899954239, "samples_all_within_1pct": 0.9865, "kernel_rows_within_5pct": 0.9619434810004576, "kernel_median": 0.005428065080195665}
{"epoch": 300, "value_loss": 2.3317704462275213, "kernel_loss": 23.682208946772985, "seconds": 19.46151351928711, "score": 0.05098354997160659, "samples_all_within_1pct": 0.9868, "kernel_rows_within_5pct": 0.9622164500283934, "kernel_median": 0.005371273960918188}
{"epoch": 301, "value_loss": 2.564766632050884, "kernel_loss": 24.36838553876293, "seconds": 21.720714569091797, "score": 0.05393393514615119, "samples_all_within_1pct": 0.9856, "kernel_rows_within_5pct": 0.9604660648538488, "kernel_median": 0.007411918602883816}
{"epoch": 302, "value_loss": 4.057192740999922, "kernel_loss": 21.28637627192906, "seconds": 21.902349710464478, "score": 0.047709128276437696, "samples_all_within_1pct": 0.9893, "kernel_rows_within_5pct": 0.9629908717235623, "kernel_median": 0.005305738653987646}
{"epoch": 303, "value_loss": 3.2514344435565325, "kernel_loss": 21.2031743769743, "seconds": 21.289679527282715, "score": 0.050502475643205536, "samples_all_within_1pct": 0.9871, "kernel_rows_within_5pct": 0.9623975243567945, "kernel_median": 0.005364902783185244}
{"epoch": 304, "value_loss": 1.4025386389420957, "kernel_loss": 24.40618222100394, "seconds": 21.931631088256836, "score": 0.053565938644833055, "samples_all_within_1pct": 0.9856, "kernel_rows_within_5pct": 0.9608340613551669, "kernel_median": 0.005283490754663944}
{"epoch": 305, "value_loss": 2.808590739053123, "kernel_loss": 25.44119135214358, "seconds": 22.09183382987976, "score": 0.06857981743864827, "samples_all_within_1pct": 0.9745, "kernel_rows_within_5pct": 0.9569201825613517, "kernel_median": 0.006108572706580162}
{"epoch": 306, "value_loss": 3.0412433567095776, "kernel_loss": 23.872693752755925, "seconds": 22.14494800567627, "score": 0.04977090843549481, "samples_all_within_1pct": 0.9872, "kernel_rows_within_5pct": 0.9630290915645052, "kernel_median": 0.00528898136690259}
{"epoch": 307, "value_loss": 2.852027199706253, "kernel_loss": 23.788554376485397, "seconds": 19.43752384185791, "score": 0.057701572443620064, "samples_all_within_1pct": 0.9813, "kernel_rows_within_5pct": 0.96099842755638, "kernel_median": 0.005574947688728571}
{"epoch": 308, "value_loss": 3.369285559775878, "kernel_loss": 21.437922176049682, "seconds": 19.26467752456665, "score": 0.047688372145964775, "samples_all_within_1pct": 0.9891, "kernel_rows_within_5pct": 0.9632116278540352, "kernel_median": 0.005197454243898392}
{"epoch": 309, "value_loss": 2.392299309677007, "kernel_loss": 23.29267488207136, "seconds": 22.04028630256653, "score": 0.049473982710012354, "samples_all_within_1pct": 0.9884, "kernel_rows_within_5pct": 0.9621260172899877, "kernel_median": 0.005265851970762014}
{"epoch": 310, "value_loss": 1.280169900278656, "kernel_loss": 23.508101151914012, "seconds": 20.433486461639404, "score": 0.052202745730081435, "samples_all_within_1pct": 0.9866, "kernel_rows_within_5pct": 0.9611972542699185, "kernel_median": 0.005776079371571541}
{"epoch": 311, "value_loss": 2.0649120917125625, "kernel_loss": 24.468570553526586, "seconds": 22.338837385177612, "score": 0.05150548868243676, "samples_all_within_1pct": 0.9858, "kernel_rows_within_5pct": 0.9626945113175632, "kernel_median": 0.006084722001105547}
{"epoch": 312, "value_loss": 1.7594742908769725, "kernel_loss": 22.947599809996937, "seconds": 21.609877347946167, "score": 0.05247293845206302, "samples_all_within_1pct": 0.9854, "kernel_rows_within_5pct": 0.9621270615479369, "kernel_median": 0.0060263206250965595}
{"epoch": 313, "value_loss": 2.197694501706532, "kernel_loss": 23.322195510475, "seconds": 21.55303955078125, "score": 0.05585493074585701, "samples_all_within_1pct": 0.9845, "kernel_rows_within_5pct": 0.959645069254143, "kernel_median": 0.006877795327454805}
{"epoch": 314, "value_loss": 3.0938862586507994, "kernel_loss": 22.779275300551433, "seconds": 22.044400453567505, "score": 0.05237355571293689, "samples_all_within_1pct": 0.986, "kernel_rows_within_5pct": 0.9616264442870631, "kernel_median": 0.0054726367816329}
{"epoch": 315, "value_loss": 2.417915653209297, "kernel_loss": 23.188187190464564, "seconds": 21.784006118774414, "score": 0.05050974553731147, "samples_all_within_1pct": 0.987, "kernel_rows_within_5pct": 0.9624902544626885, "kernel_median": 0.005808250978589058}
{"epoch": 316, "value_loss": 1.8061740453145942, "kernel_loss": 23.351132840526347, "seconds": 21.496863842010498, "score": 0.049600387127306966, "samples_all_within_1pct": 0.988, "kernel_rows_within_5pct": 0.962399612872693, "kernel_median": 0.005533264484256506}
{"epoch": 317, "value_loss": 2.5499188811803353, "kernel_loss": 21.489888570746597, "seconds": 19.762455701828003, "score": 0.049838696085223066, "samples_all_within_1pct": 0.9875, "kernel_rows_within_5pct": 0.9626613039147769, "kernel_median": 0.005219956859946251}
{"epoch": 318, "value_loss": 1.6300494901987972, "kernel_loss": 22.712315909716548, "seconds": 22.23626947402954, "score": 0.04984934751630554, "samples_all_within_1pct": 0.9875, "kernel_rows_within_5pct": 0.9626506524836944, "kernel_median": 0.005341048818081617}
{"epoch": 319, "value_loss": 3.4064027329488678, "kernel_loss": 22.5623054017826, "seconds": 20.012664318084717, "score": 0.04657372191703202, "samples_all_within_1pct": 0.9896, "kernel_rows_within_5pct": 0.963826278082968, "kernel_median": 0.0052298386581242085}
{"epoch": 320, "value_loss": 3.110888733547561, "kernel_loss": 19.494111615784313, "seconds": 21.862887144088745, "score": 0.046295691245505255, "samples_all_within_1pct": 0.99, "kernel_rows_within_5pct": 0.9637043087544948, "kernel_median": 0.005330905318260193}
{"epoch": 321, "value_loss": 2.667931857157727, "kernel_loss": 21.14521699049035, "seconds": 22.158365726470947, "score": 0.04925519536082146, "samples_all_within_1pct": 0.9881, "kernel_rows_within_5pct": 0.9626448046391786, "kernel_median": 0.0054005468264222145}
{"epoch": 322, "value_loss": 2.5144614610744984, "kernel_loss": 25.16276776060766, "seconds": 21.859023809432983, "score": 0.05667250489704767, "samples_all_within_1pct": 0.9843, "kernel_rows_within_5pct": 0.9590274951029524, "kernel_median": 0.006570254452526569}
{"epoch": 323, "value_loss": 1.5003901212191095, "kernel_loss": 22.637553039862183, "seconds": 20.70810341835022, "score": 0.048454608717590664, "samples_all_within_1pct": 0.989, "kernel_rows_within_5pct": 0.9625453912824093, "kernel_median": 0.005222644656896591}
{"epoch": 324, "value_loss": 1.241324011160403, "kernel_loss": 22.664583138057164, "seconds": 21.847265243530273, "score": 0.05572128431614365, "samples_all_within_1pct": 0.9835, "kernel_rows_within_5pct": 0.9607787156838563, "kernel_median": 0.00558085273951292}
{"epoch": 325, "value_loss": 3.1470268253160985, "kernel_loss": 21.003128080951925, "seconds": 22.125938892364502, "score": 0.04741194175797481, "samples_all_within_1pct": 0.9888, "kernel_rows_within_5pct": 0.9637880582420252, "kernel_median": 0.0052886526100337505}
{"epoch": 326, "value_loss": 2.72225159406662, "kernel_loss": 19.735769388627034, "seconds": 19.214888095855713, "score": 0.048488461262938154, "samples_all_within_1pct": 0.988, "kernel_rows_within_5pct": 0.9635115387370619, "kernel_median": 0.00572888134047389}
{"epoch": 327, "value_loss": 2.298235910887621, "kernel_loss": 23.027079027526234, "seconds": 21.73516583442688, "score": 0.056030074670708974, "samples_all_within_1pct": 0.9822, "kernel_rows_within_5pct": 0.9617699253292911, "kernel_median": 0.006396934390068054}
{"epoch": 328, "value_loss": 2.7237224773484834, "kernel_loss": 22.311119507770147, "seconds": 21.074368953704834, "score": 0.053104060074906756, "samples_all_within_1pct": 0.9869, "kernel_rows_within_5pct": 0.9599959399250932, "kernel_median": 0.0058629573322832584}
{"epoch": 329, "value_loss": 2.3205465862945633, "kernel_loss": 21.672248275912537, "seconds": 19.564560413360596, "score": 0.04920929721648859, "samples_all_within_1pct": 0.9877, "kernel_rows_within_5pct": 0.9630907027835114, "kernel_median": 0.0052017513662576675}
{"epoch": 330, "value_loss": 1.1661236243588584, "kernel_loss": 22.572691265417603, "seconds": 21.776338577270508, "score": 0.04993587057383431, "samples_all_within_1pct": 0.9866, "kernel_rows_within_5pct": 0.9634641294261657, "kernel_median": 0.00520896352827549}
{"epoch": 331, "value_loss": 2.535683961547151, "kernel_loss": 23.098495532055292, "seconds": 22.415393114089966, "score": 0.04844818352373981, "samples_all_within_1pct": 0.9886, "kernel_rows_within_5pct": 0.9629518164762602, "kernel_median": 0.005788010079413652}
{"epoch": 332, "value_loss": 2.681744346205069, "kernel_loss": 19.20827881170779, "seconds": 21.943061113357544, "score": 0.04722285124608161, "samples_all_within_1pct": 0.9886, "kernel_rows_within_5pct": 0.9641771487539184, "kernel_median": 0.005279239267110825}
{"epoch": 333, "value_loss": 2.498544840788355, "kernel_loss": 19.240125500426, "seconds": 22.001161813735962, "score": 0.04612268230603067, "samples_all_within_1pct": 0.9898, "kernel_rows_within_5pct": 0.9640773176939693, "kernel_median": 0.005149463657289743}
{"epoch": 334, "value_loss": 2.65264253044615, "kernel_loss": 21.299790752177337, "seconds": 21.6568820476532, "score": 0.061043044793027135, "samples_all_within_1pct": 0.9783, "kernel_rows_within_5pct": 0.9606569552069729, "kernel_median": 0.0058796401135623455}
{"epoch": 335, "value_loss": 1.6161851743046118, "kernel_loss": 22.396519495516408, "seconds": 21.213385820388794, "score": 0.052573703329240495, "samples_all_within_1pct": 0.9846, "kernel_rows_within_5pct": 0.9628262966707595, "kernel_median": 0.005421629175543785}
{"epoch": 336, "value_loss": 2.489383810028738, "kernel_loss": 20.3304700656813, "seconds": 20.616373538970947, "score": 0.04699088765893866, "samples_all_within_1pct": 0.9893, "kernel_rows_within_5pct": 0.9637091123410614, "kernel_median": 0.0054503087885677814}
{"epoch": 337, "value_loss": 2.207574881461202, "kernel_loss": 19.29244746967238, "seconds": 22.0866539478302, "score": 0.048700375097455395, "samples_all_within_1pct": 0.9873, "kernel_rows_within_5pct": 0.9639996249025446, "kernel_median": 0.005141797941178083}
{"epoch": 338, "value_loss": 2.1957320285086728, "kernel_loss": 19.172759863795065, "seconds": 21.875600814819336, "score": 0.05229957030873911, "samples_all_within_1pct": 0.9843, "kernel_rows_within_5pct": 0.9634004296912609, "kernel_median": 0.005722226109355688}
{"epoch": 339, "value_loss": 2.6381266518514983, "kernel_loss": 22.76021754011816, "seconds": 22.217076778411865, "score": 0.05179695638489601, "samples_all_within_1pct": 0.9861, "kernel_rows_within_5pct": 0.962103043615104, "kernel_median": 0.006739004049450159}
{"epoch": 340, "value_loss": 2.097068334112362, "kernel_loss": 22.480140676303787, "seconds": 22.038323402404785, "score": 0.055206066031771694, "samples_all_within_1pct": 0.9825, "kernel_rows_within_5pct": 0.9622939339682283, "kernel_median": 0.006064748391509056}
{"epoch": 341, "value_loss": 2.8426933477119523, "kernel_loss": 19.60129299942328, "seconds": 21.60135006904602, "score": 0.047589226140115626, "samples_all_within_1pct": 0.9882, "kernel_rows_within_5pct": 0.9642107738598844, "kernel_median": 0.005131191574037075}
{"epoch": 342, "value_loss": 2.4336313514076933, "kernel_loss": 19.14201542795921, "seconds": 19.43024754524231, "score": 0.08701792410291453, "samples_all_within_1pct": 0.9532, "kernel_rows_within_5pct": 0.9597820758970854, "kernel_median": 0.006101732142269611}
{"epoch": 343, "value_loss": 3.2682604436971703, "kernel_loss": 26.242982455662318, "seconds": 19.624290466308594, "score": 0.05522733827629356, "samples_all_within_1pct": 0.9819, "kernel_rows_within_5pct": 0.9628726617237064, "kernel_median": 0.007018405478447676}
{"epoch": 344, "value_loss": 3.0414532714960525, "kernel_loss": 22.75569709466428, "seconds": 19.29574155807495, "score": 0.06170800693136658, "samples_all_within_1pct": 0.9772, "kernel_rows_within_5pct": 0.9610919930686335, "kernel_median": 0.006881514098495245}
{"epoch": 345, "value_loss": 2.5871079539766115, "kernel_loss": 20.729466739965943, "seconds": 22.051741361618042, "score": 0.052066184672005966, "samples_all_within_1pct": 0.9851, "kernel_rows_within_5pct": 0.9628338153279941, "kernel_median": 0.0053011467680335045}
{"epoch": 346, "value_loss": 2.3353595362634074, "kernel_loss": 19.749203905767324, "seconds": 22.314918041229248, "score": 0.04972943608608782, "samples_all_within_1pct": 0.9869, "kernel_rows_within_5pct": 0.9633705639139122, "kernel_median": 0.005182965658605099}
{"epoch": 347, "value_loss": 2.384246126729615, "kernel_loss": 19.579117998784902, "seconds": 19.273893117904663, "score": 0.04976770513246509, "samples_all_within_1pct": 0.9865, "kernel_rows_within_5pct": 0.9637322948675349, "kernel_median": 0.00513573968783021}
{"epoch": 348, "value_loss": 2.2173828969196396, "kernel_loss": 19.148436886923655, "seconds": 21.830147743225098, "score": 0.05347337474303415, "samples_all_within_1pct": 0.9834, "kernel_rows_within_5pct": 0.9631266252569658, "kernel_median": 0.005657386500388384}
{"epoch": 349, "value_loss": 2.219619255284874, "kernel_loss": 19.131378494963354, "seconds": 22.028173208236694, "score": 0.057008910130951995, "samples_all_within_1pct": 0.9805, "kernel_rows_within_5pct": 0.962491089869048, "kernel_median": 0.0060312519781291485}
{"epoch": 350, "value_loss": 4.030403829350764, "kernel_loss": 20.111286630435867, "seconds": 20.051077127456665, "score": 0.052310341474437916, "samples_all_within_1pct": 0.9846, "kernel_rows_within_5pct": 0.963089658525562, "kernel_median": 0.005820754915475845}
{"epoch": 351, "value_loss": 3.018458208259271, "kernel_loss": 20.282305892632934, "seconds": 22.16521954536438, "score": 0.06093592525118052, "samples_all_within_1pct": 0.9794, "kernel_rows_within_5pct": 0.9596640747488194, "kernel_median": 0.006937259342521429}
{"epoch": 352, "value_loss": 2.8061896830188986, "kernel_loss": 22.433445414718317, "seconds": 19.039427995681763, "score": 0.05586051779739265, "samples_all_within_1pct": 0.9828, "kernel_rows_within_5pct": 0.9613394822026073, "kernel_median": 0.006064197514206171}
{"epoch": 353, "value_loss": 2.394415555559859, "kernel_loss": 22.268540022324544, "seconds": 20.891956329345703, "score": 0.05231134582084829, "samples_all_within_1pct": 0.9845, "kernel_rows_within_5pct": 0.9631886541791517, "kernel_median": 0.005194221623241901}
{"epoch": 354, "value_loss": 2.245311593522831, "kernel_loss": 19.281016632002228, "seconds": 21.299687385559082, "score": 0.05083439931880973, "samples_all_within_1pct": 0.9862, "kernel_rows_within_5pct": 0.9629656006811903, "kernel_median": 0.005229852627962828}
{"epoch": 355, "value_loss": 2.2658462378443502, "kernel_loss": 19.437019197308288, "seconds": 21.39374089241028, "score": 0.05177387226929164, "samples_all_within_1pct": 0.9853, "kernel_rows_within_5pct": 0.9629261277307084, "kernel_median": 0.005613552872091532}
{"epoch": 356, "value_loss": 2.4598228426612154, "kernel_loss": 19.82727168530834, "seconds": 21.94536280632019, "score": 0.20033265415492485, "samples_all_within_1pct": 0.8407, "kernel_rows_within_5pct": 0.9589673458450751, "kernel_median": 0.006630654446780682}
{"epoch": 357, "value_loss": 2.9922910776673532, "kernel_loss": 22.2011907927844, "seconds": 19.133179426193237, "score": 0.05467782186170722, "samples_all_within_1pct": 0.9834, "kernel_rows_within_5pct": 0.9619221781382927, "kernel_median": 0.006563287228345871}
{"epoch": 358, "value_loss": 5.147565604472647, "kernel_loss": 41.24131258166566, "seconds": 18.98289132118225, "score": 0.2674516481836491, "samples_all_within_1pct": 0.7877, "kernel_rows_within_5pct": 0.944848351816351, "kernel_median": 0.008349049836397171}
{"epoch": 359, "value_loss": 3.0398752908317412, "kernel_loss": 22.146711524651977, "seconds": 21.24687957763672, "score": 0.05596895168406435, "samples_all_within_1pct": 0.9829, "kernel_rows_within_5pct": 0.9611310483159357, "kernel_median": 0.005530057940632105}
{"epoch": 360, "value_loss": 2.6537395283883933, "kernel_loss": 20.06721054777807, "seconds": 20.726276397705078, "score": 0.05622457673614667, "samples_all_within_1pct": 0.9834, "kernel_rows_within_5pct": 0.9603754232638533, "kernel_median": 0.005962845403701067}
{"epoch": 361, "value_loss": 4.02259485940544, "kernel_loss": 26.985595878289672, "seconds": 19.661794424057007, "score": 0.23398157137429987, "samples_all_within_1pct": 0.8271, "kernel_rows_within_5pct": 0.9389184286257002, "kernel_median": 0.009484718553721905}
{"epoch": 362, "value_loss": 4.229275867647054, "kernel_loss": 24.243663048257634, "seconds": 21.786192417144775, "score": 0.060112125463833266, "samples_all_within_1pct": 0.9797, "kernel_rows_within_5pct": 0.9601878745361667, "kernel_median": 0.005923690740019083}
{"epoch": 363, "value_loss": 2.4362826201380514, "kernel_loss": 19.635319768166056, "seconds": 21.715547561645508, "score": 0.05791326813265174, "samples_all_within_1pct": 0.9811, "kernel_rows_within_5pct": 0.9609867318673483, "kernel_median": 0.006280305329710245}
{"epoch": 364, "value_loss": 2.5468899826614226, "kernel_loss": 19.82187947448419, "seconds": 20.59283208847046, "score": 0.05733678853922719, "samples_all_within_1pct": 0.9815, "kernel_rows_within_5pct": 0.9611632114607728, "kernel_median": 0.006303314585238695}
{"epoch": 365, "value_loss": 2.5699936054190813, "kernel_loss": 19.91576288184341, "seconds": 21.62368655204773, "score": 0.09284699438544275, "samples_all_within_1pct": 0.9475, "kernel_rows_within_5pct": 0.9596530056145572, "kernel_median": 0.005610512103885412}
{"epoch": 366, "value_loss": 3.7150062985566197, "kernel_loss": 21.382165899082107, "seconds": 21.547380924224854, "score": 0.061289886048484066, "samples_all_within_1pct": 0.9772, "kernel_rows_within_5pct": 0.961510113951516, "kernel_median": 0.005486035253852606}
{"epoch": 367, "value_loss": 2.9667835539701035, "kernel_loss": 20.328823011748646, "seconds": 20.642836570739746, "score": 0.0795077488743422, "samples_all_within_1pct": 0.9598, "kernel_rows_within_5pct": 0.9606922511256578, "kernel_median": 0.005765439942479134}
{"epoch": 368, "value_loss": 3.758098054905327, "kernel_loss": 23.71656104496547, "seconds": 22.044777631759644, "score": 0.07896684731633019, "samples_all_within_1pct": 0.963, "kernel_rows_within_5pct": 0.9580331526836698, "kernel_median": 0.007220285013318062}
{"epoch": 369, "value_loss": 3.6774782891176185, "kernel_loss": 21.50351826998652, "seconds": 19.48338747024536, "score": 0.5763350865867365, "samples_all_within_1pct": 0.4844, "kernel_rows_within_5pct": 0.9392649134132636, "kernel_median": 0.01438038982450962}
{"epoch": 370, "value_loss": 3.4519312351333853, "kernel_loss": 20.723790149299465, "seconds": 21.953267335891724, "score": 0.05619605318531051, "samples_all_within_1pct": 0.9831, "kernel_rows_within_5pct": 0.9607039468146895, "kernel_median": 0.005762364715337753}
{"epoch": 371, "value_loss": 2.5297621081070023, "kernel_loss": 19.572203081481312, "seconds": 21.964993715286255, "score": 0.05492868323876188, "samples_all_within_1pct": 0.984, "kernel_rows_within_5pct": 0.9610713167612381, "kernel_median": 0.005959869362413883}
{"epoch": 372, "value_loss": 2.5003391936117287, "kernel_loss": 19.72022636569276, "seconds": 21.255400896072388, "score": 0.056905411595315036, "samples_all_within_1pct": 0.9823, "kernel_rows_within_5pct": 0.960794588404685, "kernel_median": 0.005811613984405994}
{"epoch": 373, "value_loss": 2.5040622438703264, "kernel_loss": 20.327453311608764, "seconds": 20.885908842086792, "score": 0.07017832485987618, "samples_all_within_1pct": 0.9723, "kernel_rows_within_5pct": 0.9575216751401238, "kernel_median": 0.00683855963870883}
{"epoch": 374, "value_loss": 3.61203596908219, "kernel_loss": 22.869065800491644, "seconds": 22.148292064666748, "score": 0.10206841042428405, "samples_all_within_1pct": 0.9412, "kernel_rows_within_5pct": 0.9567315895757159, "kernel_median": 0.006664932239800692}
{"epoch": 375, "value_loss": 2.9398459713069762, "kernel_loss": 20.530331348886296, "seconds": 21.777899742126465, "score": 0.06657407729889742, "samples_all_within_1pct": 0.9752, "kernel_rows_within_5pct": 0.9582259227011026, "kernel_median": 0.006552344653755426}
{"epoch": 376, "value_loss": 3.1663975642651927, "kernel_loss": 21.7954282468679, "seconds": 21.48113465309143, "score": 0.1892895219366223, "samples_all_within_1pct": 0.8598, "kernel_rows_within_5pct": 0.9509104780633777, "kernel_median": 0.0076540266163647175}
{"epoch": 377, "value_loss": 4.691620711161166, "kernel_loss": 29.891157802270385, "seconds": 21.78749704360962, "score": 0.16872085241105594, "samples_all_within_1pct": 0.8825, "kernel_rows_within_5pct": 0.9487791475889441, "kernel_median": 0.007306724786758423}
{"epoch": 378, "value_loss": 3.4656090639075456, "kernel_loss": 23.360079473378708, "seconds": 21.21298575401306, "score": 0.08068807582732895, "samples_all_within_1pct": 0.9653, "kernel_rows_within_5pct": 0.954011924172671, "kernel_median": 0.006551974453032017}
{"epoch": 379, "value_loss": 3.3711027867940007, "kernel_loss": 20.683940887451172, "seconds": 21.62244153022766, "score": 0.0857243881222759, "samples_all_within_1pct": 0.9618, "kernel_rows_within_5pct": 0.9524756118777241, "kernel_median": 0.007615192327648401}
{"epoch": 380, "value_loss": 26.573066327036642, "kernel_loss": 80.81778651840833, "seconds": 22.053577661514282, "score": 1.0737132720799467, "samples_all_within_1pct": 0.0752, "kernel_rows_within_5pct": 0.8510867279200532, "kernel_median": 0.01892191171646118}
{"epoch": 381, "value_loss": 13.320069232765508, "kernel_loss": 54.36334014425472, "seconds": 21.277786016464233, "score": 0.4612641875286779, "samples_all_within_1pct": 0.6384, "kernel_rows_within_5pct": 0.9003358124713221, "kernel_median": 0.012492806650698185}
{"epoch": 382, "value_loss": 8.548143700677521, "kernel_loss": 43.05170746238864, "seconds": 21.448885679244995, "score": 0.31793354428040077, "samples_all_within_1pct": 0.7651, "kernel_rows_within_5pct": 0.9169664557195992, "kernel_median": 0.01092158816754818}
{"epoch": 383, "value_loss": 6.838225496058562, "kernel_loss": 35.288750697155386, "seconds": 21.624269485473633, "score": 0.2430610804226906, "samples_all_within_1pct": 0.8305, "kernel_rows_within_5pct": 0.9264389195773094, "kernel_median": 0.010131238028407097}
{"epoch": 384, "value_loss": 8.128575719132716, "kernel_loss": 31.88348760410231, "seconds": 19.719725370407104, "score": 0.20333631728649992, "samples_all_within_1pct": 0.8631, "kernel_rows_within_5pct": 0.9335636827135001, "kernel_median": 0.009262668900191784}
{"epoch": 385, "value_loss": 5.205401233264378, "kernel_loss": 28.568410960995422, "seconds": 21.600451469421387, "score": 0.15868564070133206, "samples_all_within_1pct": 0.9037, "kernel_rows_within_5pct": 0.937614359298668, "kernel_median": 0.009093979373574257}
{"epoch": 386, "value_loss": 5.676838163210421, "kernel_loss": 35.15119232450213, "seconds": 21.64793086051941, "score": 0.2947356043507128, "samples_all_within_1pct": 0.7741, "kernel_rows_within_5pct": 0.9311643956492872, "kernel_median": 0.00964329019188881}
{"epoch": 387, "value_loss": 6.98582796417937, "kernel_loss": 33.43916419087624, "seconds": 20.396500825881958, "score": 0.22233150167008175, "samples_all_within_1pct": 0.8425, "kernel_rows_within_5pct": 0.9351684983299182, "kernel_median": 0.009895706549286842}
{"epoch": 388, "value_loss": 8.686171844297526, "kernel_loss": 33.876121063621675, "seconds": 21.805373430252075, "score": 0.15979646763040534, "samples_all_within_1pct": 0.8999, "kernel_rows_within_5pct": 0.9403035323695946, "kernel_median": 0.008294119499623775}
{"epoch": 389, "value_loss": 4.900082224485826, "kernel_loss": 30.562977372383585, "seconds": 22.111911296844482, "score": 0.16657664805311678, "samples_all_within_1pct": 0.8942, "kernel_rows_within_5pct": 0.9392233519468832, "kernel_median": 0.008758189156651497}
{"epoch": 390, "value_loss": 5.407906703803004, "kernel_loss": 32.94065766431847, "seconds": 22.004175901412964, "score": 0.16254268506704872, "samples_all_within_1pct": 0.8984, "kernel_rows_within_5pct": 0.9390573149329513, "kernel_median": 0.008278680965304375}
{"epoch": 391, "value_loss": 5.127071812444804, "kernel_loss": 32.864016601017546, "seconds": 19.975083112716675, "score": 0.24603005447476012, "samples_all_within_1pct": 0.8225, "kernel_rows_within_5pct": 0.9314699455252399, "kernel_median": 0.009210499003529549}
{"epoch": 392, "value_loss": 5.8411741414848635, "kernel_loss": 32.90406491805096, "seconds": 22.10521411895752, "score": 0.6422880343076329, "samples_all_within_1pct": 0.4329, "kernel_rows_within_5pct": 0.924811965692367, "kernel_median": 0.011157932691276073}
{"epoch": 393, "value_loss": 7.401098368119221, "kernel_loss": 33.423104860344715, "seconds": 21.76962685585022, "score": 0.19725470278434676, "samples_all_within_1pct": 0.8666, "kernel_rows_within_5pct": 0.9361452972156532, "kernel_median": 0.009048539213836193}
{"epoch": 394, "value_loss": 6.101160830380965, "kernel_loss": 31.660504779037165, "seconds": 20.715721130371094, "score": 0.8174124196521827, "samples_all_within_1pct": 0.265, "kernel_rows_within_5pct": 0.9175875803478173, "kernel_median": 0.011003618128597736}
{"epoch": 395, "value_loss": 6.636225097033442, "kernel_loss": 34.87146898191802, "seconds": 21.643461227416992, "score": 0.8565134688181443, "samples_all_within_1pct": 0.2144, "kernel_rows_within_5pct": 0.9290865311818557, "kernel_median": 0.009069617837667465}
{"epoch": 396, "value_loss": 6.810417923392082, "kernel_loss": 35.092299918739165, "seconds": 22.223857402801514, "score": 0.28131049021854015, "samples_all_within_1pct": 0.7858, "kernel_rows_within_5pct": 0.9328895097814598, "kernel_median": 0.00989138800650835}
{"epoch": 397, "value_loss": 7.45686853540187, "kernel_loss": 36.80542588720516, "seconds": 20.813477993011475, "score": 0.6196491359705302, "samples_all_within_1pct": 0.4538, "kernel_rows_within_5pct": 0.9265508640294698, "kernel_median": 0.009912286885082722}
{"epoch": 398, "value_loss": 9.608643307977793, "kernel_loss": 36.74878016296698, "seconds": 22.08777642250061, "score": 0.5127254428019196, "samples_all_within_1pct": 0.5657, "kernel_rows_within_5pct": 0.9215745571980805, "kernel_median": 0.01221154723316431}
{"epoch": 399, "value_loss": 9.318417339908834, "kernel_loss": 45.606699311003396, "seconds": 22.077144622802734, "score": 0.47966836946848723, "samples_all_within_1pct": 0.6085, "kernel_rows_within_5pct": 0.9118316305315127, "kernel_median": 0.011554261669516563}
{"epoch": 400, "value_loss": 9.252432214970492, "kernel_loss": 43.09985548136186, "seconds": 22.181828260421753, "score": 0.26525646436396644, "samples_all_within_1pct": 0.8072, "kernel_rows_within_5pct": 0.9275435356360335, "kernel_median": 0.010609680786728859}
{"epoch": 401, "value_loss": 9.994402909765439, "kernel_loss": 41.921774455479216, "seconds": 21.826552391052246, "score": 0.3377162172424113, "samples_all_within_1pct": 0.7359, "kernel_rows_within_5pct": 0.9263837827575887, "kernel_median": 0.010456389747560024}
{"epoch": 402, "value_loss": 6.0545797372350885, "kernel_loss": 36.84460007414526, "seconds": 20.506633520126343, "score": 0.27300912176026804, "samples_all_within_1pct": 0.8048, "kernel_rows_within_5pct": 0.922190878239732, "kernel_median": 0.010619154199957848}
{"epoch": 403, "value_loss": 8.73887769786679, "kernel_loss": 43.35660648345947, "seconds": 21.055262327194214, "score": 0.28406770135225134, "samples_all_within_1pct": 0.7951, "kernel_rows_within_5pct": 0.9208322986477486, "kernel_median": 0.01097038947045803}
{"epoch": 404, "value_loss": 19.470761367252894, "kernel_loss": 74.28318255288261, "seconds": 21.991881132125854, "score": 0.9303774917508842, "samples_all_within_1pct": 0.2131, "kernel_rows_within_5pct": 0.8565225082491157, "kernel_median": 0.02027447149157524}
{"epoch": 405, "value_loss": 67.58653483098867, "kernel_loss": 122.39374448815171, "seconds": 22.08699131011963, "score": 1.1240938773694473, "samples_all_within_1pct": 0.0772, "kernel_rows_within_5pct": 0.7987061226305526, "kernel_median": 0.02558884769678116}
{"epoch": 406, "value_loss": 32.10937023162842, "kernel_loss": 107.91345814296177, "seconds": 22.554497718811035, "score": 1.3631210692825468, "samples_all_within_1pct": 0.0225, "kernel_rows_within_5pct": 0.6143789307174532, "kernel_median": 0.03813864290714264}
{"epoch": 407, "value_loss": 224.01810387202673, "kernel_loss": 362.39185963844767, "seconds": 21.622929573059082, "score": 1.804975669123945, "samples_all_within_1pct": 0.0006, "kernel_rows_within_5pct": 0.19442433087605515, "kernel_median": 0.07978412508964539}
{"epoch": 408, "value_loss": 327.13724385475626, "kernel_loss": 569.6396253936144, "seconds": 19.222978591918945, "score": 1.6864118746748442, "samples_all_within_1pct": 0.0006, "kernel_rows_within_5pct": 0.3129881253251558, "kernel_median": 0.0686093345284462}
{"epoch": 409, "value_loss": 301.4707000888124, "kernel_loss": 600.7693468989158, "seconds": 22.04716968536377, "score": 1.8311386860185765, "samples_all_within_1pct": 0.0, "kernel_rows_within_5pct": 0.16886131398142348, "kernel_median": 0.08694060891866684}
{"epoch": 410, "value_loss": 2154.211775877038, "kernel_loss": 4149.313360097457, "seconds": 21.83943510055542, "score": 1.812879626924228, "samples_all_within_1pct": 0.0, "kernel_rows_within_5pct": 0.18712037307577198, "kernel_median": 0.0841316506266594}
{"epoch": 411, "value_loss": 435.68966090922453, "kernel_loss": 753.3306638756577, "seconds": 21.77859592437744, "score": 1.8488981721100004, "samples_all_within_1pct": 0.0, "kernel_rows_within_5pct": 0.15110182788999954, "kernel_median": 0.0887935683131218}
{"epoch": 412, "value_loss": 642.023932476433, "kernel_loss": 1033.1211722237724, "seconds": 19.105679512023926, "score": 1.9575903873131848, "samples_all_within_1pct": 0.0, "kernel_rows_within_5pct": 0.04240961268681514, "kernel_median": 0.1361801028251648}
{"epoch": 413, "value_loss": 3446.5119691187024, "kernel_loss": 5972.8173485580755, "seconds": 21.605926513671875, "score": 1.9760864929620148, "samples_all_within_1pct": 0.0, "kernel_rows_within_5pct": 0.0239135070379853, "kernel_median": 0.14250122010707855}
{"epoch": 414, "value_loss": 631.8172269548688, "kernel_loss": 1174.7717303840482, "seconds": 19.557507514953613, "score": 1.918485851035768, "samples_all_within_1pct": 0.0, "kernel_rows_within_5pct": 0.08151414896423187, "kernel_median": 0.10826607793569565}
{"epoch": 415, "value_loss": 360.9549848595444, "kernel_loss": 785.1640120525749, "seconds": 21.727445363998413, "score": 1.8620758720232644, "samples_all_within_1pct": 0.0, "kernel_rows_within_5pct": 0.13792412797673562, "kernel_median": 0.09131215512752533}
{"epoch": 416, "value_loss": 234.2773639912508, "kernel_loss": 565.3667130762217, "seconds": 22.051262378692627, "score": 1.77015068015653, "samples_all_within_1pct": 0.0, "kernel_rows_within_5pct": 0.2298493198434699, "kernel_median": 0.07625266909599304}
{"epoch": 417, "value_loss": 263.8530608975157, "kernel_loss": 696.3496252565968, "seconds": 20.610459804534912, "score": 1.775567286050865, "samples_all_within_1pct": 0.0001, "kernel_rows_within_5pct": 0.22433271394913504, "kernel_median": 0.08008269965648651}
{"epoch": 418, "value_loss": 393.1709010844328, "kernel_loss": 869.8454412343551, "seconds": 21.838830947875977, "score": 1.8335858000968654, "samples_all_within_1pct": 0.0, "kernel_rows_within_5pct": 0.16641419990313464, "kernel_median": 0.09457878768444061}
{"epoch": 419, "value_loss": 436.4247114220444, "kernel_loss": 1018.5261367486447, "seconds": 21.81412434577942, "score": 1.8320896272187088, "samples_all_within_1pct": 0.0001, "kernel_rows_within_5pct": 0.16781037278129124, "kernel_median": 0.09822332113981247}
{"epoch": 420, "value_loss": 431.90988564004704, "kernel_loss": 974.0968082972935, "seconds": 21.918135404586792, "score": 1.8804805006757395, "samples_all_within_1pct": 0.0, "kernel_rows_within_5pct": 0.11951949932426068, "kernel_median": 0.12076564133167267}
{"epoch": 421, "value_loss": 761.3779254835479, "kernel_loss": 1154.1915541668327, "seconds": 21.90678882598877, "score": 1.8896185931380973, "samples_all_within_1pct": 0.0, "kernel_rows_within_5pct": 0.11038140686190252, "kernel_median": 0.10373321175575256}
{"epoch": 422, "value_loss": 632.2402463640485, "kernel_loss": 858.2741876718949, "seconds": 20.506876468658447, "score": 1.8560941536383304, "samples_all_within_1pct": 0.0, "kernel_rows_within_5pct": 0.14390584636166956, "kernel_median": 0.09389850497245789}
{"epoch": 423, "value_loss": 378.312302024997, "kernel_loss": 726.2051565987723, "seconds": 22.019214153289795, "score": 1.850491083185797, "samples_all_within_1pct": 0.0, "kernel_rows_within_5pct": 0.14950891681420292, "kernel_median": 0.09174816310405731}
{"epoch": 424, "value_loss": 335.55835505894254, "kernel_loss": 723.159696617905, "seconds": 19.319701671600342, "score": 1.8901242228371278, "samples_all_within_1pct": 0.0, "kernel_rows_within_5pct": 0.10987577716287228, "kernel_median": 0.10693833231925964}
{"epoch": 425, "value_loss": 715.9934465057996, "kernel_loss": 983.7405277174346, "seconds": 21.964385271072388, "score": 1.9195242611405092, "samples_all_within_1pct": 0.0, "kernel_rows_within_5pct": 0.0804757388594907, "kernel_median": 0.14141730964183807}
{"epoch": 426, "value_loss": 964.6859157328703, "kernel_loss": 1426.768535069057, "seconds": 21.769246101379395, "score": 1.941787214063899, "samples_all_within_1pct": 0.0, "kernel_rows_within_5pct": 0.05821278593610102, "kernel_median": 0.18403612077236176}
{"epoch": 427, "value_loss": 1110.681205126704, "kernel_loss": 1567.6313834676937, "seconds": 22.03604292869568, "score": 1.9574548426313712, "samples_all_within_1pct": 0.0, "kernel_rows_within_5pct": 0.0425451573686287, "kernel_median": 0.14601007103919983}
{"epoch": 428, "value_loss": 872.561892918178, "kernel_loss": 1239.2248837217992, "seconds": 21.819303274154663, "score": 1.9576839528254384, "samples_all_within_1pct": 0.0, "kernel_rows_within_5pct": 0.04231604717456171, "kernel_median": 0.17641574144363403}
{"epoch": 429, "value_loss": 913.6685121497329, "kernel_loss": 1064.8447863520407, "seconds": 22.478856325149536, "score": 1.9369514643524797, "samples_all_within_1pct": 0.0, "kernel_rows_within_5pct": 0.06304853564752033, "kernel_median": 0.1319064199924469}
{"epoch": 430, "value_loss": 841.9188786720742, "kernel_loss": 978.8142002650669, "seconds": 20.234496593475342, "score": 1.9276264497172044, "samples_all_within_1pct": 0.0, "kernel_rows_within_5pct": 0.07237355028279549, "kernel_median": 0.14362980425357819}
{"epoch": 431, "value_loss": 592.6395213847258, "kernel_loss": 2150.2393970100247, "seconds": 21.521748542785645, "score": 1.9283022934619636, "samples_all_within_1pct": 0.0, "kernel_rows_within_5pct": 0.07169770653803637, "kernel_median": 0.1359165906906128}
{"epoch": 432, "value_loss": 776.5620746223294, "kernel_loss": 1637.118973712532, "seconds": 21.692861080169678, "score": 1.9510071763494787, "samples_all_within_1pct": 0.0, "kernel_rows_within_5pct": 0.048992823650521114, "kernel_median": 0.14963239431381226}
{"epoch": 433, "value_loss": 929.6810502032845, "kernel_loss": 1644.263599006497, "seconds": 21.944063425064087, "score": 1.9541180207803155, "samples_all_within_1pct": 0.0, "kernel_rows_within_5pct": 0.04588197921968451, "kernel_median": 0.1870005577802658}
{"epoch": 434, "value_loss": 861.9804483530472, "kernel_loss": 1429.5740487234932, "seconds": 20.500906467437744, "score": 1.9370105693524076, "samples_all_within_1pct": 0.0, "kernel_rows_within_5pct": 0.0629894306475924, "kernel_median": 0.15275324881076813}
{"epoch": 435, "value_loss": 857.3767114756058, "kernel_loss": 1854.1016609036192, "seconds": 21.644367694854736, "score": 1.9422780153000496, "samples_all_within_1pct": 0.0, "kernel_rows_within_5pct": 0.057721984699950234, "kernel_median": 0.15974262356758118}
{"epoch": 436, "value_loss": 1766.7655281534, "kernel_loss": 2662.7636401118066, "seconds": 21.059173107147217, "score": 1.9465248035280882, "samples_all_within_1pct": 0.0, "kernel_rows_within_5pct": 0.053475196471911866, "kernel_median": 0.1557474136352539}
{"epoch": 437, "value_loss": 1125.227046110192, "kernel_loss": 1847.476041209941, "seconds": 21.656338691711426, "score": 1.9528939416121964, "samples_all_within_1pct": 0.0, "kernel_rows_within_5pct": 0.047106058387803566, "kernel_median": 0.18883313238620758}
{"epoch": 438, "value_loss": 1139.5596086151745, "kernel_loss": 1357.9134913853236, "seconds": 21.947620391845703, "score": 1.9461987861963301, "samples_all_within_1pct": 0.0, "kernel_rows_within_5pct": 0.053801213803669895, "kernel_median": 0.1498311161994934}
{"epoch": 439, "value_loss": 921.0014218700176, "kernel_loss": 1261.2640178446868, "seconds": 21.507133722305298, "score": 1.9402849445780979, "samples_all_within_1pct": 0.0, "kernel_rows_within_5pct": 0.05971505542190214, "kernel_median": 0.1535613089799881}
{"epoch": 440, "value_loss": 1389.7708052031849, "kernel_loss": 1144.0337785993304, "seconds": 21.153718948364258, "score": 1.9518513544756582, "samples_all_within_1pct": 0.0, "kernel_rows_within_5pct": 0.048148645524341754, "kernel_median": 0.15625976026058197}
{"epoch": 441, "value_loss": 1005.7994982661033, "kernel_loss": 1168.7135258888711, "seconds": 21.70453143119812, "score": 1.9574070156172954, "samples_all_within_1pct": 0.0, "kernel_rows_within_5pct": 0.04259298438270467, "kernel_median": 0.1558133065700531}
{"epoch": 442, "value_loss": 937.4653248689613, "kernel_loss": 1405.5243421282087, "seconds": 21.93194055557251, "score": 1.9491494813692896, "samples_all_within_1pct": 0.0001, "kernel_rows_within_5pct": 0.0507505186307105, "kernel_median": 0.1432931125164032}
{"epoch": 443, "value_loss": 1067.0681775151468, "kernel_loss": 1080.2331119459502, "seconds": 19.93213677406311, "score": 1.954136817423402, "samples_all_within_1pct": 0.0, "kernel_rows_within_5pct": 0.04586318257659789, "kernel_median": 0.1431283950805664}
{"epoch": 444, "value_loss": 802.7866469402702, "kernel_loss": 1012.1664497219787, "seconds": 21.846237897872925, "score": 1.9646591782232954, "samples_all_within_1pct": 0.0, "kernel_rows_within_5pct": 0.03534082177670465, "kernel_median": 0.18267466127872467}
{"epoch": 445, "value_loss": 929.1723520707111, "kernel_loss": 1226.2787945805765, "seconds": 21.28061318397522, "score": 1.9444945572231427, "samples_all_within_1pct": 0.0, "kernel_rows_within_5pct": 0.055505442776857324, "kernel_median": 0.13232046365737915}
{"epoch": 446, "value_loss": 663.6253592043507, "kernel_loss": 958.5234269122689, "seconds": 21.489410638809204, "score": 1.9486227177481454, "samples_all_within_1pct": 0.0, "kernel_rows_within_5pct": 0.05137728225185455, "kernel_median": 0.13375753164291382}
{"epoch": 447, "value_loss": 681.5111792428153, "kernel_loss": 1146.8400959871253, "seconds": 21.133750915527344, "score": 1.9605700729455948, "samples_all_within_1pct": 0.0, "kernel_rows_within_5pct": 0.03942992705440521, "kernel_median": 0.1576942354440689}
{"epoch": 448, "value_loss": 1267.6030544358857, "kernel_loss": 1231.7108035963408, "seconds": 22.01102614402771, "score": 1.9497150115630681, "samples_all_within_1pct": 0.0, "kernel_rows_within_5pct": 0.05028498843693173, "kernel_median": 0.13054333627223969}
{"epoch": 449, "value_loss": 829.3168960882693, "kernel_loss": 1069.717720810248, "seconds": 21.550714254379272, "score": 1.9491085065461398, "samples_all_within_1pct": 0.0, "kernel_rows_within_5pct": 0.050891493453860195, "kernel_median": 0.13714951276779175}
{"epoch": 450, "value_loss": 831.2364522194375, "kernel_loss": 1017.6019094038983, "seconds": 21.73365354537964, "score": 1.9369042638931733, "samples_all_within_1pct": 0.0, "kernel_rows_within_5pct": 0.06309573610682676, "kernel_median": 0.12067805975675583}
{"epoch": 451, "value_loss": 810.4396809169224, "kernel_loss": 960.9244079589844, "seconds": 21.18415093421936, "score": 1.9453930367626833, "samples_all_within_1pct": 0.0, "kernel_rows_within_5pct": 0.0546069632373166, "kernel_median": 0.13702546060085297}
{"epoch": 452, "value_loss": 626.690498040647, "kernel_loss": 931.2643068274673, "seconds": 21.837952375411987, "score": 1.9589262020818743, "samples_all_within_1pct": 0.0, "kernel_rows_within_5pct": 0.041073797918125585, "kernel_median": 0.13913412392139435}
{"epoch": 453, "value_loss": 900.5222023165956, "kernel_loss": 990.9147469656808, "seconds": 21.282167434692383, "score": 1.9466377922381977, "samples_all_within_1pct": 0.0, "kernel_rows_within_5pct": 0.053362207761802255, "kernel_median": 0.12448989599943161}
{"epoch": 454, "value_loss": 754.6042119240274, "kernel_loss": 954.821860799984, "seconds": 20.874458074569702, "score": 1.9437923981780623, "samples_all_within_1pct": 0.0, "kernel_rows_within_5pct": 0.05620760182193773, "kernel_median": 0.1278291940689087}
{"epoch": 455, "value_loss": 591.7322643046476, "kernel_loss": 926.7532790826291, "seconds": 21.277989387512207, "score": 1.9354529941068348, "samples_all_within_1pct": 0.0001, "kernel_rows_within_5pct": 0.06444700589316531, "kernel_median": 0.11763449758291245}
{"epoch": 456, "value_loss": 586.5745695464465, "kernel_loss": 999.415305312799, "seconds": 19.970234870910645, "score": 1.9381183181849795, "samples_all_within_1pct": 0.0, "kernel_rows_within_5pct": 0.061881681815020566, "kernel_median": 0.1259487271308899}
{"epoch": 457, "value_loss": 579.5967475735412, "kernel_loss": 843.8145471689652, "seconds": 20.968467473983765, "score": 1.9530493271950458, "samples_all_within_1pct": 0.0, "kernel_rows_within_5pct": 0.04695067280495413, "kernel_median": 0.12820076942443848}
{"epoch": 458, "value_loss": 522.3761761723732, "kernel_loss": 813.0189451879385, "seconds": 21.68178105354309, "score": 1.928113491624738, "samples_all_within_1pct": 0.0, "kernel_rows_within_5pct": 0.07188650837526203, "kernel_median": 0.11456383019685745}
{"epoch": 459, "value_loss": 507.13546955342196, "kernel_loss": 806.3452157779616, "seconds": 20.590662956237793, "score": 1.9191637832964257, "samples_all_within_1pct": 0.0, "kernel_rows_within_5pct": 0.08083621670357423, "kernel_median": 0.10765163600444794}
{"epoch": 460, "value_loss": 427.86733868657325, "kernel_loss": 786.7420878507653, "seconds": 21.57555389404297, "score": 1.9081535451826397, "samples_all_within_1pct": 0.0, "kernel_rows_within_5pct": 0.09184645481736033, "kernel_median": 0.10112689435482025}
{"epoch": 461, "value_loss": 411.07311435621614, "kernel_loss": 789.7852599474849, "seconds": 19.812509059906006, "score": 1.9095476295448979, "samples_all_within_1pct": 0.0, "kernel_rows_within_5pct": 0.09045237045510224, "kernel_median": 0.10269657522439957}
{"epoch": 462, "value_loss": 448.8603607489138, "kernel_loss": 790.0849055076133, "seconds": 19.307416200637817, "score": 1.916626654182911, "samples_all_within_1pct": 0.0, "kernel_rows_within_5pct": 0.08337334581708904, "kernel_median": 0.10649425536394119}
{"epoch": 463, "value_loss": 430.08495797916333, "kernel_loss": 828.8356117715641, "seconds": 20.92871332168579, "score": 1.9082377123733498, "samples_all_within_1pct": 0.0, "kernel_rows_within_5pct": 0.09176228762665022, "kernel_median": 0.10178496688604355}
{"epoch": 464, "value_loss": 497.06598928023357, "kernel_loss": 859.5114011180644, "seconds": 21.89989948272705, "score": 1.909090453414713, "samples_all_within_1pct": 0.0, "kernel_rows_within_5pct": 0.09090954658528695, "kernel_median": 0.10454351454973221}
{"epoch": 465, "value_loss": 408.68861653853435, "kernel_loss": 903.1601926842515, "seconds": 21.95927095413208, "score": 1.916488812133609, "samples_all_within_1pct": 0.0, "kernel_rows_within_5pct": 0.08351118786639096, "kernel_median": 0.10696765035390854}
{"epoch": 466, "value_loss": 508.5641065325056, "kernel_loss": 975.990498134068, "seconds": 19.167309761047363, "score": 1.9063240052555415, "samples_all_within_1pct": 0.0, "kernel_rows_within_5pct": 0.09367599474445859, "kernel_median": 0.10327039659023285}
{"epoch": 467, "value_loss": 425.26579845194914, "kernel_loss": 991.3249676762795, "seconds": 19.820645809173584, "score": 1.9105751793669667, "samples_all_within_1pct": 0.0, "kernel_rows_within_5pct": 0.08942482063303335, "kernel_median": 0.10299791395664215}
{"epoch": 468, "value_loss": 431.182049653968, "kernel_loss": 1034.5216531558913, "seconds": 22.1982843875885, "score": 1.9146087301217667, "samples_all_within_1pct": 0.0, "kernel_rows_within_5pct": 0.08539126987823326, "kernel_median": 0.10503628849983215}
{"epoch": 469, "value_loss": 556.8413999907824, "kernel_loss": 1189.0259850949658, "seconds": 19.508912324905396, "score": 1.9139218172427455, "samples_all_within_1pct": 0.0, "kernel_rows_within_5pct": 0.08607818275725451, "kernel_median": 0.10605192184448242}
{"epoch": 470, "value_loss": 593.3754231978436, "kernel_loss": 1115.4981764190052, "seconds": 21.8072726726532, "score": 1.907186144618448, "samples_all_within_1pct": 0.0, "kernel_rows_within_5pct": 0.09281385538155201, "kernel_median": 0.10327393561601639}
{"epoch": 471, "value_loss": 504.2376260562819, "kernel_loss": 1002.6750232930086, "seconds": 19.92506504058838, "score": 1.8969423918394166, "samples_all_within_1pct": 0.0, "kernel_rows_within_5pct": 0.10305760816058349, "kernel_median": 0.09895727038383484}
{"epoch": 472, "value_loss": 419.2849228528081, "kernel_loss": 996.2575801927217, "seconds": 21.76655673980713, "score": 1.9022014837234646, "samples_all_within_1pct": 0.0, "kernel_rows_within_5pct": 0.09779851627653538, "kernel_median": 0.10259325802326202}
{"epoch": 473, "value_loss": 422.81773111771565, "kernel_loss": 942.0313683334662, "seconds": 21.882285833358765, "score": 1.8951890827426139, "samples_all_within_1pct": 0.0, "kernel_rows_within_5pct": 0.10481091725738599, "kernel_median": 0.09980089962482452}
{"epoch": 474, "value_loss": 531.1913718398737, "kernel_loss": 968.6364951620296, "seconds": 21.66694188117981, "score": 1.8910011906629136, "samples_all_within_1pct": 0.0, "kernel_rows_within_5pct": 0.10899880933708626, "kernel_median": 0.09998029470443726}
{"epoch": 475, "value_loss": 400.0839636666434, "kernel_loss": 913.7649361746652, "seconds": 19.24859118461609, "score": 1.9082026253062547, "samples_all_within_1pct": 0.0, "kernel_rows_within_5pct": 0.09179737469374526, "kernel_median": 0.10509375482797623}
{"epoch": 476, "value_loss": 430.99664213219467, "kernel_loss": 854.6665120027503, "seconds": 21.041318655014038, "score": 1.887419803600142, "samples_all_within_1pct": 0.0, "kernel_rows_within_5pct": 0.11258019639985807, "kernel_median": 0.09722908586263657}
{"epoch": 477, "value_loss": 356.19558451127034, "kernel_loss": 869.3008460220026, "seconds": 21.331413507461548, "score": 1.8805268657286862, "samples_all_within_1pct": 0.0, "kernel_rows_within_5pct": 0.11947313427131367, "kernel_median": 0.09562463313341141}
{"epoch": 478, "value_loss": 388.73846373266105, "kernel_loss": 874.4792916434152, "seconds": 21.4148211479187, "score": 1.8948012453402598, "samples_all_within_1pct": 0.0, "kernel_rows_within_5pct": 0.10519875465974003, "kernel_median": 0.10034817457199097}
{"epoch": 479, "value_loss": 346.4235318242287, "kernel_loss": 850.7306823730469, "seconds": 21.66846776008606, "score": 1.8808169605869898, "samples_all_within_1pct": 0.0, "kernel_rows_within_5pct": 0.11918303941301008, "kernel_median": 0.09655670076608658}
{"epoch": 480, "value_loss": 354.3770951251594, "kernel_loss": 856.851934316207, "seconds": 21.02765917778015, "score": 1.8746698317428936, "samples_all_within_1pct": 0.0, "kernel_rows_within_5pct": 0.12533016825710633, "kernel_median": 0.094499371945858}
{"epoch": 481, "value_loss": 343.4827581911671, "kernel_loss": 843.4378780442842, "seconds": 21.524306774139404, "score": 1.8766338720938562, "samples_all_within_1pct": 0.0, "kernel_rows_within_5pct": 0.12336612790614376, "kernel_median": 0.09465332329273224}
{"epoch": 482, "value_loss": 319.02435185957927, "kernel_loss": 827.3262983049665, "seconds": 21.25587558746338, "score": 1.8861823579302723, "samples_all_within_1pct": 0.0, "kernel_rows_within_5pct": 0.11381764206972761, "kernel_median": 0.09820107370615005}
{"epoch": 483, "value_loss": 317.1336687049087, "kernel_loss": 823.065033893196, "seconds": 22.58989977836609, "score": 1.8886054540757282, "samples_all_within_1pct": 0.0, "kernel_rows_within_5pct": 0.11139454592427167, "kernel_median": 0.09843243658542633}
{"epoch": 484, "value_loss": 302.6222164387606, "kernel_loss": 810.0058780592315, "seconds": 21.4435818195343, "score": 1.8759400671123698, "samples_all_within_1pct": 0.0, "kernel_rows_within_5pct": 0.12405993288763012, "kernel_median": 0.09442819654941559}
{"epoch": 485, "value_loss": 296.12073376713965, "kernel_loss": 805.8374151113082, "seconds": 21.566672325134277, "score": 1.8878673725571935, "samples_all_within_1pct": 0.0, "kernel_rows_within_5pct": 0.11213262744280651, "kernel_median": 0.0979703962802887}
{"epoch": 486, "value_loss": 298.82781857860334, "kernel_loss": 799.7628466547752, "seconds": 21.183502197265625, "score": 1.8763197593027199, "samples_all_within_1pct": 0.0, "kernel_rows_within_5pct": 0.12368024069728027, "kernel_median": 0.0943172499537468}
{"epoch": 487, "value_loss": 281.06038992745533, "kernel_loss": 779.4761698197345, "seconds": 21.62538456916809, "score": 1.8753767943745405, "samples_all_within_1pct": 0.0, "kernel_rows_within_5pct": 0.12462320562545934, "kernel_median": 0.09424324333667755}
{"epoch": 488, "value_loss": 278.63605841811824, "kernel_loss": 779.1851924974092, "seconds": 21.25833511352539, "score": 1.8698540027555879, "samples_all_within_1pct": 0.0002, "kernel_rows_within_5pct": 0.12994599724441214, "kernel_median": 0.0931214839220047}
{"epoch": 489, "value_loss": 270.4685370776118, "kernel_loss": 788.8861280168805, "seconds": 21.382659673690796, "score": 1.8678255562918733, "samples_all_within_1pct": 0.0, "kernel_rows_within_5pct": 0.13217444370812656, "kernel_median": 0.0928250327706337}
{"epoch": 490, "value_loss": 275.44071197509766, "kernel_loss": 776.3231615339007, "seconds": 21.72699809074402, "score": 1.875135988491442, "samples_all_within_1pct": 0.0, "kernel_rows_within_5pct": 0.12486401150855801, "kernel_median": 0.09492065757513046}
{"epoch": 491, "value_loss": 268.0816737583705, "kernel_loss": 770.5196365045041, "seconds": 21.693005084991455, "score": 1.8662290947390492, "samples_all_within_1pct": 0.0, "kernel_rows_within_5pct": 0.13377090526095067, "kernel_median": 0.09266597777605057}
{"epoch": 492, "value_loss": 268.44491608288826, "kernel_loss": 772.9584842604033, "seconds": 21.182676076889038, "score": 1.8651013360653907, "samples_all_within_1pct": 0.0001, "kernel_rows_within_5pct": 0.1347986639346094, "kernel_median": 0.09245415031909943}
{"epoch": 493, "value_loss": 263.67066893285636, "kernel_loss": 780.2043304443359, "seconds": 22.347232341766357, "score": 1.8654960655702097, "samples_all_within_1pct": 0.0001, "kernel_rows_within_5pct": 0.13440393442979026, "kernel_median": 0.0920516699552536}
{"epoch": 494, "value_loss": 263.66932896205356, "kernel_loss": 790.3274424027423, "seconds": 21.57708740234375, "score": 1.865263782690756, "samples_all_within_1pct": 0.0, "kernel_rows_within_5pct": 0.13473621730924384, "kernel_median": 0.09261851757764816}
{"epoch": 495, "value_loss": 260.21955404476245, "kernel_loss": 776.4184573426538, "seconds": 22.158008813858032, "score": 1.8629071412624119, "samples_all_within_1pct": 0.0001, "kernel_rows_within_5pct": 0.1369928587375882, "kernel_median": 0.09193681180477142}
{"epoch": 496, "value_loss": 259.6608019459004, "kernel_loss": 770.516751036352, "seconds": 20.905466079711914, "score": 1.8624467924468404, "samples_all_within_1pct": 0.0, "kernel_rows_within_5pct": 0.13755320755315953, "kernel_median": 0.09172730147838593}
{"epoch": 497, "value_loss": 258.80397391805843, "kernel_loss": 768.2346907635124, "seconds": 22.112257719039917, "score": 1.86247398306506, "samples_all_within_1pct": 0.0001, "kernel_rows_within_5pct": 0.13742601693494003, "kernel_median": 0.09187061339616776}
{"epoch": 498, "value_loss": 256.88943520370793, "kernel_loss": 774.5602597606426, "seconds": 21.765451192855835, "score": 1.8650010473907233, "samples_all_within_1pct": 0.0, "kernel_rows_within_5pct": 0.13499895260927688, "kernel_median": 0.0927041694521904}
{"epoch": 499, "value_loss": 256.06661325571486, "kernel_loss": 767.6501056904696, "seconds": 20.73237371444702, "score": 1.8607782770955177, "samples_all_within_1pct": 0.0, "kernel_rows_within_5pct": 0.13922172290448234, "kernel_median": 0.09155218303203583}
runs/kernel-wide-pf/best.pt
[2026-10-09 02:16:18] stage 3: evaluation and figures -> results/forward-kernel-wide-pf
{"base": {"samples_all_within_1pct": 0.96674, "points_within_1pct": 0.9997545531825734, "max_relative_error": 0.06437602639198303, "kernel_rows_within_5pct": 0.9212895259744356, "kernel_median": 0.00740455836057663}}
{"finetuned": {"samples_all_within_1pct": 0.99066, "points_within_1pct": 0.9999453216671186, "max_relative_error": 0.06483422964811325, "kernel_rows_within_5pct": 0.9654648840635465, "kernel_median": 0.005079369992017746}}
/home/smbu/swave/scripts/evaluate_forward_kernels.py:255: UserWarning: Creating legend with loc="best" can be slow with large amounts of data.
  figure.tight_layout()
/home/smbu/swave/scripts/evaluate_forward_kernels.py:256: UserWarning: Creating legend with loc="best" can be slow with large amounts of data.
  figure.savefig(output)
[2026-10-09 02:18:24] stage 4: acceptance check
model       curves<=1%  points<=1%  max rel  kernel<=5%  kernel med
base          96.6740%    99.9755%   6.438%    92.1290%      0.740%
finetuned     99.0660%    99.9945%   6.483%    96.5465%      0.508%
ACCEPTANCE: NOT YET (see runbook: tuning)
[2026-10-09 02:18:24] done. Report back: runs/kernel-wide-pf.log and results/forward-kernel-wide-pf/summary.json
